"","MAL13P1.124","MAL13P1.137","MAL13P1.256","MAL7P1.75","MAL8P1.123","MAL8P1.132","PF07_0074","PF10_0085","PF10_0152","PF10_0374","PF11_0090","PF11_0162","PF11_0260","PF11_0435","PF11_0438","PF13_0032","PF13_0095","PF13_0137","PF13_0219","PF14_0071","PF14_0112","PF14_0238","PF14_0360","PF14_0499","PF14_0562","PF14_0593","PF14_0713","PF14_0719","PFB0590w","PFB0920w","PFC0090w","PFC0400w","PFD0470c","PFD0545w","PFE0205w","PFE0430w","PFE0450w","PFE0585c","PFE1280w","PFE1390w","PFF0200c","PFF0875w","PFF0965c","PFF1150w","PFF1155w","PFF1280w","PFI1185c","PFI1425w","PFL0580w","PFL0685w","D_class","Class","Compound"
"HDATP1"," 0.433662985"," 0.316768853"," 1.019706582","-0.054218921","-0.5819713652"," 0.7996905538","-0.389071015","-0.273064257","-0.511115266"," 0.360651106"," 0.254037630","-0.516830830","-0.0253834277","-0.308104350","-0.2650546899"," 0.201150734","-0.80491905"," 1.5164228459"," 0.509321778","-0.2101276035"," 4.570213e-02"," 0.139804803"," 0.789741460","-0.368592920","-0.37932014","-0.3077459455"," 0.620033954","-0.3580350006","-0.894046629"," 0.870640108"," 0.746242952"," 0.325972146","-0.253557920"," 2.112803497"," 0.453632375","-0.222908349","-0.593935729","-0.3038339418","-1.365175371"," 0.4444442211"," 0.39835576"," 0.3563599044","-0.478279948"," 0.421092401","-0.575146784","-0.635553305","-1.325399525","-0.208201919","-0.611344225","-1.086363805",1,1,"HDA"
"HDATP1.1"," 0.280499154"," 0.141389427","-0.069963021","-0.131819785"," 0.1322113626","-0.0429221713","-0.111138149","-0.127049693"," 0.116000722","-0.192086718"," 0.187614253","-0.523295718","-0.1149349879"," 0.329926137"," 0.8522357912"," 0.466493970","-0.10213417","-0.1667493669"," 0.325873840","-0.2766123472"," 4.050540e-01","-0.683072225"," 0.479811389"," 0.207672998","-0.69809266","-0.0812724550"," 0.397851621","-0.3573293118","-0.124773651"," 0.249238590"," 0.451847455","-0.238625189","-0.030586764"," 0.282701817"," 0.273595270","-0.014381658","-0.298466210","-0.0445760667","-0.564258305"," 0.1748496199","-0.05209524"," 0.4983639547","-0.148950566","-0.415638803","-0.755813635","-1.008338781","-0.071213571"," 0.264110179"," 0.040175970","-1.076405858",1,1,"HDA"
"HDATP2"," 0.048089475"," 0.273474890"," 0.592578150"," 0.197998040","-0.3622439200"," 0.7568478294","-0.626236412","-0.035496543","-0.813540473"," 0.336350326"," 0.344270716","-0.325536560","-0.2008701571","-0.491562924"," 0.4303856780"," 0.166184429","-0.08537403"," 1.1267684990"," 0.762477237","-0.0320706501"," 2.585260e-01","-0.286464150"," 0.917575474","-0.093617917"," 0.12098367","-0.2071628043"," 0.474317856","-0.2093895864","-0.647870981"," 1.055087763"," 0.321200863"," 0.085675271","-0.267457132"," 1.436313104"," 0.227204987","-0.053630205","-0.443509705"," 0.1671929089","-1.125006747"," 0.1410786752"," 0.34289732"," 0.3361640448","-0.702122986"," 0.100165532"," 0.288520236","-0.333904415","-1.339412904","-0.312134671","-0.345528719","-0.961639700",1,1,"HDA"
"HDATP2.2"," 0.140786520"," 0.107947623","-0.020118522","-0.273809503"," 0.2643404850","-0.1836287404"," 0.183895550","-0.279269561"," 0.292098965","-0.583802270"," 0.188847148","-0.549825769","-0.0941353215"," 0.326038814"," 0.3232137010"," 0.408103549"," 0.01037766"," 0.0243161945"," 0.090720209","-0.3962903509"," 2.681862e-01","-0.360382903"," 0.212235510"," 0.189588333","-0.73105262"," 0.0087855788"," 0.142750514","-0.4581490965"," 0.049433993"," 0.162085881"," 0.295832531","-0.407308948"," 0.145920192"," 0.117391507"," 0.314534150"," 0.063478788","-0.003735549","-0.1254567003","-0.564096538"," 0.1487170903","-0.03864190"," 0.3986275880","-0.108909882","-0.308264460","-0.528548686","-0.533089422"," 0.281700637"," 0.316519203"," 0.097326640","-0.427052387",1,1,"HDA"
"HDATP3"," 0.138395010","-0.145917703"," 0.095917905","-0.129954689"," 0.2659353788"," 0.3336357655","-0.060321485","-0.396716743"," 0.243528563"," 0.299636637"," 0.225334211","-0.370204638","-0.5905272703"," 0.066694768"," 0.1500380808"," 0.091114282"," 0.39657541"," 0.3962719695"," 0.162140764","-0.1362982653","-2.393189e-02","-0.217022395"," 0.590943393","-0.138021314","-0.21002078"," 0.1612558049"," 0.031763690","-0.5005300206","-0.214155438","-0.206905018"," 0.404895309","-0.549613356"," 0.082196575"," 0.450953608"," 0.353053348","-0.352555848","-0.224811295","-0.0154585215","-0.441467308","-0.1240985853","-0.42379332"," 0.3114165011","-0.273132967","-0.167358371","-0.342015414","-0.015863803","-0.001186093"," 0.149963587"," 0.133635142","-0.410395946",1,1,"HDA"
"HDATP3.3","-0.054201196","-0.092838517","-0.435631756","-0.349566925"," 0.2893913076","-0.2216848820"," 0.156994231","-0.261463853"," 0.333553790"," 0.235180556","-0.015290308","-0.414262924","-0.2212965711"," 0.240540678"," 0.4357025628"," 0.222055543"," 0.05478049"," 0.1323577017"," 0.240992923","-0.2160239878"," 3.460524e-02","-0.225830187"," 0.328289270"," 0.185642985","-0.53654955"," 0.0304369571"," 0.244406860","-0.5011821084","-0.232029962","-0.120033313"," 0.565712033","-0.498981075"," 0.245310110"," 0.093973096"," 0.316043973","-0.275298057","-0.404357832"," 0.1363015972","-0.504903578"," 0.0877587268","-0.22959708"," 0.1975745634"," 0.077842944","-0.177457330","-0.197051872","-0.855607358"," 0.042038557"," 0.542456260"," 0.091309016","-0.699591230",1,1,"HDA"
"ACTTP1"," 0.202264094","-0.038147474"," 0.268145482","-0.820423906"," 0.0945006004","-0.5228678472","-0.091782120","-0.184103760","-0.177449545"," 0.193954445"," 0.184804187","-0.235787031"," 0.2869779368"," 0.240826377","-0.9367188175","-0.763157584"," 0.24425936","-0.5995011482"," 0.327610209"," 0.4751231229","-7.380054e-05"," 0.218046497"," 0.189556861"," 0.087421418","-0.32933728","-0.4054104938"," 0.164831810"," 0.0762081898","-0.037002962"," 0.037003421","-0.308834917","-0.174481381"," 0.125725619"," 0.237069223"," 0.098384308","-0.008737414","-0.083220159","-0.0519485032"," 0.387670853","-0.0383707790","-0.23038200","-0.2977171072"," 0.229857353"," 0.803219664","-0.052090970"," 0.086195238"," 0.096934763"," 0.068353654","-0.064025358"," 0.223431949",2,2,"ACTd"
"ACTTP2","-0.516225196"," 0.449399563"," 0.311429237"," 0.408114538"," 0.2837536316","-0.0462571689"," 0.408005432","-0.066589012"," 0.499363458"," 0.196059729"," 0.331770895"," 0.432540499"," 0.5406945381"," 0.137528182"," 0.0219687801","-0.081602112","-0.10529164"," 0.2948070935","-0.080928775"," 0.6385050838"," 3.799954e-01","-0.043037473","-0.310712634","-0.136357538"," 0.24891658","-0.3738045995","-0.274203555"," 0.0819345616","-0.011216982"," 0.040347006","-0.535363640"," 0.822321581"," 0.624834718"," 0.696223376"," 0.513510519"," 0.513967092"," 0.086051965","-0.5927841970","-0.263355253"," 0.8000469601"," 0.19230830","-0.1599634264","-0.139954989"," 0.127128356","-0.335928791","-0.132768927"," 0.305349197","-0.232705155","-0.170197943","-0.462015464",2,2,"ACTd"
"ACTTP3","-0.427260943"," 0.389143838","-0.116610678","-0.220853391","-0.0542892982","-0.0644511628"," 0.107888686"," 0.079842310","-0.074657958"," 0.044743722"," 0.410518337","-0.103406810","-0.4169283821"," 0.815280224","-1.2322084955"," 0.484218778"," 0.08971356","-0.0548092492"," 0.519285891","-0.2516767123"," 2.849938e-01","-0.001583855","-0.078109948"," 0.901941267","-0.69200239","-0.5771330069","-0.070902547"," 0.1135519431","-0.628570736","-0.226985499"," 0.122444665","-0.286903536","-0.137897916"," 1.320428263"," 0.244669408"," 0.243268039"," 0.264957997","-0.2695612433","-0.517773150"," 0.0393737712","-0.32470472","-0.1839630876","-0.028275360"," 0.045918073","-0.169345975","-0.263698745"," 0.676013314","-0.025116190","-0.274986334","-0.900634434",2,2,"ACTd"
"ACTTP4"," 0.061328012"," 0.128876445","-0.408956676","-0.204925245","-0.0308813722","-0.3065212778","-0.450211569"," 0.385496495","-0.321561542"," 0.023136419"," 0.173927058","-0.195246744"," 0.2242594186"," 0.502594695"," 0.1903089051"," 0.231544036","-0.11671821"," 0.2389681096"," 0.382644153"," 0.2082600495","-1.554440e-01"," 0.046531070","-0.372843031"," 0.327032008"," 0.62162355"," 0.0645917702","-0.396171107"," 0.1708798346","-0.400045183"," 1.649281812","-0.831785229"," 0.583532321","-0.235841689"," 1.295289075"," 0.914551580"," 0.382978540"," 0.653691754","-0.4342814270","-0.714992465"," 0.1564631947"," 0.50405548","-0.9761859059","-0.226318937"," 0.068443434","-0.349458012","-0.325758400"," 1.477595891","-0.929817595","-0.394823362","-0.867352265",2,2,"ACTd"
"ACTTP5","-0.027316587"," 0.114292517","-1.087297480","-0.755973024"," 0.4179221687","-0.1182237659","-0.329116191","-0.180454049"," 0.282937216","-0.230980675"," 0.706940463","-0.222687062","-0.1171552495"," 0.700895802","-0.7095597847"," 0.374782289","-0.11218169"," 0.3960880218"," 0.749434146","-0.0979932438"," 1.405340e-01","-0.078239365","-0.496010032"," 0.602983756"," 0.45757797"," 0.1124342728","-0.271164784","-0.1067360897","-0.593653095","-0.113886181","-0.483878528","-0.229487896"," 0.389050712"," 1.156985979"," 0.335342289"," 0.507265175"," 0.523071746","-0.7661924788","-1.004229432"," 0.0863522231"," 0.27602046","-0.7183068260","-0.338780739"," 0.213815151","-0.389429912","-0.153506930"," 1.497392000","-0.113621013"," 0.199079675","-0.659746787",2,2,"ACTd"
"ML_7_H1"," 0.409124218"," 0.205364855"," 0.171294066","-0.283183109"," 0.4181116927","-0.1830838845","-0.011927297","-1.211730566"," 0.109403873"," 0.429883626","-0.473622115"," 0.216839594","-0.6594917718"," 0.464243833"," 0.2844252712","-0.380534941"," 0.32858807"," 0.0197223510","-0.651797419"," 0.0220144752","-4.451680e-01","-0.117300163"," 0.529313875"," 0.192351424"," 0.48358341"," 0.5090079699"," 0.182821488"," 0.3358842993","-0.436843996","-0.852103192","-0.144204774","-1.170097348"," 1.051945582"," 0.498882345"," 0.528717744","-0.789166281","-0.328237371"," 0.0630277666","-0.788327959","-0.5488825432","-0.11943690","-0.5270685025"," 0.036587662"," 0.268154668"," 0.428605768","-0.002444691","-0.020807183"," 0.006273720"," 0.543334485","-0.602821991",3,3,"ML_7"
"ML_7_H2"," 0.289426667"," 0.225836892"," 0.290600025","-0.129984659"," 0.5133514364","-0.0996289155"," 0.118442476","-0.720295320"," 0.646579792","-0.771564077","-0.604932611"," 0.155531423","-0.7273651437"," 0.700419903"," 0.4420801876","-0.195098816"," 0.23222129"," 0.0435640376","-0.360244118"," 0.0290571433","-7.605009e-01","-0.442216012"," 0.267217676"," 0.245416413"," 0.57699104"," 0.5832715422"," 0.493172238"," 0.2489086969","-0.497215787","-0.857354611","-0.338604673","-1.202790976"," 1.357396584"," 0.476630155"," 0.987531976","-0.441921460","-0.331284288","-0.0318315137","-0.981579835","-0.6066606283","-0.07693573","-0.2915469404"," 0.013916170"," 0.266985138"," 0.509092131","-0.452815216"," 0.049020037","-0.066152719"," 0.478752651","-0.532006601",3,3,"ML_7"
"ML_7_H4"," 0.318901060"," 0.018675555"," 0.203658365","-0.601936462"," 0.2683786907","-0.1603121260","-0.093388293","-0.519368115"," 0.321650066","-0.073458398","-0.405193966"," 0.211657490","-0.8934721568"," 0.744104562"," 0.4528587324","-0.441591622"," 0.26670151"," 0.0920811706","-0.342030066"," 0.1429218295","-5.905855e-01","-0.179439741"," 0.298406005"," 0.186933996"," 0.77948929"," 0.3587773880"," 0.133268916"," 0.1791204450","-0.496492136","-0.864147999","-0.372847272","-1.235541646"," 0.996883997"," 0.137477674"," 0.552237804","-0.387677248","-0.303406842"," 0.0916149170","-0.712542990","-0.5577325993","-0.11370141","-0.5193108223"," 0.002945456"," 0.368240967"," 0.433280899","-0.325850227","-0.145169835","-0.240445799"," 0.283255920","-0.341509157",3,3,"ML_7"
"ML_7_H6"," 0.286227967"," 0.011787464"," 0.273506260"," 0.041894735"," 0.2304152598","-0.6196054155","-0.580935533","-0.580113902"," 0.114353114","-1.764416657","-0.394548099"," 0.152569113","-0.4512291488"," 0.717952340"," 0.6359476709","-0.279930869"," 0.42339367","-0.3055342199","-0.451319525"," 0.0497333649","-4.800860e-01","-0.272246140"," 0.431000704"," 0.037474886"," 0.49947747"," 0.2978964138","-0.182076438","-0.2041825171","-0.531478352","-1.351453812","-0.319259023","-0.710279012"," 0.868033005"," 0.345155038"," 0.488692408","-0.316791699","-0.242099801"," 0.3065607042","-0.060022757","-0.9221943670","-0.11021971","-0.2440992810"," 0.104381456"," 0.278779186"," 0.222256270","-0.339529391","-0.881648505"," 0.689013262"," 0.354230052","-0.364345539",3,3,"ML_7"
"ML_7_H8"," 0.622939985"," 0.212151991"," 0.184849747","-0.334271435"," 0.7739460120"," 0.2511630297"," 0.165536393","-0.882282494"," 0.130447711"," 0.130867043","-0.197310550"," 0.150747516","-0.9057537583"," 0.325631903"," 0.9280969732","-0.036647826"," 0.45864650","-0.2018917294","-1.062262709","-0.2909634298","-3.493134e-01"," 0.183755009"," 0.277691894"," 0.461504280"," 1.20039197"," 0.7294473121"," 0.436365522"," 0.3002878634","-0.896274533","-0.848971006","-0.692163884","-1.291195056"," 1.173670548"," 0.297203759"," 0.712597400","-0.363785258"," 0.012336529","-0.2246010459","-0.654274469","-0.5785350741","-0.59523632","-0.3729004376"," 0.132604737"," 0.181241890"," 0.665611714","-0.616983869","-0.158970388","-0.141837410"," 0.395662710"," 0.173022593",3,3,"ML_7"
"ML_7_H10"," 0.031672403"," 0.047572144"," 0.259880232","-1.095684195","-0.1505873423","-0.1412058711","-0.328343084","-0.203755235"," 0.334828934"," 0.113031397","-0.319122427"," 0.048759277","-0.1253045338"," 0.050599313","-0.3086911979"," 0.045756509"," 0.37150330"," 0.2856709126"," 0.584015666","-0.2352898889","-1.912675e-01","-0.375033517","-0.110635719"," 0.108621899"," 0.54145815"," 0.1772376697","-0.013715842"," 0.1859876139"," 0.024670974"," 0.079236512","-0.239386693","-0.331160969"," 0.123998360"," 0.023019484","-0.317355416","-0.442357266","-0.174509032"," 0.2296326374","-0.547102285"," 0.2382384539"," 0.08441433","-0.4013984341","-0.240007799"," 0.664940035"," 0.188936541","-0.536041274"," 0.177537551","-0.441274937"," 0.330279442","-0.491029464",3,3,"ML_7"
"ML_7_H12","-0.028342590","-0.033055967"," 0.024329850","-0.664382691","-0.0191056815","-0.3065727973","-0.196534826","-0.528208272","-0.036678874","-0.211389295","-0.606721240","-0.076409470","-0.0105086399"," 0.379436571"," 0.5028240962","-0.104775552"," 0.45639820"," 0.3619641119"," 0.036435451","-0.1995876659"," 1.234333e-01","-0.355613456","-0.358349872"," 0.174951233"," 0.07889643"," 0.0317914625","-0.480901590"," 0.0186092989","-0.052879115"," 0.014704928"," 0.044308914","-0.069227063","-0.081238093"," 0.347622336","-0.520622750","-0.616879131"," 0.067595522"," 0.2591997429","-0.448145872"," 0.3421999305","-0.04290429","-0.3772800676","-0.418539798"," 0.775359811"," 0.039267716","-0.525374507"," 0.242351952","-0.277499800"," 0.335266933","-0.459143399",3,3,"ML_7"
"W7_H1","-0.140843916","-0.207598638","-0.306903970","-0.321159320"," 0.3642359823"," 0.0829415862"," 0.271906673","-0.757747938"," 0.028884412","-0.256344861","-0.228758339"," 0.221904038","-0.2028182501","-0.037545005"," 0.8162680249","-0.615600863"," 0.07777226"," 0.0485169303","-0.742088287"," 0.4095480067","-1.283533e-01"," 0.376996885"," 0.102938370","-0.019197590"," 0.72599908"," 0.2715840478"," 0.030031611"," 0.0171024591","-0.206832962","-0.772896776"," 0.103828210","-0.911240055"," 0.064369248"," 0.110721226"," 0.101335181","-0.288785321","-0.373962589","-0.3915677898","-0.514028184","-0.2139118202","-0.29445186","-0.5988300845","-0.006204569"," 0.981640953"," 0.413475560"," 0.277428207","-0.008491105","-0.614699385"," 0.266513959","-0.415621955",4,3,"W_7"
"W7_H2","-0.069354853"," 0.018755729","-0.136188436","-0.276907741"," 0.2494119347","-0.0470598766"," 0.332747932","-0.373211506"," 0.830331728","-0.430419654"," 0.083906187"," 0.039429935","-0.2479415065"," 0.279203807"," 0.1768846118","-0.452209575"," 0.29534199","-0.0009508931","-0.415011950"," 0.3768251942","-1.646073e-01","-0.191013287"," 0.046152130"," 0.130203006"," 0.60322079"," 0.3404046390"," 0.033753002"," 0.0743204115","-0.535184283","-0.928064137","-0.260154793","-0.592913182"," 0.041925184"," 0.511474816"," 0.509683988","-0.307505225","-0.427203887","-0.0109372540","-0.579880111","-0.5611080404","-0.15259025","-0.3281168998"," 0.081421365"," 0.581332226"," 0.424932624"," 0.069193864"," 0.436443440"," 0.195683444"," 0.500656884","-0.761567259",4,3,"W_7"
"W7_H4"," 0.626128179"," 0.356811839"," 0.527233699","-0.292562450"," 0.5077640200","-0.0100240855","-0.077716981","-0.542282841"," 0.285282018"," 0.651522919","-0.576484554"," 0.454964639","-1.5543827036"," 0.930868101"," 0.6649799929","-0.318024728"," 0.52413452"," 0.1093948084","-0.460690752","-0.3049667113","-6.513317e-01","-0.170333358"," 0.715230721"," 0.141807970"," 0.53351735"," 0.7299856759"," 0.116141802"," 0.0718323661","-0.477149415","-1.129833463","-0.365511050","-1.408097371"," 1.757089749"," 0.469006997"," 0.880528359","-0.465039353","-0.025494322"," 0.1881171484","-0.860144089","-0.5268126795"," 0.07580071","-0.6989806146","-0.034601336"," 0.063941046"," 0.772636517","-0.581497729","-0.392778585"," 0.105339412"," 0.536567349","-0.388818867",4,3,"W_7"
"W7_H6"," 0.406088887"," 0.090519569"," 0.329618097"," 0.045461588"," 0.2794924302","-0.7023244418","-0.572936898","-0.489473242","-0.038328635","-1.352267331","-0.378842872"," 0.054485484","-0.6289057697"," 1.010274245"," 0.6156655626","-0.282130517"," 0.67892845","-0.1941836059","-0.655646445","-0.0365299371","-4.168990e-01","-0.083233571"," 0.582204159","-0.075121963"," 0.42371125"," 0.3996933173","-0.366173163","-0.2446828579","-0.633111581","-1.482456116","-0.327253364","-0.774093755"," 1.275041600"," 0.445853305"," 0.619286962","-0.349035253","-0.075711904"," 0.2245299257"," 0.044447831","-1.3557794062","-0.09543778","-0.2557164451"," 0.001115655"," 0.107752384"," 0.264419532","-0.331657167","-0.890965661"," 0.545284918"," 0.362255515","-0.462871878",4,3,"W_7"
"W7_H8"," 0.768881766"," 0.580240745"," 0.497834796","-0.128367014"," 0.7646875827"," 0.0587649991"," 0.063728089","-0.814725510"," 0.378085124"," 0.640287957","-0.824134657"," 0.370578327","-1.7278072132"," 0.497128177"," 1.1272764944","-0.010779895"," 0.86882560","-0.0478788966","-0.927424375","-0.6824345593","-7.784649e-01","-0.055623989"," 0.618541382"," 0.401755594"," 1.30264354"," 0.8755045709"," 1.152410138"," 0.2672453705","-0.739164555","-1.120226781","-0.687618824","-1.671028126"," 1.973724075"," 0.499296511"," 1.399031859","-0.562912150"," 0.067872431","-0.1603974309","-0.703375258","-0.8669825930","-0.15501034","-0.5431188669"," 0.162043656","-0.125613237"," 0.961110144","-0.639988186","-0.360786133"," 0.185446413"," 0.720643913"," 0.099556183",4,3,"W_7"
"W7_H10"," 0.068050143","-0.146976331","-0.160934454","-0.758148177"," 0.3750938660"," 0.4208523033"," 0.580041291","-0.944577885"," 0.487188513"," 0.141733598","-0.364798957","-0.511612236","-0.9229809698"," 0.162470247"," 0.3851344335"," 0.137057638"," 0.04001783"," 0.1312699522"," 0.178964209"," 0.2824104965","-1.369292e-01","-0.195992758"," 0.025439732"," 0.022443500"," 0.61327394"," 0.1544511711","-0.083385703"," 0.1752430207","-0.282289079","-0.944428485","-0.369305800","-1.042046723"," 0.110424416","-0.168746833","-0.143635161","-0.364422979","-0.411608131","-0.5036667398"," 0.013698317","-0.5057807920","-0.12448520","-0.2861795928"," 0.566730926"," 0.265138970"," 0.395872956","-0.113160805","-0.637562640","-0.652405328"," 0.600901893"," 0.234110345",4,3,"W_7"
"W7_H12"," 0.226112742"," 0.310847661"," 0.162202143","-0.033804866"," 0.7205595885"," 0.0867501321"," 0.372018864","-0.899939682"," 0.362881825"," 1.277160916","-0.558812508"," 0.120982976","-0.8929614097"," 0.438123692"," 0.5594673471","-0.099433582"," 0.02111293"," 0.2293722206","-0.409250331","-0.2128845858","-3.364588e-01","-0.157771881"," 0.332386531"," 0.392132439"," 0.56402747"," 0.5046630668","-0.113723835"," 0.2337814305","-0.431159423","-1.101935602","-0.337020270","-1.284844311"," 1.238355113"," 0.473936055"," 0.960080763","-0.496387639"," 0.058639805","-0.2217604617","-0.509766225","-0.4667522154","-0.32104685","-0.4343693802"," 0.400707881","-0.180346920"," 0.548284373","-0.501379156","-0.330718058"," 0.131612931"," 0.837012238","-0.063712113",4,3,"W_7"
"Staurosporine_H1"," 0.151460335"," 0.389469770"," 0.723265972","-0.193231874","-0.4278535299","-1.0847930649"," 0.426362602","-0.032082640","-0.005730501"," 0.020725293"," 0.085988870"," 0.605947479"," 0.0365342693"," 1.013402912"," 0.5850795743","-1.206067988"," 1.15366070","-0.0893759857","-0.184392933","-0.1200778847","-7.874631e-01"," 0.085547390"," 0.048974931"," 0.069979702"," 0.07676512"," 0.2180301372"," 0.007658657","-0.9848395293","-0.732406617","-0.209142034"," 0.020260163"," 0.482262193"," 0.757715046"," 0.436017310"," 0.117370324"," 0.365375641","-0.043726844"," 0.3364182634","-0.112724108","-0.0243415011"," 0.67751398","-0.0471356010","-1.081005648","-0.639373929"," 0.714559872"," 0.157947241"," 1.103982619"," 0.207601080"," 0.457207086","-1.099107988",5,4,"Staurosporine"
"Staurosporine_H2"," 0.132678321"," 0.424432971"," 0.540909358"," 0.349711550","-0.2651529450","-1.0736721412"," 0.370233242"," 0.275862708"," 0.635042707"," 0.017285295"," 0.002173771"," 0.504010456","-0.1373940486"," 1.237952525"," 0.2729347203","-0.566839326"," 1.25066355","-0.2381817797"," 0.059368713","-0.6657257516","-1.081739e+00"," 0.183910751"," 0.026837967"," 0.134592273","-0.42127102"," 0.4211562508"," 0.289219962","-0.8229760676","-0.784022835"," 0.144078722","-0.353749425"," 0.285278172"," 1.021308508","-0.011081481"," 0.489175072"," 0.272991102"," 0.250673951"," 0.3786505496"," 0.021000156","-0.1845435482"," 0.64575449"," 0.1870706989","-1.336130921","-0.654481885"," 0.705507545","-0.002503440"," 1.340025593"," 0.511625484"," 0.485632274","-1.222026348",5,4,"Staurosporine"
"Staurosporine_H4"," 0.070029021"," 0.085399162"," 0.153645605","-0.014190384","-0.0771765185","-0.6320348406","-0.240336131"," 0.460182862"," 0.110866646"," 0.331399243"," 0.383418973"," 0.534219067","-0.4618153994"," 1.136284958","-0.1209858340","-0.854097290"," 0.81664872","-0.2008295760"," 0.190361859","-0.1888429674","-8.277430e-01"," 0.568103756","-0.025575086"," 0.396871427","-0.20923508"," 0.1231651563"," 0.246538131","-0.4674614722","-0.493278346"," 0.244426466","-0.273776312","-0.149159395"," 0.226353240"," 0.032359682"," 0.215036657"," 0.538124241"," 0.270970535"," 0.2956434351","-0.358278416"," 0.0606282179"," 0.39755102","-0.3821245094","-0.967642259","-0.075129010"," 0.227740534","-0.189312340"," 0.953237168"," 0.020726438","-0.133268171","-0.735399870",5,4,"Staurosporine"
"Staurosporine_H6"," 0.004952358","-0.140044842"," 0.242045873"," 0.726477845","-0.1586826124","-1.0616116537","-0.498057607"," 0.383746187","-0.152601189","-1.441187445"," 0.331965054"," 0.151663511"," 0.1208793291"," 1.196854755"," 0.1090463732","-0.747216872"," 1.17072821","-0.3173023326"," 0.157245306","-0.3610452682","-7.830628e-01"," 0.271892683"," 0.083337873"," 0.024419776","-0.13593043","-0.1293076525","-0.295401476","-0.9961150914"," 0.103625545","-0.429865893","-0.252464474"," 0.553467512"," 0.393991919"," 0.341960660","-0.149837298"," 0.484629473"," 0.349684506"," 0.4177293111"," 0.204268255","-0.3164742993"," 0.42966816"," 0.0460219198","-1.140527846","-0.459016158"," 0.112646604","-0.085121963"," 0.398353142"," 0.701142172"," 0.032626463","-1.182598426",5,4,"Staurosporine"
"Staurosporine_H8"," 0.061963673","-0.214399778"," 0.043484320"," 0.278448001","-0.0580960128","-0.4289553964"," 0.769032497","-0.459116387"," 0.279563116"," 0.240194830"," 0.115248314","-0.257051900"," 0.3388174101"," 0.673566141"," 0.0008764602","-0.851538678"," 0.94778864","-0.0588640900","-0.366620721","-0.1497320255","-2.587804e-01"," 0.583408874","-0.641359875"," 0.018263401"," 0.72800398","-0.3384177957"," 0.052918418","-0.7225626017","-0.186654265"," 0.111421384","-0.885241049"," 0.390404870"," 0.035410037"," 0.260022645","-0.061848180"," 0.538611887"," 0.602222545"," 0.0240743302","-0.336397912"," 0.2933269556"," 0.47270778"," 0.0625030871","-1.104322484"," 0.104828261"," 0.128946823"," 0.033992027"," 1.496049064"," 0.084762530","-0.105976309","-0.585252856",5,4,"Staurosporine"
"Staurosporine_H10","-0.059897290","-0.185153866","-0.347265510"," 0.523584992","-0.1200797229"," 0.4723451650"," 0.715472944","-0.571493262"," 0.389966808","-0.066162873"," 0.123865594","-0.345657870"," 0.1574404118"," 0.614897123","-0.0333862342"," 0.249313607"," 0.43913972"," 0.1563395065"," 0.518770784","-0.3735363522","-3.398417e-01"," 0.271007371","-0.421091471"," 0.126600195"," 0.24163642"," 0.0219538802","-0.138930636","-0.5259704551"," 0.621024383","-0.179099805","-0.875348565"," 0.059895593"," 0.099916806"," 0.208279281"," 0.074360218"," 0.366735346"," 0.596062432","-0.0429038799","-0.086324848"," 0.3366777758"," 0.35148928","-0.1471677285","-0.732918414","-0.010846951"," 0.110055977","-0.184007001"," 0.695956566"," 0.155517669"," 0.194455467","-0.434181768",5,4,"Staurosporine"
"Staurosporine_H12","-0.216564202","-0.526412894","-0.652966464"," 0.103387676"," 0.1815995783"," 0.5744567335"," 0.747780104","-1.164549356"," 0.067379273","-0.072826587","-0.276232814","-0.631756226"," 0.1772746000"," 0.002388495","-0.2877096514"," 0.274416430"," 0.76386837"," 0.6379424812","-0.580015786","-0.0761395253"," 3.467657e-01"," 0.022264381","-0.636475896"," 0.112046018"," 0.53177605","-0.0837182870","-0.194558259"," 0.3118063998"," 0.645126482","-0.470390493","-1.068382827"," 0.037412200","-0.283158347"," 0.367090334","-0.811366553","-0.112048867"," 0.639333330"," 0.0502331806","-0.111286635"," 0.9786075894","-0.23446345","-0.4085707143"," 0.082988737","-0.694561434"," 0.034220958","-0.911710320"," 0.814524788","-0.354820438"," 0.011909157","-0.121506161",5,4,"Staurosporine"
"Cyclosporine_H1"," 0.368769724","-0.186668032","-0.643547286","-0.609683422"," 0.5078271338"," 0.2418416072","-0.128746076","-0.532219188","-0.007902723"," 1.011293231","-0.230898091","-0.667060140","-0.3257420363","-0.534622181"," 1.0927701834","-0.549730021"," 0.01271036","-0.2280204764","-0.163520314","-0.2029452511"," 4.551929e-01","-0.056557642","-0.471443952","-0.303390755"," 0.84090836"," 0.0915364930"," 1.077081427","-0.1962380558","-0.441926953","-0.016688593"," 0.428755611","-1.063427845","-0.483973372","-0.231571904","-0.492431777"," 0.037364330"," 0.006803604","-0.2498273747"," 0.803765989","-0.0553646451"," 0.35800914","-0.3585328669"," 0.132391681","-0.588648464","-0.414361924","-0.089352653"," 0.098424500"," 0.322447916","-0.026874022","-0.613998531",6,5,"Cyclosporine"
"Cyclosporine_H2"," 0.301373712","-0.092879603","-0.291270346","-0.805358409"," 0.2433021970"," 0.1150720025","-0.024315570","-0.344137521","-0.111900045"," 0.820602308","-0.134930008","-0.329289406","-0.3159018895","-0.145645502"," 0.6408176780","-0.424618242","-0.14385907","-0.2575973797","-0.144862258","-0.0480112260"," 6.815847e-01"," 0.001231259","-0.285768714","-0.415837538"," 0.82053621"," 0.3083563964"," 0.567851074","-0.2046128310"," 0.032754726","-0.087090313"," 0.281615743","-0.389414728","-0.507752804","-0.162732679","-0.274072932"," 0.204294988","-0.166717396","-0.3034352649"," 0.570764068","-0.2310184599"," 0.04455787","-0.1564621043"," 0.110949573","-0.196589129","-0.361118090","-0.407375531"," 0.459256704","-0.139231055","-0.354781215","-0.409957680",6,5,"Cyclosporine"
"Cyclosporine_H4"," 0.230110721","-0.201378551","-0.504302923","-0.781774851"," 0.5779825913"," 0.1977665357","-0.281645022","-0.217843413","-0.235941012"," 0.138430164"," 0.043294006","-0.435031542","-0.4532272236","-0.210581382"," 0.8456171998","-0.460035069","-0.23776087","-0.2182261493","-0.147200327","-0.1561865269","-2.903683e-02","-0.165409475","-0.356964695","-0.344848174"," 0.78003757"," 0.4062751036"," 0.888138666","-0.0988884726","-0.352455773","-0.055480465"," 0.206497838","-0.675505467","-0.465510978","-0.244757174","-0.398004748"," 0.209308160","-0.002305715","-0.1369560572"," 0.820195897","-0.1400351192"," 0.15803175","-0.3053732604"," 0.069416498","-0.271476573","-0.256507295","-0.188562730","-0.054465480","-0.423583412","-0.073641472","-0.341829863",6,5,"Cyclosporine"
"Cyclosporine_H6"," 0.132608385","-0.075262884","-0.144268817","-0.729128962"," 0.2820388267","-0.1222954260","-0.020309413"," 0.003003495","-0.158285608"," 0.715920002","-0.116564631","-0.184148542","-0.3053650517"," 0.038967276"," 1.0406557114","-0.599196639","-0.20493663","-0.2534679237","-0.124828474","-0.1778226264","-2.141715e-02","-0.273719238","-0.488621173","-0.154932891"," 1.52972171"," 0.2443172492"," 0.718928821","-0.1404963449","-0.273096589"," 0.430375514","-0.186724553","-0.197418542","-0.088812782","-0.098819540","-0.345859231"," 0.221932274","-0.164114950","-0.2480369305"," 0.726265968","-0.3042739821"," 0.54563196"," 0.1324635331"," 0.039324178","-0.499047918","-0.041218086","-0.421098225","-0.121132380","-0.556345240"," 0.016606343","-0.165373616",6,5,"Cyclosporine"
"Cyclosporine_H8"," 0.451804920","-0.117020541","-0.069779677","-0.780870223"," 0.3827835299"," 0.0840684005","-0.291178406","-0.188023197","-0.102215329"," 0.887189978","-0.082911938","-0.180798629","-0.2666571356","-0.049188646"," 1.1703130968","-0.387107064","-0.05772741","-0.0466821396"," 0.020854804","-0.5078058901"," 1.488347e-01","-0.473423386","-0.371833631","-0.239723807"," 1.00824053"," 0.3446686744"," 1.157288984"," 0.0664842334","-0.345510240"," 0.210262294"," 0.279610676","-0.767435430","-0.268585894"," 0.199824997","-0.222297417"," 0.242647261","-0.212382303","-0.1025562415"," 0.744241025","-0.1137695740"," 0.67345755"," 0.0001095511"," 0.027307867","-0.694455205","-0.169778101","-0.139183686"," 0.127263089","-0.347095179","-0.235779271"," 0.021863812",6,5,"Cyclosporine"
"Cyclosporine_H10"," 0.420260927","-0.107083905","-0.207675945","-0.696164061"," 0.5662835543","-0.0496415135","-0.138223968","-0.059117632","-0.434978597","-0.888085043","-0.076127985","-0.156474425","-0.4388602734","-0.087875929"," 0.6461328826","-0.485703465","-0.16879826","-0.1233335235","-0.056573572","-0.2216285274"," 1.338874e-01","-0.098025346","-0.201801045","-0.443200059"," 0.29061787"," 0.1906254695"," 0.754145881"," 0.0214493260","-0.450516598"," 0.030080617","-0.041494484","-0.514321947","-0.310342083"," 0.215657214"," 0.022753410"," 0.379874665","-0.095238741","-0.3945122061"," 0.269536950","-0.0997282845"," 0.21049606","-0.4373431801"," 0.258721246","-0.634811173","-0.291924268","-0.027095540"," 0.118618083","-0.121450279","-0.289925212","-0.046446474",6,5,"Cyclosporine"
"Cyclosporine_H12"," 0.307436088","-0.105322297","-0.363733316","-0.625692700"," 0.4918307515"," 0.1516904722","-0.293779659","-0.342742577","-0.098164536"," 0.787684362","-0.040945058","-0.309144764","-0.4750854462","-0.138901274"," 1.0472640836","-0.450294739","-0.23883171","-0.2968770674","-0.073384969","-0.0983098309"," 2.280839e-01","-0.057432346","-0.091274235","-0.531700826"," 0.79002524"," 0.1095067433"," 0.909489570","-0.0091972990","-0.211894162","-0.157297061"," 0.086700881","-0.455576091","-0.395091529","-0.231890509","-0.198763739"," 0.319921066","-0.224863047","-0.2884829889"," 0.288513537","-0.2393163659"," 0.20801773","-0.3521057173"," 0.117096079","-0.591677085","-0.318082375"," 0.747687820"," 0.183516587","-0.373806291","-0.371385447","-0.241569272",6,5,"Cyclosporine"
"Cyclosporine_H14"," 0.528734817","-0.153617292","-0.203897861","-0.621857459"," 0.5043612289"," 0.4651765554"," 0.170746347","-0.292733490","-0.177195054"," 0.634491646"," 0.045205538","-0.486115316","-0.5225387117","-0.056244331"," 0.8334878405","-0.591296977"," 0.00300129","-0.2130406814"," 0.026735266","-0.3340917720"," 1.284038e-02","-0.242936526","-0.132529915","-0.081914273","-0.29178863"," 0.0776350408"," 0.938848317","-0.1726178632","-0.422628335","-0.034931189","-0.036314951","-0.559113190","-0.033999459"," 0.064857129"," 0.035288272"," 0.499326958","-0.019739670","-0.3487963060","-0.577474422","-0.2521744762"," 0.32156310","-0.2565025271"," 0.089307946","-0.276714414","-0.512289122"," 0.057097767","-0.122956804","-0.237836777","-0.234843336","-0.017603580",6,5,"Cyclosporine"
"Colchine_H1","-0.105673326","-0.114105789","-0.371096125","-0.620774812","-0.0871893776"," 0.0378423338","-0.218961137"," 0.043290847","-0.611689407","-0.195846122"," 0.053869366","-0.259148708"," 0.3687693052","-0.141840555"," 0.5325770829"," 0.171546114","-0.21153986"," 0.3927940856","-0.237450158","-0.4904694396","-3.944865e-02"," 0.009957927"," 0.079060912"," 0.250704367"," 0.10269607"," 0.5396383528","-0.092827463"," 0.0631308532"," 0.286665020"," 0.214717362"," 0.263162245"," 0.580927888","-0.226383989"," 0.154979803","-0.095195426"," 0.124370121","-0.021935793"," 0.1062068834"," 0.257512880","-0.3692140454"," 0.32814474","-0.1613477293"," 0.079003030","-0.028682864","-0.119486166"," 0.603751339","-0.402684074"," 0.009170612"," 0.298366829"," 0.152756594",7,6,"Colchine"
"Colchine_H2","-0.062508419","-0.227446560","-0.056443619","-0.139124810"," 0.1066385780","-0.0833811525"," 0.020436322","-0.037962081"," 0.177260713","-0.252976418","-0.079970477"," 0.041000649"," 0.1453512720","-0.199229659"," 0.6331612858"," 0.019691425","-0.02230266"," 0.2437528582","-0.122728100","-0.1261524201","-1.145368e-01"," 0.012236324"," 0.091771746"," 0.098697533"," 0.08665765"," 0.2397125382"," 0.101228047"," 0.2081927418"," 0.069288376"," 0.060881760","-0.098539544"," 0.482748675","-0.141251816"," 0.138898276","-0.219600727","-0.074421924"," 0.038213757"," 0.3841286130"," 0.190288363","-0.2197578773"," 0.01323937","-0.0687264322","-0.022960508","-0.014569681"," 0.097604236"," 0.182258736","-0.167050297","-0.050006373"," 0.091614678","-0.005235923",7,6,"Colchine"
"Colchine_H4","-0.001943864","-0.127412700"," 0.019376368","-0.257673193"," 0.2624733542","-0.0285508915","-0.124935445"," 0.266735401","-0.096879777","-0.391630702"," 0.060325991"," 0.159456490","-0.0660763624","-0.039350692"," 0.7165530323","-0.401212685"," 0.22523318"," 0.1966023948","-0.008515589"," 0.0509103930","-1.357577e-01","-0.010256706"," 0.125608230"," 0.246252502"," 0.07849881"," 0.2454836022","-0.034487899"," 0.0001920367"," 0.458122462","-0.070824115"," 0.094749696"," 0.049852150","-0.104830158","-0.203245626","-0.030072345"," 0.167243319"," 0.073469499"," 0.3141391489","-0.073962003","-0.0882998317"," 0.02199396","-0.0388800825"," 0.092485672","-0.291973657"," 0.094226716","-0.064943306"," 0.022863444"," 0.008716127","-0.116210192"," 0.164864763",7,6,"Colchine"
"Colchine_H6"," 0.069135065","-0.010508552"," 0.024351087","-0.034641290"," 0.1104814753","-0.1414984702","-0.128297409"," 0.247435038"," 0.102405658","-0.223963834"," 0.079758079","-0.152226270"," 0.0816906106","-0.064694649"," 0.2528977147","-0.055186028","-0.09144410"," 0.0779982997"," 0.051143917"," 0.0152668149"," 1.716051e-01","-0.045216515","-0.162161949"," 0.144325172"," 0.11697526"," 0.3242793308"," 0.122363745"," 0.0998776882"," 0.152383566"," 0.093067870"," 0.035809400"," 0.065437993","-0.165164784","-0.004185907"," 0.024657361"," 0.131334886"," 0.175716484"," 0.2170973746","-0.150249800","-0.1398266728"," 0.15672787"," 0.0475669777"," 0.017804277","-0.187049967"," 0.003771761","-0.033119689"," 0.005215365","-0.118050596","-0.055305173"," 0.126666549",7,6,"Colchine"
"Colchine_H8","-0.009236766","-0.141578180","-0.146337843","-0.167929020"," 0.0235580619","-0.2415768012"," 0.053740373"," 0.268605129"," 0.169312463"," 0.295196547","-0.094749909","-0.020071092"," 0.0948203951","-0.199866208"," 0.8771596730","-0.202004463"," 0.10751585"," 0.1282643129"," 0.041891064","-0.1276111481","-1.004836e-01","-0.206312319","-0.002320497","-0.005665948"," 0.50136961"," 0.1291088501"," 0.085592247"," 0.0312877940"," 0.260870885"," 0.108545804","-0.329669717","-0.149065926","-0.175623723","-0.013644347","-0.077541792","-0.005619798"," 0.085612523"," 0.3386004902","-0.017163281","-0.1677178295","-0.19097045"," 0.0761855908","-0.131461637","-0.213598050"," 0.283725408","-0.203505688","-0.160822381","-0.169416355"," 0.006716054"," 0.023469305",7,6,"Colchine"
"PMSF_H1"," 0.013878793","-0.079374456"," 0.657535772"," 0.020346715"," 0.4948905130","-0.5704677168"," 1.238583480","-0.017054461","-0.020533137"," 0.346351105"," 0.126167422","-0.671586699","-0.5616809394"," 0.681018715","-1.1197842767","-0.676201132"," 0.52669198","-0.2734901042"," 1.042563122"," 0.2249391810","-1.967981e-01","-0.177938987"," 0.699883577","-0.043204783"," 0.04572665","-0.3853396094"," 0.213268243","-0.1321603609","-0.489547021","-0.047314927"," 0.233900273","-0.397519460","-0.022159375"," 0.639565244"," 0.059713056"," 0.549787066","-0.220772196","-0.7707462237","-1.128535347"," 0.4559578588"," 0.26615608"," 0.5297296592","-0.328247634","-0.781154877","-0.466532564","-0.633311858"," 1.246093403","-0.630713322","-0.567457243","-0.928817326",8,7,"PMSF"
"PMSF_H2"," 0.055628060"," 0.042742422"," 0.930136961"," 0.138812014"," 0.1148616460","-0.0004724186"," 1.183216765"," 0.048572491"," 0.457900067"," 1.168068416","-0.057129459","-0.905685405"," 0.0742949641"," 0.496598693","-1.2401931715","-0.585932285","-0.10724502"," 0.2656502283"," 0.874152887","-0.9226393325","-2.120510e-01","-0.266420837"," 0.275779917","-0.014229612","-0.80413318","-0.3374310630","-0.330167741"," 0.0099572942","-0.016900251"," 1.125059466"," 0.517526678"," 0.434779144"," 0.106473046"," 0.854374162"," 0.031736510"," 0.291365991","-0.182464897","-0.7718034762","-0.878902244"," 0.1841113734"," 0.19613816"," 0.9048633670","-0.432690170","-0.461710281","-1.065026893"," 0.338517793"," 0.736993914","-0.686865796","-0.121149940","-0.690488688",8,7,"PMSF"
"PMSF_H4"," 0.194715738","-0.100765683"," 0.702945997"," 0.173249466"," 0.1508118186"," 0.2694533325"," 1.288858803","-0.027430252"," 0.775338481"," 1.097288781"," 0.139871182","-1.011182199"," 0.3451409858"," 0.482705140","-1.3122856321","-0.718913288"," 0.02910867"," 0.2616051387"," 1.044797156","-0.9108871143","-2.756711e-01","-0.624141637"," 0.149486395"," 0.132880707","-1.09919451","-0.2869777071","-0.333752233","-0.0656887381"," 0.165717854"," 1.222131837"," 0.265872499"," 0.141830135","-0.074536447"," 0.647519087","-0.042245204"," 0.231004049"," 0.030897743","-0.9670671936","-0.594384781"," 0.3458411757","-0.18971303"," 1.2153349578","-0.456117629","-0.027607867","-1.053554784","-0.129324679"," 0.747755773","-0.890655273","-0.017591712","-0.623064618",8,7,"PMSF"
"PMSF_H6","-0.149618302","-0.607675630","-0.004514758"," 0.377813767"," 0.3439835983"," 0.8585530397"," 1.407769836"," 0.288896159"," 0.766171957"," 1.132796984"," 0.150396251","-1.016796478"," 0.7447600549"," 0.080226480","-0.7155969270","-0.471276742","-0.20150151"," 0.3366256204"," 1.024786936","-0.8888445346","-2.984704e-01","-0.676706283","-0.004017084"," 0.197109380","-0.68730115","-0.1911741033","-0.110369330"," 0.0523323291"," 0.174608263"," 1.387706901"," 0.331242221"," 0.819085246","-0.226543278"," 0.232820835","-0.159658157"," 0.148631261","-0.148581924","-0.5329419085","-0.479191100"," 0.3762585895","-1.00040539"," 0.3911061764","-0.503982056"," 0.506436592","-0.848470693","-0.482136088"," 0.632647338","-0.974569538","-0.093832314","-0.723553758",8,7,"PMSF"
"PMSF_H8","-0.217755924","-0.948421944","-0.545582253"," 0.121243926"," 0.4620470178"," 0.5992667242"," 1.191626326"," 0.388850520"," 0.071935026"," 1.581226832"," 0.187929414","-0.885222561"," 0.7823721550"," 0.069486822","-0.6267148611","-0.887603743"," 0.22409415"," 0.3012720528"," 0.928509579","-0.9571921312","-2.974434e-01","-0.919116954"," 0.112801446"," 0.404095074","-0.41523750"," 0.0007427409"," 0.185427458","-0.0746006896"," 0.137265670"," 1.014821499"," 0.215400599"," 0.209090511","-0.603658767"," 0.296450295","-0.309116613"," 0.194635420"," 0.002652758","-0.4623234038","-1.107823223"," 0.5472598022","-1.32569911","-0.4517709310","-0.413146522"," 0.011263351","-1.028435566","-1.400104925"," 0.631373388","-1.507643477","-0.847076898","-0.396792746",8,7,"PMSF"
"Leupeptine_H1","-0.079025754","-0.064057340","-0.091838732"," 0.464936975","-0.0787595212","-0.3131008607"," 0.042106324","-0.334920221"," 0.935361327","-0.226010684","-0.057527617","-0.075027190","-0.2159496298"," 0.009560744","-0.4432279534"," 0.011763522","-0.17057303","-0.1742029304"," 0.196947220"," 0.1313128969","-6.269775e-02"," 0.246846898"," 0.008930599","-0.108268381"," 0.04319766","-0.2985637969"," 0.150481798"," 0.3039501247"," 0.004087465","-0.182085412","-0.443460739"," 0.144826681"," 0.257631370","-0.083641493"," 0.047144215","-0.037557568","-0.083336374","-0.0824488525"," 0.126307050"," 0.1775277546","-0.23348954","-0.1253969795"," 0.058915626","-0.141001983"," 0.382832305","-0.006631821"," 0.008917141","-0.081186153","-0.107660943","-0.172000304",9,8,"Leupeptine"
"Leupeptine_H2"," 0.023931270","-0.014012165","-0.035964216","-0.002496802"," 0.1157297341","-0.0973786999","-0.111183823"," 0.017235356"," 0.197072909"," 0.113985880","-0.126906139","-0.056728311","-0.5354608582","-0.040666615"," 0.4094649759"," 0.089535301","-0.12223433","-0.1133307523"," 0.007995550","-0.3283886120"," 9.115196e-02","-0.099617215"," 0.305191747","-0.029546140"," 0.44254131"," 0.0742699020","-0.187128185"," 0.1728680737","-0.176961819"," 0.123916675"," 0.170908768","-0.575705301"," 0.006241156","-0.054643737","-0.005630018","-0.134619079","-0.117749187"," 0.2111169976","-0.208195801","-0.0248339096","-0.08541856","-0.1738713959"," 0.024196257"," 0.009207985","-0.048508374"," 0.119386756","-0.024459142","-0.052032941","-0.067905674","-0.075780020",9,8,"Leupeptine"
"Leupeptine_H4"," 0.100219197"," 0.033295023","-0.084398031","-0.037453219","-0.0417963461"," 0.1089489654","-0.054242586","-0.080006480","-0.083071807","-0.095506849"," 0.191475442","-0.114615944"," 0.1046713095","-0.049532552","-0.4490496848","-0.039923309","-0.06202353","-0.0129520056","-0.129306597","-0.0014141807"," 1.802715e-02"," 0.067793022","-0.063093527","-0.081439658","-0.23375390"," 0.0959318523","-0.068776774","-0.1087587185","-0.014367431","-0.023859935","-0.358390374","-0.302374262"," 0.022896513"," 0.037348986","-0.184152212","-0.166425080"," 0.004063342","-0.2378238957"," 0.280125142"," 0.1213873140"," 0.05261353"," 0.2371580502"," 0.015076165"," 0.283789027","-0.338595929","-0.246638523","-0.038347776"," 0.147145672"," 0.091015400"," 0.121516950",9,8,"Leupeptine"
"Leupeptine_H6","-0.168978494","-0.053195305","-0.064082518"," 0.113847364","-0.0007568808"," 0.1449672624"," 0.368045164","-0.067070331"," 0.407624005"," 0.243379444","-0.134053859","-0.015578424"," 0.2293748971","-0.144924486","-0.1255958849","-0.111428992","-0.38552440","-0.1373878363","-0.142142558"," 0.1649988759","-3.413696e-02"," 0.050042293","-0.037574865"," 0.097839336"," 0.22149274","-0.0038516928","-0.091035227","-0.0072061837","-0.324135954"," 0.241644300","-0.087327106"," 0.375409104"," 0.092533088","-0.277661578","-0.209560592"," 0.050982547","-0.097121445"," 0.0501396752"," 0.297329747","-0.0031575090","-0.03851279"," 0.0385103025","-0.182565572"," 0.104247249","-0.056745766"," 0.053084497","-0.069785325","-0.158429918"," 0.239761183","-0.202460740",9,8,"Leupeptine"
"Leupeptine_H8"," 0.032937468"," 0.090306974","-0.163612726","-0.163659941","-0.0554324952"," 0.0368633085"," 0.055631488","-0.057862274"," 0.038224312"," 0.648959874","-0.058672702","-0.013311341"," 0.4307607040","-0.088112624","-0.1823916599"," 0.073115548"," 0.05211846"," 0.0577350987","-0.087725629","-0.0385529163"," 1.900207e-01"," 0.015353652","-0.098204803"," 0.059113154","-0.40375286"," 0.0990607982"," 0.056235935"," 0.0371075898","-0.032866845"," 0.106537645","-0.035508815"," 0.466169763","-0.169654088"," 0.001731436","-0.131101110"," 0.044496629"," 0.122458863"," 0.0392692684"," 0.017381346","-0.0579086225"," 0.38547365"," 0.0895779402"," 0.012597922"," 0.128860601","-0.311014137"," 0.099630781","-0.157749890"," 0.036316617"," 0.061560543","-0.030718284",9,8,"Leupeptine"
"Apicidin_H1","-0.046033850","-0.152660769"," 0.131931431","-0.507256508","-0.6121045240"," 0.1176269304"," 0.242785634","-0.089153774"," 0.666849970","-0.131452895"," 0.265132638"," 0.084178477"," 0.4674031756"," 0.104283317"," 0.0662630287","-0.297297844","-0.05104866"," 0.1329562023","-0.017712779","-0.1052596231","-3.242945e-01"," 0.023412706"," 0.068904604","-0.096786514"," 0.54906489"," 0.1464954804"," 0.053285970"," 0.1403913072","-0.275873299","-0.148528317"," 0.127530698","-0.060277341","-0.066903068","-0.040239279"," 0.035173667"," 0.068526115"," 0.028910307","-0.2774035653","-0.700762306","-0.0185754582"," 0.33743794","-0.4398151141","-0.133312539","-0.277841485","-0.064428417","-0.405086355"," 0.286609889","-0.656244081","-0.397939015"," 0.125323412",10,9,"Apicidin"
"Apicidin_H2"," 0.215745718"," 0.092932462"," 0.120458102","-0.260759249","-0.0282637409","-0.0438163374"," 0.236634669","-0.242610682"," 0.196197615"," 0.314804537","-0.020496270","-0.151742128","-0.0389088918"," 0.091668301","-0.5929638089"," 0.080159086","-0.12206749"," 0.1454657859"," 0.073379660","-0.0550377222"," 3.430892e-01"," 0.106740899","-0.299721379","-0.119437749"," 0.14000745","-0.1457992080"," 0.191614116","-0.0276359050","-0.167390238"," 0.326849676","-0.089903050"," 0.075640394"," 0.037297439"," 0.069201991"," 0.085936350"," 0.146867027","-0.044884748","-0.0303285916","-0.448306384","-0.0942510290"," 0.21271822"," 0.0284447905"," 0.186491911"," 0.155583447","-0.150982227","-0.080492227"," 0.402571279"," 0.034342182","-0.181426958"," 0.073441222",10,9,"Apicidin"
"Apicidin_H4"," 0.005308789","-0.006378377","-0.079105727","-0.077536214","-0.0936876022"," 0.2469944686"," 0.094283243","-0.243662816"," 0.147816216"," 0.250165992"," 0.158480302","-0.030424441","-0.1391106407","-0.085182245"," 0.0479083127","-0.130977237","-0.08977964"," 0.0485183726","-0.017546498"," 0.1215062233"," 1.301230e-02","-0.033529306","-0.116944623","-0.250658335"," 0.21836198","-0.1129622555","-0.004785416","-0.0928188859"," 0.197780374"," 0.110926756","-0.020240747"," 0.350524429","-0.074621160"," 0.227960180","-0.043430885","-0.047230190","-0.168498746","-0.0904176655","-0.059043307"," 0.0527930376"," 0.14803317"," 0.0645282394","-0.102629367"," 0.200066856"," 0.088406601","-0.276712990"," 0.143154989"," 0.084174573","-0.183404060"," 0.206325872",10,9,"Apicidin"
"Apicidin_H6","-0.105196653","-0.003886237"," 0.116598097","-0.029973865","-0.0614642124"," 0.8434544377"," 0.220233033","-0.073832062"," 0.266900275"," 0.279001233"," 0.105210041","-0.125149066"," 0.1395551754"," 0.135858721","-0.1614220269","-0.104605443","-0.18771464"," 0.3150737356"," 0.190832513","-0.0399032780"," 1.401918e-01"," 0.261035443","-0.113246393","-0.035316629","-0.02171584","-0.1511904127","-0.134150437"," 0.0491114132"," 0.055619618"," 0.107428843","-0.031295548"," 0.215284460"," 0.182729994","-0.008145315"," 0.059973795"," 0.145619452","-0.001723909"," 0.0664819121","-0.123570486"," 0.1045997672"," 0.08162083","-0.1452639832","-0.037404738"," 0.094902201","-0.085314775"," 0.272564577"," 0.278818802","-0.018655539","-0.208241097","-0.228110345",10,9,"Apicidin"
"Apicidin_H8","-0.131313769","-0.095638965","-0.009727095"," 0.159624803","-0.1881741266"," 0.4098764295"," 0.319424441"," 0.067461852"," 0.013167675"," 0.230931288","-0.005309758"," 0.012362449"," 0.0786439916","-0.123432942"," 0.2719228104","-0.092455228","-0.09292746"," 0.1702683827"," 0.072349229"," 0.1711529313","-5.598409e-02"," 0.158214892","-0.195416921"," 0.082606733"," 0.01017960","-0.1815397412","-0.032942726"," 0.0575261487"," 0.174668355"," 0.058393614","-0.218918297"," 0.237866961"," 0.103852354","-0.433335356","-0.259740003","-0.019410451","-0.090406174","-0.0577473002","-0.040370108"," 0.0969549785","-0.10529933"," 0.0513564785","-0.072419726","-0.066848241"," 0.042573764"," 0.096196841"," 0.140133878","-0.009227192","-0.160202600","-0.153055160",10,9,"Apicidin"
"Apicidin_H10"," 0.050572731","-0.038900026"," 0.027257665"," 0.008425785","-0.1175907709","-0.0433390023"," 0.150645252","-0.110604445"," 0.380075687"," 0.090051272","-0.140623145","-0.193718903"," 0.3566325947","-0.065788933","-0.1392508734","-0.118111188","-0.15576070"," 0.1845012387","-0.089534244","-0.1981675448","-3.841074e-02"," 0.093985980","-0.332373808"," 0.064966822","-0.28205582","-0.1207184423"," 0.111765351"," 0.1429936978","-0.100357986"," 0.081589717"," 0.062309463"," 0.570294749"," 0.161880119"," 0.210616458","-0.103889530"," 0.011270195","-0.052848637","-0.1046635333"," 0.110033826","-0.0142179182"," 0.08694159"," 0.0498941053","-0.105489467"," 0.147942886","-0.009511559"," 0.003855741"," 0.345750565"," 0.007813540"," 0.092779064"," 0.144046007",10,9,"Apicidin"
"Trichostatin_H1","-0.113532479"," 0.061456630"," 0.883417751"," 0.139475826","-0.6800022700"," 0.4693055248","-0.237501485","-0.134587706","-0.636867925"," 0.360978267"," 0.383325087"," 0.561382375"," 0.2202865822","-0.860415732"," 0.0070853952","-0.166945442","-0.52252414"," 0.6043252884","-0.356016492","-0.0000849478"," 2.828524e-01","-0.486700096"," 0.869864019"," 0.077542544"," 0.09335618"," 0.3948900805"," 0.341063698"," 0.0820749127","-0.330300740"," 1.548535141"," 0.238246240"," 0.473590755","-0.158379350"," 1.452131318","-0.445541607","-0.210933914","-0.475998453"," 0.0022339841","-1.676235367"," 0.4418826427"," 0.71826027"," 0.0552648001","-1.244880386"," 0.323096289"," 0.305236434","-0.279065539"," 0.270439643","-1.612094038","-0.116628978","-0.814841070",11,10,"Trichostatin"
"Trichostatin_H2"," 0.099077134"," 0.167781239"," 0.507349139","-0.476537875","-0.6615271454"," 1.0243514379","-0.621181831"," 0.068345237","-0.785355715"," 0.934568862","-0.187998259","-0.270236277","-0.5500367302","-0.263984959"," 0.1454279045","-0.265563014","-0.51727144"," 0.7677983175"," 0.117143138","-0.1822807584"," 7.280272e-01","-0.473172035"," 1.061580489","-0.254612189","-0.35900203"," 0.0576586587"," 0.526275690","-0.2938361025","-0.548846916"," 0.785116875"," 0.009895266"," 0.109453787","-0.198136259"," 1.393717476"," 0.278829352"," 0.196031156","-0.973111035","-0.1378585146","-1.271546201","-0.2059178775"," 0.23367988"," 0.4855152817","-0.996236575"," 0.629706344","-0.006973877","-0.065911345","-0.503965807","-0.433372438","-0.661674786","-1.442135477",11,10,"Trichostatin"
"Trichostatin_H4","-0.014667208"," 0.020013907","-0.027518081"," 0.306550073","-0.3795582177"," 1.0254172432","-0.449648696"," 0.493753678","-1.686798644"," 1.019903307","-0.331042859","-0.173776796","-0.5150278992","-0.674251276","-0.1247762171","-0.123550803","-0.31653171"," 0.9497754811","-0.016945039","-0.0965100922"," 5.582193e-01","-0.503976114"," 1.259675199","-0.025348586","-0.25677510","-0.0332291874"," 0.561572012","-0.0676475615"," 0.007877388"," 1.272162698","-0.075236604"," 0.108947943"," 0.049064310"," 0.918667114"," 0.002266076"," 0.293330029","-0.699724835"," 0.1454012646","-1.503134132"," 0.4366828980","-0.37609752"," 0.3578040337","-1.003904711"," 0.026875852"," 0.295632380","-0.420671846","-0.586836923","-0.833274069","-0.076000832","-1.402174035",11,10,"Trichostatin"
"Trichostatin_H6"," 0.034241838","-0.177940898","-0.580772816"," 0.201407145","-0.0981429185"," 0.4936356427","-0.741608766"," 0.838294255","-1.072400869"," 0.777790181","-0.460162714","-0.160522581","-0.2205337400","-0.678581692"," 0.0789281099"," 0.290270091","-0.09751882"," 0.4995308121","-0.178185963"," 0.0372151960"," 8.263744e-01","-0.468672663"," 0.998518603","-0.057208680","-0.26089721"," 0.3770091578"," 0.481728376","-0.4704632438"," 0.112281880"," 0.477280026","-0.581290864"," 0.110278056"," 0.265760788"," 1.132746254","-0.068542818","-0.314834403","-0.579939396"," 0.1431951882","-0.882059787"," 0.5615352547","-0.07685575"," 0.3447272435","-0.553031684"," 0.366053336"," 0.664161507","-0.031639545","-0.704919965","-0.148557059"," 0.161785526","-1.472168072",11,10,"Trichostatin"
"Trichostatin_H8","-0.049319287","-0.118276968","-0.529434949"," 0.496440468","-0.1539608502"," 0.3124520012"," 0.085951843","-0.356122545","-0.605034672","-0.031519838","-1.158834029"," 0.124291444","-0.4915322729","-0.706994266"," 0.1986246060"," 0.481153788","-0.03127859","-0.0521631900","-1.001509005"," 0.1133653414"," 2.324994e+00"," 0.186576295"," 0.854688883"," 0.255055771","-0.29248781"," 0.3101213081"," 0.199558188","-0.0899176926"," 0.142887311"," 0.298905190","-0.474704772"," 0.067551250","-0.218697538"," 0.982160014","-0.286546938","-0.185173722","-0.078464195"," 0.0291894088"," 0.024439764"," 0.1029581264"," 0.10782081","-0.1833129435","-0.215923930"," 0.039254718"," 0.389844706","-0.336569545","-0.492447695","-0.207615419"," 0.434429540","-0.283352255",11,10,"Trichostatin"
"Trichostatin_H10"," 0.639604862"," 0.441104320","-0.178466054"," 0.762377600","-0.0672235839","-1.0054166573"," 0.438876276","-0.492093177"," 0.736534576"," 0.388078205","-1.618553716","-0.639935485","-1.8787281572","-0.492624242","-0.5044093528"," 3.182363687"," 1.97743342"," 0.2568078184","-1.516020475"," 0.4006575774"," 1.337264e+00"," 0.400876847"," 0.123962887","-0.245815361","-0.29028360","-1.5496973835"," 0.926256718"," 0.4765665260"," 0.721540113","-0.769214409","-0.835150469","-0.542619894"," 0.825891166"," 0.919624608","-0.101535405","-0.430579486"," 0.610167997"," 0.2163576643"," 1.054381237","-1.2729330890"," 0.68062499","-0.3640616424","-0.300819896"," 0.411313046"," 0.070473647"," 0.401446064","-0.769094071","-1.345140439"," 1.084514120"," 1.621934663",11,10,"Trichostatin"
"Quinine_H1","-0.347293773","-0.688691618"," 0.137985388","-0.499034053"," 0.0159456555"," 0.2001824981","-0.153774253"," 0.057268922","-0.047669002","-0.137941798"," 0.248161154"," 0.033088335","-0.1462260531","-0.075401068","-0.0595940012","-0.318790005","-0.16715262","-0.0366470574"," 0.119772949"," 0.2906764987","-3.344623e-01","-0.503658864"," 0.023217979"," 0.222701019"," 0.22860332"," 0.2376289558"," 0.033814241","-0.1594318478","-0.628609277"," 0.126694336"," 0.147437905","-0.246033400","-0.087165519"," 0.117465992"," 0.136196399"," 0.144811698","-0.227597112"," 0.2699512324","-0.314272858"," 0.0055817982","-0.49233648"," 0.0831835025","-0.017609746","-0.356289718"," 0.024704196","-0.248706648"," 0.016095047"," 0.158185662","-0.370335125","-0.341348788",12,11,"Quinine"
"Quinine_H2","-0.463497395","-1.213104322"," 0.405343596","-1.096869689"," 0.1127819616"," 0.0908464467","-0.676209633"," 0.265914165","-0.123902820","-0.015392012","-0.025087322"," 0.291786674","-0.1854820968"," 0.124265102"," 0.3773634828","-0.450254721","-0.36398183"," 0.1463490557"," 0.092545864","-0.0492860307","-9.117568e-01","-0.939724020","-0.016019299"," 0.259780460"," 0.33759786"," 0.4702672245"," 0.381152960"," 0.0580235450","-1.038542869"," 0.599209778","-0.076765806","-0.221968313","-0.063984952"," 0.574951086","-0.446468135"," 0.013432896","-0.493715381"," 0.4909903689","-0.422044542","-0.0022999747","-1.44327117","-0.2572850280"," 0.201445721","-0.638103709"," 0.330729455","-0.515773313"," 0.151635998","-0.139376360","-0.984974696","-1.117792364",12,11,"Quinine"
"Quinine_H4","-0.293353325","-0.162857750"," 0.620660405","-0.752445775"," 0.2472374124"," 0.3148543988","-0.607618772"," 0.180154278","-0.156085239","-0.002636156"," 0.232529741","-0.099016824","-0.1087085189"," 0.086201929","-0.0886001281","-0.413044462","-0.46163379","-0.0815126838"," 0.641685558"," 0.4276653858","-1.109241e-01","-0.353762375","-0.147260351"," 0.238973105","-0.08219568"," 0.2468804041"," 0.194433717"," 0.0217319413","-0.236638341","-0.010543251"," 0.211466634","-0.415872245"," 0.099684003"," 0.322645315","-0.042146749"," 0.299430057","-0.217384958","-0.0337462852","-0.415208128"," 0.0925606420","-0.81235758"," 0.0357057013"," 0.302821910","-0.772466399"," 0.066158287","-0.255100703"," 0.258898219","-0.170295957","-1.002702519","-0.581200398",12,11,"Quinine"
"Quinine_H6","-0.397897513","-0.575413517"," 0.340466453","-0.555407128"," 0.0876728126"," 0.1502189884","-0.243181173"," 0.400698498","-0.028209811","-0.077838635"," 0.104950808"," 0.115138214","-0.1556156363","-0.018598546"," 0.0601960283","-0.340101008","-0.38502086"," 0.0214568727"," 0.176245874","-0.0396049958","-3.352182e-01","-0.690022303","-0.087603730"," 0.167066900","-0.09355346"," 0.2093874387"," 0.197603148","-0.2249826619","-0.289410252"," 0.093996432","-0.278584785","-0.868162012"," 0.142404881"," 0.282258488","-0.067287797","-0.048437604","-0.270634694"," 0.0935947332","-0.135451942"," 0.1715058710","-1.02498966","-0.0289865081"," 0.232444938","-0.246963009"," 0.381031891","-0.338127778"," 0.048420697","-0.084752408","-0.567615747","-0.522228842",12,11,"Quinine"
"Quinine_H8","-0.197379372","-0.379311723","-0.082329389","-0.100688023"," 0.1725319821","-0.1241925316","-0.377714083"," 0.066537994"," 0.109158446","-0.468798443","-0.041616613","-0.215676873"," 0.1592679278","-0.204772267"," 0.3788650937"," 0.136022056"," 0.40867148","-0.1180424241","-0.024411996"," 0.0438744307"," 3.914150e-01","-0.879346743","-0.440127734"," 0.174047850","-0.39459568","-0.0457443178"," 0.398765786","-0.5477562008","-0.018608163","-0.553947660","-0.330000886","-0.258857527"," 0.319660981","-0.453691853"," 0.021035963"," 0.029894502"," 0.214811975"," 0.1408005965"," 0.393068336","-0.3189761133","-1.47273840"," 0.1655059004"," 0.132874499","-0.279423420"," 0.210441175","-0.158117759","-0.226217686","-0.141658184"," 0.040889607"," 0.123881731",12,11,"Quinine"
"Quinine_H10","-0.333951259","-0.579695151"," 0.779104704","-0.752356664"," 0.0974758835","-0.0538995020","-0.059107094"," 0.333430699"," 0.106069382"," 0.215703717","-0.178539353","-0.183889664"," 0.1486341892"," 0.224547376","-0.1599044307","-0.574201240","-0.58541119"," 0.2883292955"," 0.246834056"," 0.1069449513","-2.787826e-01","-0.204166589","-0.006180873"," 0.049624925","-0.26543910","-0.2542133561"," 0.410467362"," 0.5409116054","-0.314478791"," 0.478653439"," 0.044443974"," 0.101486749"," 0.134814614"," 1.227291798","-0.171965748","-0.128207426","-0.296515507"," 0.0412797417","-0.520793884"," 0.4057463911"," 0.06542312","-0.0749559919"," 0.684173565","-0.205791018"," 0.337159241","-0.659679750"," 0.319088028"," 0.216877820","-0.813588604","-0.867217800",12,11,"Quinine"
"Chloroquine_H1"," 0.288754930"," 0.619712631","-0.529175002","-0.240315259","-0.0017116658","-0.4806345117","-0.126431195","-0.347762864","-0.436910200"," 0.187668054","-0.011314013","-0.170155688","-0.5972850902"," 0.480365450"," 0.9518848241"," 0.654910047"," 0.76720879","-1.0398897461","-0.072557031"," 0.1348756798"," 6.308491e-02"," 0.351507412"," 0.291294203","-0.144511839","-0.54947930","-0.4348475130","-0.304937713","-0.1449001387","-0.433426508","-0.644997499"," 0.511916645","-0.760683083","-0.485316447","-0.229695269"," 0.014664405","-0.115211334"," 0.090024809"," 0.0781243631"," 0.128217608"," 0.1545755256"," 1.00526409"," 0.1611252069"," 0.099776835"," 0.273244895","-0.259774050"," 0.383292923","-0.119794958"," 0.612121767","-0.070365390"," 0.465975089",13,12,"Chloroquine"
"Chloroquine_H2"," 0.395957475"," 1.040327173","-0.097172623","-0.231439872","-0.1301838058"," 0.7410706490"," 0.401297782","-0.292770809","-0.190514716"," 0.219886835"," 0.158393828","-0.260387423","-0.1071739001"," 0.617999070"," 0.4889171656"," 0.519065164"," 0.32966956","-0.5275011189","-0.180751502","-0.1011866187"," 2.417057e-01"," 0.585947217"," 0.020276787","-0.083767295","-0.67215228","-0.2642888835","-0.109416383","-0.1071179127","-0.103897108","-0.514548373"," 0.447222527"," 0.001155219","-0.151568042","-0.273372030"," 0.041038268"," 0.197082612"," 0.263228370","-0.0188968303","-0.015703887"," 0.0249465913"," 0.98981705"," 0.2093479741","-0.098204775"," 0.012744005","-0.269786313"," 0.532544790"," 0.080538323"," 0.275255832"," 0.114587586"," 0.413971353",13,12,"Chloroquine"
"Chloroquine_H4"," 0.358884026"," 0.263991858","-0.102463081","-0.151934392","-0.1037526822","-0.4369343048","-0.690508790","-0.208617870","-0.237047621"," 0.298303662"," 0.003875656","-0.107559530","-0.2971669109"," 0.323459169","-0.4334602922"," 0.549924046"," 0.52152987","-0.6843316326","-0.287714163","-0.0948614708"," 3.311742e-01"," 0.316235804","-0.380257303","-0.210959893","-0.74809600","-0.2200703892","-0.040373858","-0.1276199226","-0.217427364","-0.140232541"," 0.304711013","-0.334723259","-0.219743268","-0.087880276","-0.025468272","-0.025059667","-0.015819111","-0.0838515758"," 0.179074153","-0.0143102368"," 0.91641789"," 0.1954239751"," 0.136795293"," 0.213480098","-0.204784885"," 0.357096558","-0.142546489"," 0.634486516"," 0.054068026"," 0.447832207",13,12,"Chloroquine"
"Chloroquine_H6"," 0.146772658"," 0.522224749","-0.117633539","-0.144166340","-0.1129934848","-0.3629525847","-0.441142495","-0.199061527","-0.160159662"," 0.062064179"," 0.121391196"," 0.007946545"," 0.0999699204"," 0.234457745","-0.2173775849"," 0.271740252"," 0.09446799","-0.3678109699","-0.129246202","-0.0318762105"," 1.182832e-01"," 0.245420799","-0.149433856","-0.064137115","-0.30589825","-0.1924627773"," 0.194551600","-0.0927285207","-0.048436246","-0.149250943"," 0.011197007"," 0.133584399"," 0.043128816"," 0.075581387","-0.345442022"," 0.089385633"," 0.094731421","-0.1291048999"," 0.177728298"," 0.1119444638"," 0.95017370"," 0.0378174546"," 0.067009647","-0.037853934","-0.184020396"," 0.285498115","-0.018308700"," 0.109379833"," 0.109752016"," 0.071769358",13,12,"Chloroquine"
"Chloroquine_H8"," 0.227341775"," 0.398947155","-0.096800925","-0.315832651","-0.0662206691","-0.5846124103","-0.162027358","-0.212436931","-0.182883277","-0.079454738"," 0.178537035"," 0.041874841"," 0.1090401214"," 0.179744132","-0.1321066476"," 0.272709031","-0.03036061","-0.3942244403","-0.071630024","-0.0259037630"," 2.473457e-01"," 0.097210860","-0.254642441"," 0.025419911","-0.47609525"," 0.0521791514","-0.292125348","-0.2053124536","-0.467324816","-0.096249697"," 0.033979602"," 0.187594528","-0.071107026"," 0.142834144","-0.302720741"," 0.101966365"," 0.124254879","-0.0036046462"," 0.202515308"," 0.0809811854"," 1.89735797"," 0.0934133779"," 0.033659557"," 0.287704888","-0.070274427"," 0.258009200"," 0.071156034"," 0.315348799"," 0.244020289","-0.013978476",13,12,"Chloroquine"
"Chloroquine_H10"," 0.205346905"," 0.132287054"," 0.174001796"," 0.068141255","-0.1462139106"," 0.1401873558","-0.366690222","-0.010630425","-0.211812970"," 0.384171927"," 0.185444606"," 0.148942874","-0.4635605370"," 0.244613577","-0.0013674511"," 0.012915350"," 0.05723312","-0.1911884121"," 0.096469963"," 0.1796893447","-1.043975e-02"," 0.135952440"," 0.060408002","-0.228101221","-0.31470380","-0.0197851053"," 0.210908281"," 0.0042131688","-0.375683388","-0.202744673"," 0.034576551","-0.386618002"," 0.166408116","-0.286503332"," 0.017511457"," 0.130365510"," 0.156873718"," 0.0202672972","-0.064325170"," 0.2966200547"," 0.42101415"," 0.1221991506","-0.244627171","-0.193849125"," 0.058265708"," 0.031926563"," 0.224915196"," 0.068579220"," 0.005396161","-0.236534826",13,12,"Chloroquine"
"Febrifugine_H1","-0.154227847","-0.350887241"," 0.018788558","-0.355197200","-0.1550884634","-0.0631358961","-0.340060539","-0.039600495"," 0.078113485"," 0.131183663"," 0.097179230","-0.058018758"," 0.0335826790","-0.114303666","-0.0954961287","-0.142148724","-0.63402797","-0.0379817500","-0.058449615"," 0.1234260928","-4.442714e-01"," 0.019994691","-0.298385447"," 0.047408316"," 0.17824188"," 0.0877344696"," 0.042242297","-0.5154689781","-0.542009476"," 0.065292547","-0.125861848","-0.231874782","-0.084200666","-0.168421866"," 0.361652283","-0.053340118","-0.275492314"," 0.2473953367","-0.019887156"," 0.1197820922","-0.26439742"," 0.1461495235","-0.176116717","-0.058031079"," 0.032562043","-0.418208664","-0.012033182"," 0.103977663","-0.095834428","-0.213561297",14,13,"Febrifugine"
"Febrifugine_H2","-0.087032220","-0.516283542"," 0.215838979","-0.292832812","-0.1720203613","-0.0457205800","-0.146622948","-0.009582680","-0.593270661","-0.028257792"," 0.275047049"," 0.159709872"," 0.3202076167"," 0.115639799","-0.2947124443","-0.006042703","-0.34009012"," 0.0438359691","-0.033560746","-0.1243179019","-7.091445e-01","-0.078566519","-0.243152683"," 0.036457519"," 0.07465089","-0.1002592146"," 0.377259179","-0.5478273224","-0.564573119","-0.029608896","-0.055113210"," 0.047179393"," 0.190392312"," 0.199486284","-0.178978252"," 0.199331789","-0.376907917"," 0.1476727977","-0.153039013"," 0.3782255631","-0.39117865","-0.1702583486","-0.307437937"," 0.660792482","-0.021000499","-0.490538201"," 0.235766649"," 0.139001650","-0.449445799","-0.421886927",14,13,"Febrifugine"
"Febrifugine_H4","-0.262465839","-0.501752044"," 0.293634148","-0.302969160","-0.1323988607"," 0.0953546331","-0.242424508"," 0.072323818","-0.186207589","-0.174391043"," 0.095393222"," 0.048265504"," 0.2544308986"," 0.091529352","-0.1218280576","-0.179629515","-0.45978674","-0.1449857981"," 0.108684478","-0.0259779572","-4.432571e-01","-0.241643389","-0.119876390","-0.003852246","-0.01631205","-0.1283303838"," 0.075529836","-0.2179595145","-0.296453492"," 0.008027705","-0.109489147","-0.366360396"," 0.109137728"," 0.306270129","-0.135989134"," 0.016415674","-0.685318825"," 0.0562712879","-0.261827909"," 0.2438693891","-0.93839457","-0.0780591023","-0.011548767"," 0.299908575"," 0.001724445","-0.785513996"," 0.328523003"," 0.365444373","-0.316280531","-0.278768632",14,13,"Febrifugine"
"Febrifugine_H6","-0.053061393","-0.267548655"," 0.447267534","-0.596842398","-0.3065108136"," 0.0574777628"," 0.047311052","-0.020143817"," 0.006598261"," 0.238239261"," 0.116522729","-0.103201023"," 0.4058808840"," 0.195040364","-0.5766188633","-0.270672648","-0.51302325"," 0.0543130204","-0.109771762","-0.2892427080","-5.130240e-01","-0.129830013","-0.435853815"," 0.037255416"," 0.03076630","-0.3778867558"," 0.260142158","-0.5786787989","-0.299028093","-0.049870676","-0.208964293","-0.356080503"," 0.257442461"," 0.270077539","-0.208820140","-0.090641764","-0.502228208"," 0.0180187476"," 0.057015902"," 0.3705471699","-0.15772626"," 0.1645789272","-0.153374072"," 0.666059410"," 0.046212016","-0.588814834"," 0.163359744"," 0.243452482","-0.186800616","-0.520406489",14,13,"Febrifugine"
"Febrifugine_H8","-0.247752681","-0.481805837"," 0.521057256","-0.694126333","-0.1511583738"," 0.4687780555"," 0.101836396","-0.154300273"," 0.047973689"," 0.202367185"," 0.284065139","-0.303935197"," 0.3304955449"," 0.123876118","-0.3747977021","-0.198268077","-0.68196381"," 0.2785949179"," 0.041879346"," 0.1525495532","-5.155273e-01","-0.412576115","-0.609004734"," 0.020688981"," 0.30508702","-0.6327598414"," 0.416810647","-0.7742500128","-0.513099275","-0.089060411"," 0.017894351"," 0.102482312"," 0.243463062","-0.123943718","-0.105624250"," 0.075397053","-0.754003910","-0.1297745146","-0.075634279"," 0.2996138004","-0.65066373"," 0.4440169829","-0.240805601"," 0.602948030","-0.264591083","-0.162743605"," 0.330152593"," 0.355210826","-0.341034878","-0.895085333",14,13,"Febrifugine"
"Febrifugine_H10","-0.111138673","-0.353468579"," 0.896438459","-0.934165458"," 0.0542279417"," 0.0497688058"," 0.222557149","-0.062278776"," 0.115938626","-0.233674748"," 0.090831004","-0.327957197","-0.0240063457"," 0.481648770","-0.6563251109","-0.669578881","-0.93675561"," 0.2765143427"," 0.508586655","-0.1207932560","-3.017632e-01","-0.126445171","-0.272143324"," 0.109364334"," 0.10336225","-0.6411391400"," 0.355377974"," 0.2628399827","-0.669217288"," 0.421753425"," 0.019908087","-0.088129322"," 0.184275190"," 0.524182247"," 0.071995311"," 0.026596398","-1.072508244","-0.3492947166","-0.620407048"," 0.4990921058"," 0.13389155"," 0.0193193089"," 0.238400908"," 0.532911878","-0.177282331","-0.528119373"," 0.546991408"," 0.479684489","-0.508496075","-0.930888808",14,13,"Febrifugine"
"Artemisinin_H1","-0.261879583","-0.773980323"," 0.087657912","-0.635071591","-0.2410227254"," 0.3866038195","-0.334093527","-0.071853749","-0.074000443"," 0.231292669","-0.042981924"," 0.038115400"," 0.1108140305","-0.143447957","-0.1692367094","-0.030609212","-0.30346367","-0.0388158527","-0.270060677"," 0.0246109017","-3.079818e-01","-0.666408410","-0.068210518","-0.013058816"," 0.17881224","-0.0351588534"," 0.116474514","-0.4076015245","-0.312645546"," 0.384574294"," 0.135357659","-0.832939158","-0.055052207"," 0.093395780"," 0.090820556","-0.135940816","-0.527311412"," 0.3406025673"," 0.057518395"," 0.1146333138","-0.75007664"," 0.2031403749","-0.148525451"," 0.231607231"," 0.222925207","-0.336758331","-0.079164093"," 0.242045542","-0.201834824","-0.160487971",15,14,"Artemisinin"
"Artemisinin_H2","-0.118565197","-1.044270880"," 0.465456249","-0.480457564","-0.0541748160"," 0.6008754151"," 0.124005001","-0.071474627","-0.410644080"," 0.390871328"," 0.184315001"," 0.239757074","-0.2357193151"," 0.393558713","-0.0975698587","-0.012514767","-0.38819309"," 0.3365084930"," 0.011790700"," 0.1985511534","-8.126798e-01","-0.410141648","-0.316615672"," 0.024565682"," 0.41747896","-0.0319639257"," 0.440574503","-0.5320115910","-1.024947407"," 0.288398660"," 0.181397586","-1.066011243"," 0.110570944","-0.046519408"," 0.010607289"," 0.203381421","-0.489650285"," 0.4573088187","-0.401538208"," 0.4028936238","-1.05567989","-0.1312697080","-0.399399980"," 0.238806357","-0.164142801","-0.550099210"," 0.310503891","-0.115546994","-0.835340035","-0.519294230",15,14,"Artemisinin"
"Artemisinin_H4","-0.120136730","-0.544859533"," 0.500336341","-0.379932023","-0.1735724345"," 0.4729619025","-0.113968280","-0.121170292","-0.071283086","-0.089358955"," 0.082312494"," 0.080816927"," 0.3341096625"," 0.072375980","-0.0833631337","-0.171816054","-0.41793514"," 0.2726250217","-0.252994403","-0.2386564898","-5.694946e-01","-0.162362227","-0.328058194"," 0.047086387"," 0.37133258","-0.0510035312"," 0.309741364","-0.3481250061","-0.579708013"," 0.368357081","-0.371790859"," 0.444851099"," 0.264493042","-0.001371420","-0.034479725"," 0.022491275","-0.531148034"," 0.0994495341","-0.000583257"," 0.2730561030","-0.72030139"," 0.2646493187","-0.262839564"," 0.410455909"," 0.028885356","-0.449416999"," 0.443573463"," 0.424834214","-0.070503301","-0.242582301",15,14,"Artemisinin"
"Artemisinin_H6","-0.289244681","-0.236924310"," 0.513411184","-0.336169653","-0.2253359536"," 0.0610043657","-0.213627140"," 0.155671304","-0.103524573"," 0.141480842"," 0.112365995"," 0.270430626"," 0.2170052046"," 0.042464489","-0.7788244066","-0.116368845","-0.35562516","-0.0239017380"," 0.296516596","-0.2655940581"," 1.691683e-01","-0.428784834","-0.537234394"," 0.038273700","-0.19185821"," 0.1646572958"," 0.108265157","-0.4660421477","-0.299950496"," 0.146786604"," 0.069373787","-0.220541605"," 0.524811058"," 0.400911871","-0.172500218","-0.036598571"," 0.533793374"," 0.0071543666"," 0.092340771"," 0.2560384625","-0.95867736","-0.1515749724"," 0.314759007"," 0.306290211"," 0.105020426","-0.738003156"," 0.256760314"," 0.208074738","-0.302740417","-0.745869772",15,14,"Artemisinin"
"Artemisinin_H8","-0.328692222","-0.294637686"," 0.853111417"," 0.074849442","-0.2620816862"," 0.3802154386"," 0.635052979","-0.178450590"," 0.405927059"," 0.295793394","-0.016045224","-0.158229574"," 0.3277057576","-0.174687232","-0.8608523212","-0.221183078","-0.54443588"," 0.1404182312"," 0.376687328","-0.0173695893"," 2.018674e-01","-0.798919250","-0.597512287","-0.039373523","-0.40851671","-0.1021743381"," 0.279985989","-0.7399337279","-0.244245308"," 0.230850737","-0.138472595","-0.321488759"," 0.585661875"," 0.128028572","-0.397087263"," 0.248216426"," 0.642114291","-0.1353195943"," 0.120062185"," 0.5626104197","-1.35831642"," 0.1451912653"," 0.039203530"," 0.105253128"," 0.098878280","-0.116843086"," 0.647474248"," 0.154545656","-0.131160973","-1.222933362",15,14,"Artemisinin"
"Artemisinin_H10","-0.055087376","-0.135561529"," 0.672402333","-0.710284654","-0.1264389251"," 0.0919440777"," 1.656505703"," 0.143632866","-0.010422120"," 0.560048922","-0.602859045","-0.267447423"," 0.5072194621"," 0.306263113","-1.6908166842","-0.507660168","-0.64890774","-0.1636113151"," 0.084532500","-0.0024464106"," 8.149687e-02"," 0.188360188","-0.316769727","-0.408144846","-0.31943285","-0.5681439534"," 0.358056247"," 0.1377077020"," 0.103281944"," 0.166170741","-0.728081661","-0.379962947","-0.169148896"," 0.613791613","-0.126208090","-0.008710034"," 0.169648740","-0.2644711795","-0.900628862"," 0.1220376288","-1.20452025"," 0.0526798522"," 0.889346881","-0.027632947","-0.047255765","-0.060951237"," 0.436974166"," 0.700183313","-1.084096741","-0.543249503",15,14,"Artemisinin"
"MMV43TP1","-0.275157072","-1.919031212"," 0.965778435","-1.765816460"," 0.1355071841"," 0.6634830235"," 0.047810611"," 0.210463585","-0.225727915","-0.216690353"," 0.149545108","-0.139706324"," 0.4154293582"," 0.395148550"," 1.5170860525","-1.996235327","-1.32560479"," 0.7787225806"," 1.254031063","-0.0533904791","-9.997306e-01","-0.437946540","-0.437158727"," 0.674408867"," 1.02389443"," 0.1445662530"," 0.532516448"," 0.5256420178","-1.430894871"," 1.170161451","-2.677411896"," 0.976733329","-0.111644664"," 1.272102318","-0.607850456","-0.027499611","-0.697088836"," 0.4490434621","-1.823447229"," 1.5576767199","-2.45684398","-0.2046203049","-0.122923564"," 0.561640893"," 0.480937700","-1.819288493"," 1.021566597"," 0.046379168","-1.258128805","-1.920087252",16,15,"MMV43"
"MMV43TP2"," 0.389011985"," 0.555952702"," 0.311928757","-0.773107056","-0.1916177796"," 0.6633683285"," 0.078009449"," 0.440136562","-1.187633644"," 0.508783542"," 0.025677010"," 0.211666742"," 0.1402604019"," 0.401863526","-0.9596363282","-0.945004587","-0.33383061"," 0.3633196345"," 1.076983481","-0.3507312530","-2.893180e-01"," 0.441453739","-0.031451854"," 0.103713131"," 0.17397537","-0.3420367928","-0.061203338","-0.1073068981","-1.048480845"," 0.482905287","-0.293848721"," 0.603589488","-0.592280970"," 0.616610514","-0.546079349"," 0.385907740","-0.076247173","-0.2696149796","-1.045746832"," 0.4926348932"," 1.00415380","-0.2442782702","-0.064031513","-0.467914934","-0.566904384"," 0.242124350"," 0.001725178","-0.190529586","-0.202434926","-0.242472176",16,15,"MMV43"
"MMV48TP1","-0.203625718","-0.720467197"," 0.042536102","-0.113270107"," 0.3193210046"," 0.2970138081","-0.577422675","-0.262161604","-0.430553900","-0.528890153"," 0.152143694"," 0.117190118","-0.3843709507"," 0.149915044"," 0.7754005902"," 0.156137939"," 0.01787364"," 0.1801957024"," 0.122655249"," 0.4339998958","-2.427428e-01","-0.104043034","-0.219553706"," 0.208516366"," 0.98563006"," 0.1788976151"," 0.450154331"," 0.1282132818","-0.835569584"," 0.052439855","-2.945437123","-0.309459379","-0.161396695"," 0.749724236"," 0.016846051","-0.192378423","-0.180678051"," 0.2612403470"," 0.218222843","-0.0005181268","-0.49000247","-0.1714370771","-0.243014365"," 0.121312987","-0.367663794","-0.592743387"," 0.310055040","-0.019550177"," 0.054829853","-0.502026811",17,15,"MMV48"
"MMV48TP2"," 0.350709662"," 0.440562359"," 0.224337922","-0.325516024","-0.0325467645"," 0.5552437510","-0.076454238"," 0.503888065","-0.752568316"," 0.074536715","-0.122356115"," 0.025646947","-0.3968974596"," 0.022626976","-0.2558487861","-0.781503165","-0.06557708"," 0.3520666734"," 0.628131651","-0.4110369651","-1.736365e-01"," 0.254060689"," 0.105440428"," 0.017030381"," 0.49354025","-0.1360117238","-0.149640150","-0.0948032071","-0.999851863"," 0.406865870","-0.568859238"," 0.115992165","-0.354471865"," 0.602681761","-0.292749070"," 0.081549825","-0.354238736","-0.0835902832","-0.856429578"," 0.2601287718"," 0.76910511"," 0.0438430198"," 0.028056656","-0.391869578","-0.302053512"," 0.140822911"," 0.118853160","-0.347794286","-0.108210778","-0.332551830",17,15,"MMV48"
"DFMO_TP19"," 0.174430658"," 0.960711931"," 1.119986202","-1.976330291","-0.5795034804"," 0.7696907184"," 0.388862554"," 0.045413859","-1.445749628"," 0.361795953","-0.146638528"," 0.045277320"," 1.0497888544"," 0.116718403"," 0.9364902572","-0.353577237","-1.86563928"," 0.0760246112"," 0.732361477"," 0.2848862594","-2.043019e+00"," 1.023635695","-0.298273713"," 1.029183664","-0.17081222","-0.1441684374","-0.071358125","-0.4268428045","-3.501639837"," 0.972571445","-0.023981974"," 1.125165922","-1.445888223"," 0.092795480"," 0.246658693"," 0.342164139","-1.451284204","-1.0270749834","-0.394195919"," 0.6198802668"," 0.23638261","-0.5649608797","-0.193527390"," 0.045121127","-0.176082190","-1.036930862"," 0.491639787","-0.519686098","-1.365298808","-1.555971676",18,16,"DFMO"
"DFMO_TP27","-0.096675517","-0.728719366"," 1.474462623","-1.734444464","-0.0197421629"," 0.8468223106","-0.357733528"," 0.405728030","-0.278235613"," 0.185306402"," 0.447981120"," 0.266612146"," 1.2331944942","-0.197244001"," 0.9537832241","-2.620045503","-2.43196180"," 0.5154100218"," 0.642829574"," 0.4042682930","-2.445285e+00"," 1.373573731"," 0.047993595"," 0.934734631"," 0.18332974","-0.1993989378"," 0.390553634"," 0.2166792521","-2.313839423"," 1.530588883"," 0.254904711"," 1.125552548","-4.505518165"," 0.319487643"," 0.146298140"," 0.221111608","-2.584673184","-0.4986203450","-1.306294682"," 0.7210307502","-0.26107566"," 0.2482913963","-0.026760735","-0.070612109"," 0.436030293","-1.479569019"," 0.618532313","-0.383263648","-2.192381772","-4.223034403",18,16,"DFMO"
"DFMO_TP34","-0.283709648","-1.791328781"," 1.518087454","-1.709161931"," 0.0285759157"," 0.0791183100","-0.566557764"," 0.490683444"," 0.039228158"," 0.407953669"," 0.810863060","-0.027879155"," 1.3628151274","-0.586168972"," 1.0978319288","-2.000442328","-2.06214761"," 0.3609984573"," 0.744439354"," 0.3247240028","-2.057562e+00"," 1.219915079","-0.036450075"," 0.912577265"," 0.09696059","-0.0486165477"," 0.554517791"," 0.3702205613","-1.781864214"," 1.799747194"," 0.212593905"," 1.180166493","-2.681380708"," 0.413177026"," 0.162827849"," 0.406236866","-2.344358628","-0.3499771417","-0.988849155"," 0.5333229018","-3.15623619","-0.0621104799","-0.069499281","-0.020038484"," 0.449613892","-2.048915720"," 0.737125765","-0.360996809","-2.214968432","-3.546636478",18,16,"DFMO"
"IonoTP1"," 0.377163633"," 0.577146074","-0.093502830"," 0.198399580"," 0.0035005336","-0.2061638167","-0.216786587","-0.030942215","-0.093327880","-0.991562164"," 0.020713371","-0.042178124","-0.0008665297","-0.096308134","-0.1616434818"," 0.465538786","-0.47283748","-0.0514487430"," 0.065354860","-0.2792063359"," 3.084893e-01"," 0.496069136","-0.024876883"," 0.131759644","-0.49764827"," 0.0562253109"," 0.004175686"," 0.0383507019","-0.190903144","-0.039893291","-0.025936595","-0.023658936","-0.010766066"," 0.027955674","-0.173370021","-0.008244235"," 0.819876686"," 0.0109625108","-0.132386860","-0.1096855750"," 1.11991925","-0.5098163713"," 0.191686829","-0.043140940"," 0.042204938"," 0.006529633","-0.113903367","-0.002425436"," 0.177674911"," 0.252032943",19,17,"Iono"
"IonoTP2"," 0.098505433"," 0.311851114","-0.042650211"," 0.070144691","-0.0178313153","-0.2406660512","-0.000185653","-0.033651827","-0.023730281","-2.537759995"," 0.023246122"," 0.117596869"," 0.0328935788"," 0.193590799"," 0.0196091837"," 0.385732163","-0.14334597"," 0.0013380566","-0.017939960"," 0.0299374458"," 7.906789e-02"," 0.188642324"," 0.008247210"," 0.102284162","-0.06141009"," 0.0147014711"," 0.100399410"," 0.0158322469"," 0.030768681","-0.069015647","-0.019419145"," 0.067837657"," 0.247260522"," 0.013800902","-0.066384797","-0.009178910"," 0.336543313"," 0.0313414070","-0.056671884","-0.0927352929"," 0.67667185","-0.9313517054","-0.002376034","-0.058883992"," 0.064876360"," 0.112994092","-0.045572758"," 0.036219427"," 0.159825220","-0.177500446",19,17,"Iono"
"IonoTP3"," 0.093464461"," 0.562504053","-0.047647270","-0.039396185","-0.0182578837"," 0.3153114483"," 0.072473136","-0.042442340"," 0.009940832","-1.257439076","-0.098570835","-0.038637610","-0.0495156815"," 0.291462868"," 0.1051666561","-0.237027941","-0.14861647","-0.0355974097","-0.016070006"," 0.0370580002","-1.080767e-01"," 0.377395492","-0.063617849"," 0.073294406"," 0.27596937","-0.1162479404","-0.055729560"," 0.0005911154","-0.146127376"," 0.048690655","-0.223581631","-0.166600996"," 0.002017212","-0.122139243","-0.062845796","-0.027091497"," 0.324184870","-0.1222835013"," 0.007903450","-0.0915628778"," 1.66070809","-0.8848491813","-0.075583343","-0.407654530","-0.241353631"," 0.143994632","-0.054681084","-0.070213436","-0.240987716"," 0.178508294",19,17,"Iono"
"IonoTP4"," 0.631064984"," 1.030015679"," 0.063618577"," 0.087003914"," 0.0629053038","-0.1330963201","-0.113684882","-0.076916890"," 0.058509315","-1.781208933","-0.039281998","-0.020184561","-0.0721615005"," 0.094588077"," 0.0672731236"," 0.269508834"," 0.25685826","-0.0284036450","-0.054522043"," 0.0389502980","-1.503257e-02"," 0.025824556"," 0.041665506"," 0.042104247","-0.15288449","-0.0498316381","-0.005795300","-0.1427907942","-0.192809167","-0.058593769","-0.174656965","-0.114481393"," 0.099509031","-0.025177289","-0.234016385"," 0.018398107"," 0.170270524"," 0.0002375021"," 0.008291304","-0.2161347601"," 2.18954478","-1.6547790884","-0.016805679","-0.539042865","-0.159943045"," 0.386833059","-0.142825102","-0.043265716"," 0.406819899"," 0.193331160",19,17,"Iono"
"IonoTP5"," 0.662901303"," 0.812178432"," 0.131210813","-0.012280390","-0.0664914234","-0.1901187383"," 0.018567766","-0.317875122"," 0.130203211","-1.728970663","-0.115310187","-0.287962772","-0.2279705776"," 0.195021796","-0.0023031284"," 0.137545455"," 0.17645833"," 0.0331495929","-0.083448088","-0.0871811115","-4.351399e-02","-0.122920284"," 0.216269498"," 0.069274579","-0.07032302","-0.0783876404","-0.256945941","-0.1251908052","-0.366091267","-0.064230570","-0.168858813","-0.184616457"," 0.413792418"," 0.071694364","-0.435678030"," 0.131805078"," 0.342424650"," 0.2022255622","-0.019440294","-0.2443699472"," 2.06431252","-1.1615081338","-0.128285099","-0.208239500","-0.106208314"," 0.701080955","-0.170516201","-0.094099128"," 0.286740139"," 0.163195975",19,17,"Iono"
