"","MAL13P1.124","MAL13P1.137","MAL13P1.206","MAL13P1.262","MAL13P1.40","MAL7P1.18","MAL8P1.132","PF07_0074","PF08_0032","PF10_0132","PF10_0152","PF10_0191","PF10_0299","PF10_0374","PF10_0380","PF11_0162","PF11_0290","PF11_0527","PF13_0095","PF13_0135","PF13_0137","PF14_0041","PF14_0238","PF14_0249","PF14_0360","PF14_0384","PF14_0562","PF14_0642","PF14_0713","PF14_0719","PFA0430c","PFB0175c","PFB0270w","PFB0295w","PFB0590w","PFC0090w","PFC0760c","PFC0980c","PFE0165w","PFE0430w","PFE0450w","PFE0585c","PFF0200c","PFF0610c","PFF0690c","PFF0875w","PFF0965c","PFF1150w","PFL0980w","PFL2055w","D_class","Class","Compound"
"HDATP1"," 0.433662985"," 0.316768853"," 0.41888770","-0.3671411713"," 0.197657333"," 1.187050882"," 0.7996905538","-0.389071015","-0.3915275306","-0.1952969303","-0.511115266"," 1.120162412","-0.612714078"," 0.360651106"," 1.4315410712","-0.516830830"," 0.668513304"," 0.79786161","-0.80491905","-0.4743651150"," 1.5164228459"," 1.152399519"," 0.139804803"," 0.593256354"," 0.789741460"," 0.637680823","-0.37932014","-1.038829259"," 0.620033954","-0.3580350006"," 0.613968367","-0.580679770","-0.769147594"," 0.4137182599","-0.894046629"," 0.746242952","-0.005928679","-0.662031167"," 0.880615369","-0.222908349","-0.593935729","-0.3038339418"," 0.39835576"," 0.330104665"," 0.221398250"," 0.3563599044","-0.478279948"," 0.421092401"," 0.5517402881","-0.413034542",1,1,"HDA"
"HDATP1.1"," 0.280499154"," 0.141389427","-0.41935989","-0.2894859560"," 0.053784485","-0.058054760","-0.0429221713","-0.111138149","-0.5416710351"," 0.2250786371"," 0.116000722"," 0.389736784","-0.195080566","-0.192086718"," 0.0837970515","-0.523295718"," 0.574073188"," 0.48435463","-0.10213417","-0.5164356734","-0.1667493669"," 0.478455893","-0.683072225","-0.335880142"," 0.479811389","-0.160021922","-0.69809266","-0.634430446"," 0.397851621","-0.3573293118"," 0.463856459","-0.576323564","-0.098246854"," 0.5397152189","-0.124773651"," 0.451847455"," 0.206776190","-0.358091435"," 0.770591714","-0.014381658","-0.298466210","-0.0445760667","-0.05209524"," 0.001531456","-0.096069800"," 0.4983639547","-0.148950566","-0.415638803"," 0.3435997486","-0.181543288",1,1,"HDA"
"HDATP2"," 0.048089475"," 0.273474890"," 0.18569011","-0.1402458472"," 0.518038152"," 0.657141006"," 0.7568478294","-0.626236412","-0.3069392302"," 0.2374991881","-0.813540473"," 0.511221158","-0.648342596"," 0.336350326"," 1.3323421333","-0.325536560"," 0.895404992"," 1.04950887","-0.08537403","-0.9520929685"," 1.1267684990"," 0.773674180","-0.286464150"," 0.380107614"," 0.917575474"," 0.391700240"," 0.12098367","-1.006491060"," 0.474317856","-0.2093895864","-0.010116251","-0.492138701","-0.185974961"," 0.6124485833","-0.647870981"," 0.321200863","-0.177801575","-0.968685198"," 0.797107494","-0.053630205","-0.443509705"," 0.1671929089"," 0.34289732","-0.027247997"," 0.422418726"," 0.3361640448","-0.702122986"," 0.100165532"," 0.2419656299","-0.272233055",1,1,"HDA"
"HDATP2.2"," 0.140786520"," 0.107947623","-0.30096464"," 0.0197604449","-0.446979072","-0.261872206","-0.1836287404"," 0.183895550","-0.2351383049"," 0.1008811098"," 0.292098965"," 0.265648614","-0.033237979","-0.583802270","-0.1276682610","-0.549825769"," 0.292268026"," 0.22345964"," 0.01037766","-0.1065851679"," 0.0243161945"," 0.154814107","-0.360382903","-0.331090014"," 0.212235510"," 0.199437297","-0.73105262","-0.288439576"," 0.142750514","-0.4581490965"," 0.362664113","-0.353704413","-0.048090522"," 0.3496740876"," 0.049433993"," 0.295832531"," 0.290240110"," 0.156792124"," 0.578470147"," 0.063478788","-0.003735549","-0.1254567003","-0.03864190"," 0.088294448","-0.165767225"," 0.3986275880","-0.108909882","-0.308264460"," 0.3538890494","-0.371966641",1,1,"HDA"
"HDATP3"," 0.138395010","-0.145917703","-0.09165820","-0.1497778116","-0.117967805","-0.166752192"," 0.3336357655","-0.060321485","-0.1134510308"," 0.0989071261"," 0.243528563","-0.413850895","-0.140787114"," 0.299636637","-0.4629091669","-0.370204638"," 0.809560808"," 0.57564540"," 0.39657541","-0.3832748625"," 0.3962719695"," 0.237912064","-0.217022395","-0.227576211"," 0.590943393"," 0.013508911","-0.21002078","-0.295197936"," 0.031763690","-0.5005300206"," 0.102950371","-0.887127238","-0.228469099"," 0.6481549987","-0.214155438"," 0.404895309"," 0.217844716","-0.231474505"," 0.599975750","-0.352555848","-0.224811295","-0.0154585215","-0.42379332","-0.147470106"," 0.117641230"," 0.3114165011","-0.273132967","-0.167358371"," 0.4458053759","-0.296141523",1,1,"HDA"
"HDATP3.3","-0.054201196","-0.092838517","-0.08781566","-0.1290632515","-0.142895133","-0.585080019","-0.2216848820"," 0.156994231","-0.1269314880"," 0.0184886517"," 0.333553790","-0.012811374","-0.265761134"," 0.235180556","-0.1013818902","-0.414262924"," 0.317616432"," 0.37343813"," 0.05478049","-0.1436327408"," 0.1323577017"," 0.519129100","-0.225830187","-0.370223337"," 0.328289270","-0.437687994","-0.53654955","-0.278265362"," 0.244406860","-0.5011821084"," 0.180656612","-0.682325553"," 0.049101672"," 0.2100477968","-0.232029962"," 0.565712033","-0.024300364","-0.201158224"," 0.471157589","-0.275298057","-0.404357832"," 0.1363015972","-0.22959708","-0.072106864","-0.229008936"," 0.1975745634"," 0.077842944","-0.177457330"," 0.3914518666","-0.254091796",1,1,"HDA"
"ACTTP1"," 0.202264094","-0.038147474"," 0.17112167"," 0.3877332147"," 0.371335934","-0.120705055","-0.5228678472","-0.091782120","-1.2714800299","-0.0699708389","-0.177449545"," 0.443604036"," 1.172330314"," 0.193954445"," 0.3631620477","-0.235787031","-0.009197840","-0.72307727"," 0.24425936"," 0.2063098269","-0.5995011482"," 0.428941401"," 0.218046497","-0.163164379"," 0.189556861"," 0.162229304","-0.32933728","-0.465218240"," 0.164831810"," 0.0762081898"," 0.408632402"," 0.276849885"," 0.620675230","-0.1999888999","-0.037002962","-0.308834917","-0.663367371","-0.024164152"," 0.052327009","-0.008737414","-0.083220159","-0.0519485032","-0.23038200"," 0.371603352"," 0.267242485","-0.2977171072"," 0.229857353"," 0.803219664"," 0.3704789272","-0.156420851",2,2,"ACTd"
"ACTTP2","-0.516225196"," 0.449399563","-0.43599932"," 0.5074935419","-0.221771348"," 0.091426207","-0.0462571689"," 0.408005432","-0.8500083553","-0.0709397222"," 0.499363458"," 0.713311372","-0.102451186"," 0.196059729"," 1.4046992539"," 0.432540499"," 0.088458114","-0.15494751","-0.10529164","-0.1257123412"," 0.2948070935","-0.076521793","-0.043037473"," 0.208662767","-0.310712634"," 0.080652515"," 0.24891658","-0.006808500","-0.274203555"," 0.0819345616"," 0.318692310"," 0.555965955","-0.320363762","-0.3646658101","-0.011216982","-0.535363640","-0.325205250"," 0.579164217","-0.028936559"," 0.513967092"," 0.086051965","-0.5927841970"," 0.19230830","-0.462228489","-0.326204075","-0.1599634264","-0.139954989"," 0.127128356"," 0.2917871906","-0.218710957",2,2,"ACTd"
"ACTTP3","-0.427260943"," 0.389143838","-0.30056712"," 0.7990526794"," 0.333498219","-0.199208135","-0.0644511628"," 0.107888686","-0.6427313060"," 0.1477499331","-0.074657958"," 1.671645560"," 0.994013244"," 0.044743722"," 0.7481614865","-0.103406810","-0.409861874","-0.42956604"," 0.08971356","-0.1848522310","-0.0548092492"," 0.350603527","-0.001583855","-0.049298113","-0.078109948"," 0.960883495","-0.69200239","-0.011000116","-0.070902547"," 0.1135519431"," 0.663982850"," 0.375804772"," 0.332240586"," 0.2542751270","-0.628570736"," 0.122444665"," 0.055098121"," 0.127187933","-0.100173613"," 0.243268039"," 0.264957997","-0.2695612433","-0.32470472","-0.045344622","-0.228922916","-0.1839630876","-0.028275360"," 0.045918073","-0.1206258041","-1.144299839",2,2,"ACTd"
"ACTTP4"," 0.061328012"," 0.128876445","-0.57964395"," 0.7683048076"," 0.144103224","-0.304166557","-0.3065212778","-0.450211569","-0.5183377581","-0.2629717140","-0.321561542"," 1.595284514"," 0.869955936"," 0.023136419"," 1.1835692659","-0.195246744","-0.605867636"," 0.65874303","-0.11671821","-0.0679262249"," 0.2389681096","-0.122995618"," 0.046531070"," 0.453858521","-0.372843031"," 1.108010815"," 0.62162355"," 0.117741607","-0.396171107"," 0.1708798346"," 0.737625979"," 0.702184741","-0.762976286","-0.0435794938","-0.400045183","-0.831785229"," 0.063397851"," 0.331188264","-1.070786885"," 0.382978540"," 0.653691754","-0.4342814270"," 0.50405548","-0.403076390","-0.049457777","-0.9761859059","-0.226318937"," 0.068443434","-0.1164159106","-1.086733887",2,2,"ACTd"
"ACTTP5","-0.027316587"," 0.114292517","-0.84301290"," 0.9088081485"," 0.125007898","-0.065142651","-0.1182237659","-0.329116191"," 0.0992082077"," 0.1664396661"," 0.282937216"," 1.196035785"," 0.297160350","-0.230980675"," 1.4686169264","-0.222687062","-0.713872028","-0.41246748","-0.11218169","-0.1021402583"," 0.3960880218"," 0.016522061","-0.078239365","-0.192667194","-0.496010032"," 0.874772792"," 0.45757797","-0.169054684","-0.271164784","-0.1067360897"," 0.606732612"," 0.305724351","-0.802213241","-0.1688868393","-0.593653095","-0.483878528","-0.027218233"," 0.139003096","-1.641621932"," 0.507265175"," 0.523071746","-0.7661924788"," 0.27602046","-0.829897719"," 0.534711356","-0.7183068260","-0.338780739"," 0.213815151","-1.0028763472","-0.691063453",2,2,"ACTd"
"ML_7_H1"," 0.409124218"," 0.205364855"," 0.73024941","-0.1244146313","-0.878275840"," 0.632954151","-0.1830838845","-0.011927297"," 0.0365191483"," 0.8808146460"," 0.109403873","-0.246186088","-0.178376164"," 0.429883626","-0.1996994935"," 0.216839594"," 0.208474426","-0.22909618"," 0.32858807"," 0.6101402464"," 0.0197223510"," 0.126554535","-0.117300163","-0.080106251"," 0.529313875"," 0.511506309"," 0.48358341"," 1.381613681"," 0.182821488"," 0.3358842993"," 0.923253973","-0.620469190","-0.247695638","-0.9277023397","-0.436843996","-0.144204774"," 0.278858958"," 0.656873367","-0.163281493","-0.789166281","-0.328237371"," 0.0630277666","-0.11943690","-0.248523913"," 0.260677164","-0.5270685025"," 0.036587662"," 0.268154668","-0.7171114437","-0.008355227",3,3,"ML_7"
"ML_7_H2"," 0.289426667"," 0.225836892"," 1.03413592"," 0.0514703070","-0.947343950"," 0.663620520","-0.0996289155"," 0.118442476"," 0.5250246091"," 0.3154000029"," 0.646579792"," 0.239548035","-0.089709325","-0.771564077","-0.1702125364"," 0.155531423","-0.089542080"," 0.01026495"," 0.23222129"," 0.2194885914"," 0.0435640376","-0.515704705","-0.442216012","-0.335482995"," 0.267217676"," 0.127610870"," 0.57699104"," 0.554136004"," 0.493172238"," 0.2489086969"," 0.974641776","-0.748146686","-0.143639474","-1.1307077494","-0.497215787","-0.338604673"," 0.318116496"," 0.495204194"," 0.289974538","-0.441921460","-0.331284288","-0.0318315137","-0.07693573"," 0.266298721"," 0.479992608","-0.2915469404"," 0.013916170"," 0.266985138","-0.4937543917","-0.331524896",3,3,"ML_7"
"ML_7_H4"," 0.318901060"," 0.018675555"," 0.91656917","-0.1430563105","-0.952678322"," 0.275564868","-0.1603121260","-0.093388293"," 0.1050374574"," 0.4573583321"," 0.321650066","-0.181735372"," 0.203317786","-0.073458398","-0.0713830567"," 0.211657490"," 0.306688898"," 0.27513931"," 0.26670151","-0.0369705601"," 0.0920811706"," 0.401182632","-0.179439741","-0.284139849"," 0.298406005","-0.120599367"," 0.77948929"," 0.546061286"," 0.133268916"," 0.1791204450"," 0.753260414","-0.402749470","-0.140730699","-0.9265466196","-0.496492136","-0.372847272"," 0.155998063"," 0.450501601"," 0.213451872","-0.387677248","-0.303406842"," 0.0916149170","-0.11370141","-0.031772346"," 0.330061156","-0.5193108223"," 0.002945456"," 0.368240967","-0.5264901821"," 0.054535993",3,3,"ML_7"
"ML_7_H6"," 0.286227967"," 0.011787464"," 1.03802016"," 0.2423608064","-0.874405185"," 0.106295221","-0.6196054155","-0.580935533","-0.2339859527"," 0.6578988446"," 0.114353114"," 0.209148237","-0.209051793","-1.764416657","-0.3554679361"," 0.152569113","-0.015150452"," 0.12159641"," 0.42339367"," 0.2931281325","-0.3055342199"," 0.189829897","-0.272246140","-0.472432258"," 0.431000704","-0.393242557"," 0.49947747","-0.505467631","-0.182076438","-0.2041825171"," 0.882654191","-0.330239232"," 0.013089229","-0.8466543611","-0.531478352","-0.319259023"," 0.133272008"," 0.482686940"," 0.219724599","-0.316791699","-0.242099801"," 0.3065607042","-0.11021971"," 0.085031323"," 0.219825571","-0.2440992810"," 0.104381456"," 0.278779186","-0.6267040468"," 0.598337250",3,3,"ML_7"
"ML_7_H8"," 0.622939985"," 0.212151991"," 1.07607143"," 0.0373611352","-0.776380876"," 0.557542475"," 0.2511630297"," 0.165536393"," 0.7176759704"," 0.4408917715"," 0.130447711","-0.862672415"," 0.482620102"," 0.130867043","-0.3735391270"," 0.150747516","-0.083541792","-0.19370817"," 0.45864650"," 0.0608929280","-0.2018917294"," 0.409373825"," 0.183755009","-0.488077982"," 0.277691894"," 0.076960485"," 1.20039197"," 1.021705060"," 0.436365522"," 0.3002878634"," 1.138935213","-0.591445013"," 0.251113047","-1.0895598986","-0.896274533","-0.692163884"," 0.256157391"," 0.923391340","-0.282261152","-0.363785258"," 0.012336529","-0.2246010459","-0.59523632"," 0.178879275"," 0.434626604","-0.3729004376"," 0.132604737"," 0.181241890","-0.2582202706","-0.429432973",3,3,"ML_7"
"ML_7_H10"," 0.031672403"," 0.047572144"," 0.76391411","-0.0866852967","-0.914373966","-0.277833182","-0.1412058711","-0.328343084"," 0.1084361036","-0.3631035621"," 0.334828934","-0.279742649"," 0.346123045"," 0.113031397","-0.1686229648"," 0.048759277","-0.082943995","-0.09822164"," 0.37150330"," 0.1696788120"," 0.2856709126","-0.107343417","-0.375033517","-0.025701731","-0.110635719"," 0.105040317"," 0.54145815"," 0.811057416","-0.013715842"," 0.1859876139"," 0.227851513"," 0.053997452","-0.121409487","-0.4534516042"," 0.024670974","-0.239386693"," 0.184197782","-0.063395368"," 0.463074033","-0.442357266","-0.174509032"," 0.2296326374"," 0.08441433","-0.348379772"," 0.554088638","-0.4013984341","-0.240007799"," 0.664940035","-0.3520470248","-0.146350872",3,3,"ML_7"
"ML_7_H12","-0.028342590","-0.033055967"," 0.18441603","-0.0298477317","-0.903523527","-0.663256937","-0.3065727973","-0.196534826"," 0.0537100090","-0.3444395557","-0.036678874","-0.756505620"," 0.367189545","-0.211389295"," 0.0079769055","-0.076409470","-0.438193967"," 0.16686363"," 0.45639820"," 0.1297441023"," 0.3619641119"," 0.353945285","-0.355613456"," 0.086615645","-0.358349872","-0.222116288"," 0.07889643"," 0.320529774","-0.480901590"," 0.0186092989","-0.001956810"," 0.013741853","-0.341044129","-0.2672222332","-0.052879115"," 0.044308914","-0.141513899","-0.103703679","-0.348654145","-0.616879131"," 0.067595522"," 0.2591997429","-0.04290429","-0.604580846"," 0.641773477","-0.3772800676","-0.418539798"," 0.775359811","-0.2954743129","-0.184396550",3,3,"ML_7"
"W7_H1","-0.140843916","-0.207598638"," 1.07372771"," 0.2895592693","-0.712895573"," 0.141971935"," 0.0829415862"," 0.271906673","-0.3451140986"," 1.0083603869"," 0.028884412"," 0.199260843"," 0.148260087","-0.256344861","-0.2594158656"," 0.221904038"," 0.315713011","-0.24931613"," 0.07777226","-0.2713212253"," 0.0485169303"," 0.253368687"," 0.376996885","-0.273224153"," 0.102938370"," 0.257802340"," 0.72599908"," 0.360041774"," 0.030031611"," 0.0171024591"," 0.395933365","-0.197809763"," 0.175262106","-0.5524961969","-0.206832962"," 0.103828210","-0.418409027"," 0.474226992"," 0.310707615","-0.288785321","-0.373962589","-0.3915677898","-0.29445186","-0.242860869","-0.097471572","-0.5988300845","-0.006204569"," 0.981640953","-0.2943142678"," 0.514590579",4,3,"W_7"
"W7_H2","-0.069354853"," 0.018755729"," 1.00980174"," 0.3195365625","-0.419274046"," 0.029343835","-0.0470598766"," 0.332747932","-0.2907364331"," 0.2709611129"," 0.830331728"," 0.200006628"," 0.032753531","-0.430419654","-0.0124045711"," 0.039429935","-0.095179703"," 0.27835493"," 0.29534199"," 0.2413589976","-0.0009508931"," 0.100701502","-0.191013287","-0.015411377"," 0.046152130","-0.226427308"," 0.60322079","-0.160511091"," 0.033753002"," 0.0743204115"," 0.302917361","-0.306028404"," 0.095965349","-0.6613862193","-0.535184283","-0.260154793","-0.204435586"," 0.446417380"," 0.288414534","-0.307505225","-0.427203887","-0.0109372540","-0.15259025"," 0.295927212"," 0.076741080","-0.3281168998"," 0.081421365"," 0.581332226","-0.1551413878"," 0.439395940",4,3,"W_7"
"W7_H4"," 0.626128179"," 0.356811839"," 1.05205749","-0.2427296339","-1.163063660"," 0.754698487","-0.0100240855","-0.077716981"," 0.3904320814"," 0.5648609815"," 0.285282018"," 0.079206360"," 0.032643683"," 0.651522919","-0.1019833382"," 0.454964639"," 0.215464833"," 0.20379192"," 0.52413452","-0.0117507192"," 0.1093948084"," 0.385298468","-0.170333358","-0.116363127"," 0.715230721"," 0.243529191"," 0.53351735"," 0.851228884"," 0.116141802"," 0.0718323661"," 1.121516294","-0.548663266"," 0.201858314","-0.9661500880","-0.477149415","-0.365511050"," 0.357363991"," 0.822425598","-0.222041401","-0.465039353","-0.025494322"," 0.1881171484"," 0.07580071"," 0.443752539"," 0.546338227","-0.6989806146","-0.034601336"," 0.063941046","-0.7350547976","-0.205017875",4,3,"W_7"
"W7_H6"," 0.406088887"," 0.090519569"," 1.05244464"," 0.1450520528","-1.057324675"," 0.102996343","-0.7023244418","-0.572936898","-0.4715902490"," 0.6623401936","-0.038328635"," 0.254786078","-0.196709026","-1.352267331","-0.2225003912"," 0.054485484"," 0.006864363"," 0.11948086"," 0.67892845"," 0.2180494651","-0.1941836059"," 0.475810888","-0.083233571","-0.498835945"," 0.582204159","-0.395671866"," 0.42371125","-0.486872928","-0.366173163","-0.2446828579"," 0.710597628","-0.249197686"," 0.104871539","-0.7384327597","-0.633111581","-0.327253364"," 0.201548776"," 0.328346880","-0.074398425","-0.349035253","-0.075711904"," 0.2245299257","-0.09543778"," 0.163079020"," 0.299443726","-0.2557164451"," 0.001115655"," 0.107752384","-0.8405282381"," 0.456161128",4,3,"W_7"
"W7_H8"," 0.768881766"," 0.580240745"," 1.18058197","-0.3372981832","-1.095643533"," 1.092836318"," 0.0587649991"," 0.063728089"," 0.8261027970"," 0.5315128563"," 0.378085124"," 0.371158075"," 0.212267969"," 0.640287957","-0.3892775824"," 0.370578327"," 0.151754048","-0.22135397"," 0.86882560","-0.0612967272","-0.0478788966"," 0.597612309","-0.055623989","-0.378678649"," 0.618541382"," 0.320077831"," 1.30264354"," 1.003989173"," 1.152410138"," 0.2672453705"," 1.544571490","-1.015395064"," 0.622274298","-0.9412280766","-0.739164555","-0.687618824"," 0.499898922"," 0.955433809","-0.150300263","-0.562912150"," 0.067872431","-0.1603974309","-0.15501034"," 0.625665817"," 0.458988824","-0.5431188669"," 0.162043656","-0.125613237","-0.6343257460","-0.596373724",4,3,"W_7"
"W7_H10"," 0.068050143","-0.146976331"," 0.78224387"," 0.1127308532","-0.339670720"," 0.103086442"," 0.4208523033"," 0.580041291","-0.3246450913"," 0.5476746434"," 0.487188513","-0.003844772"," 0.293498772"," 0.141733598","-0.2432278116","-0.511612236"," 0.352786278"," 0.35577131"," 0.04001783"," 0.3873531017"," 0.1312699522"," 0.703059973","-0.195992758","-0.309685563"," 0.025439732"," 0.276652515"," 0.61327394"," 1.018942589","-0.083385703"," 0.1752430207"," 0.298819545","-0.159246158","-0.005326173","-0.9440550734","-0.282289079","-0.369305800","-0.154633021"," 0.542548707","-0.659424167","-0.364422979","-0.411608131","-0.5036667398","-0.12448520"," 0.158426497"," 0.293035518","-0.2861795928"," 0.566730926"," 0.265138970","-0.0331439558"," 0.319523105",4,3,"W_7"
"W7_H12"," 0.226112742"," 0.310847661"," 0.75318358"," 0.2778749671","-0.667052827"," 0.488418735"," 0.0867501321"," 0.372018864"," 0.5351234439"," 0.6213434781"," 0.362881825","-0.089769655"," 0.005148386"," 1.277160916","-0.2685187847"," 0.120982976"," 0.136241915"," 0.17280701"," 0.02111293"," 0.1484667042"," 0.2293722206"," 0.129268281","-0.157771881","-0.131618919"," 0.332386531"," 0.024431584"," 0.56402747"," 0.725791375","-0.113723835"," 0.2337814305"," 0.937556489","-0.587417394","-0.088438367","-0.6881613844","-0.431159423","-0.337020270"," 0.121430153"," 0.469710991","-0.745848850","-0.496387639"," 0.058639805","-0.2217604617","-0.32104685"," 0.697377664"," 0.514901357","-0.4343693802"," 0.400707881","-0.180346920","-0.4389759572","-0.241735475",4,3,"W_7"
"Staurosporine_H1"," 0.151460335"," 0.389469770"," 0.53638397"," 0.0730580830","-0.555632340"," 0.296171209","-1.0847930649"," 0.426362602"," 0.1550873585"," 0.3646994350","-0.005730501","-0.370467188","-0.330259724"," 0.020725293"," 0.2403129143"," 0.605947479"," 1.460407789"," 0.10126437"," 1.15366070"," 0.2334420482","-0.0893759857"," 0.312088032"," 0.085547390","-0.160559812"," 0.048974931"," 0.600709864"," 0.07676512","-0.068172860"," 0.007658657","-0.9848395293"," 1.040383596"," 0.395118365","-1.217710253","-0.2183534513","-0.732406617"," 0.020260163"," 0.642098552"," 0.222853313","-0.069386369"," 0.365375641","-0.043726844"," 0.3364182634"," 0.67751398","-0.271658078","-0.350150417","-0.0471356010","-1.081005648","-0.639373929","-1.0490072368"," 0.769998250",5,4,"Staurosporine"
"Staurosporine_H2"," 0.132678321"," 0.424432971"," 0.37597378","-0.0310216916","-0.924414276"," 0.076172397","-1.0736721412"," 0.370233242"," 0.1406071999","-0.0793026120"," 0.635042707"," 0.079049394","-0.098353023"," 0.017285295"," 0.3837560788"," 0.504010456"," 0.861945691","-0.06652596"," 1.25066355"," 0.3509443519","-0.2381817797"," 0.258622088"," 0.183910751","-0.133949633"," 0.026837967"," 0.483664341","-0.42127102"," 0.032676219"," 0.289219962","-0.8229760676"," 0.873298633","-0.058625519","-0.872423700","-0.4935007031","-0.784022835","-0.353749425"," 0.717914894"," 0.261592726","-0.678905998"," 0.272991102"," 0.250673951"," 0.3786505496"," 0.64575449"," 0.041603181","-0.259831727"," 0.1870706989","-1.336130921","-0.654481885","-1.1909913666"," 0.007393349",5,4,"Staurosporine"
"Staurosporine_H4"," 0.070029021"," 0.085399162"," 0.39719160","-0.3184632960","-0.797826384"," 0.119129146","-0.6320348406","-0.240336131","-0.1164238096"," 0.0338749098"," 0.110866646","-0.300399371"," 0.382674043"," 0.331399243"," 0.2402723904"," 0.534219067"," 1.161689356","-0.01499715"," 0.81664872"," 0.3591886228","-0.2008295760"," 0.426526476"," 0.568103756","-0.194300476","-0.025575086"," 0.354191837","-0.20923508"," 0.018109113"," 0.246538131","-0.4674614722"," 0.741151745"," 0.371151366","-0.810244623","-0.7623583925","-0.493278346","-0.273776312"," 0.357491501"," 0.493298531","-0.475326381"," 0.538124241"," 0.270970535"," 0.2956434351"," 0.39755102"," 0.081632251","-0.062723330","-0.3821245094","-0.967642259","-0.075129010","-0.9261884920","-0.033081473",5,4,"Staurosporine"
"Staurosporine_H6"," 0.004952358","-0.140044842"," 0.42194562"," 0.1325624515","-0.806918817","-0.477440749","-1.0616116537","-0.498057607","-0.6447141545"," 0.0835630468","-0.152601189"," 0.326114061","-0.035896607","-1.441187445","-0.0481742398"," 0.151663511"," 0.537737357","-0.20357202"," 1.17072821"," 0.3414899312","-0.3173023326"," 0.395529438"," 0.271892683","-0.312614727"," 0.083337873","-0.005469496","-0.13593043","-1.035592702","-0.295401476","-0.9961150914"," 0.679821716"," 0.577317460","-0.745774882","-1.0872605947"," 0.103625545","-0.252464474"," 0.414686697"," 0.378447863","-0.643867048"," 0.484629473"," 0.349684506"," 0.4177293111"," 0.42966816","-0.639378678"," 0.031791660"," 0.0460219198","-1.140527846","-0.459016158","-1.0869873757"," 0.673245384",5,4,"Staurosporine"
"Staurosporine_H8"," 0.061963673","-0.214399778","-0.44714879"," 0.0537055418","-0.742986838","-0.300427346","-0.4289553964"," 0.769032497"," 0.0522798288","-0.0093099864"," 0.279563116","-0.037720470"," 0.613271120"," 0.240194830","-0.1333269895","-0.257051900"," 0.303479340","-0.17286456"," 0.94778864"," 0.1400252243","-0.0588640900"," 0.461812502"," 0.583408874","-0.083579924","-0.641359875"," 0.465167728"," 0.72800398"," 0.219941083"," 0.052918418","-0.7225626017"," 1.029811199"," 0.368705576","-0.759123031","-1.0511837590","-0.186654265","-0.885241049"," 0.242672638"," 0.487222192","-1.387439523"," 0.538611887"," 0.602222545"," 0.0240743302"," 0.47270778","-0.510836308"," 0.162819637"," 0.0625030871","-1.104322484"," 0.104828261","-0.3740082777","-0.046963207",5,4,"Staurosporine"
"Staurosporine_H10","-0.059897290","-0.185153866","-0.14483590"," 0.0008938315","-0.464985766","-0.165419791"," 0.4723451650"," 0.715472944"," 0.0014451064","-0.1440780367"," 0.389966808"," 0.011942276"," 0.464598564","-0.066162873","-0.2811864619","-0.345657870"," 0.610791571","-0.28372740"," 0.43913972"," 0.7021017194"," 0.1563395065"," 0.282017114"," 0.271007371","-0.082087074","-0.421091471"," 0.705860729"," 0.24163642"," 0.554204380","-0.138930636","-0.5259704551"," 0.941255296"," 0.081955790","-0.728174439","-1.5572772091"," 0.621024383","-0.875348565"," 0.102206752"," 0.371531017","-0.750591439"," 0.366735346"," 0.596062432","-0.0429038799"," 0.35148928","-0.160764119"," 0.279898364","-0.1471677285","-0.732918414","-0.010846951","-0.5381789368"," 0.045229367",5,4,"Staurosporine"
"Staurosporine_H12","-0.216564202","-0.526412894","-0.95238872"," 0.6171378025","-0.637454426","-0.671407232"," 0.5744567335"," 0.747780104"," 0.3927892183","-0.3394862323"," 0.067379273"," 0.128382927"," 0.664383334","-0.072826587","-0.4791612456","-0.631756226"," 0.409261043","-0.09846165"," 0.76386837"," 0.3347800959"," 0.6379424812","-0.313685890"," 0.022264381","-0.005588271","-0.636475896"," 0.863896391"," 0.53177605"," 0.680194680","-0.194558259"," 0.3118063998"," 0.577048511","-0.040389161","-0.923167809","-1.2722967574"," 0.645126482","-1.068382827","-0.322793889"," 0.489546607","-1.304894858","-0.112048867"," 0.639333330"," 0.0502331806","-0.23446345"," 0.064696398"," 0.428751686","-0.4085707143"," 0.082988737","-0.694561434","-0.6524491861","-0.145843712",5,4,"Staurosporine"
"Cyclosporine_H1"," 0.368769724","-0.186668032"," 1.03618738","-0.3280190325","-0.168244859","-0.019127933"," 0.2418416072","-0.128746076"," 0.8055116027"," 1.2538960857","-0.007902723","-0.458382618"," 0.134708355"," 1.011293231"," 0.4646065095","-0.667060140"," 1.468803921","-0.09113152"," 0.01271036","-0.0238441940","-0.2280204764","-0.163282930","-0.056557642"," 0.159607920","-0.471443952"," 0.115773031"," 0.84090836","-0.350059504"," 1.077081427","-0.1962380558","-0.009671135"," 0.503495298","-0.413586060","-0.3365286350","-0.441926953"," 0.428755611"," 0.698488690","-0.498003247","-0.594195082"," 0.037364330"," 0.006803604","-0.2498273747"," 0.35800914","-0.008889063"," 0.671064448","-0.3585328669"," 0.132391681","-0.588648464","-0.4632963493"," 1.822190523",6,5,"Cyclosporine"
"Cyclosporine_H2"," 0.301373712","-0.092879603"," 0.56889482","-0.1620489114"," 0.050596795","-0.111764606"," 0.1150720025","-0.024315570"," 0.1683857038"," 0.8214869077","-0.111900045","-0.228551152"," 0.250518318"," 0.820602308"," 0.4311719455","-0.329289406"," 1.156333437","-0.07206720","-0.14385907","-0.0980792128","-0.2575973797","-0.289693636"," 0.001231259","-0.211403406","-0.285768714"," 0.260250739"," 0.82053621","-0.272796983"," 0.567851074","-0.2046128310"," 0.121713987"," 0.400974244","-0.325968892","-0.1286670860"," 0.032754726"," 0.281615743"," 0.692894929"," 0.016625495","-0.160384831"," 0.204294988","-0.166717396","-0.3034352649"," 0.04455787"," 0.026028574"," 0.344887578","-0.1564621043"," 0.110949573","-0.196589129","-0.2625500087"," 1.021442272",6,5,"Cyclosporine"
"Cyclosporine_H4"," 0.230110721","-0.201378551"," 0.86984930","-0.2938187987","-0.060717685","-0.258404993"," 0.1977665357","-0.281645022"," 0.3629084144"," 1.1339567562","-0.235941012","-0.279410701"," 0.289479259"," 0.138430164"," 0.1776354480","-0.435031542"," 1.733084603","-0.02071482","-0.23776087","-0.0478954715","-0.2182261493","-0.123930758","-0.165409475","-0.109343886","-0.356964695","-0.093777813"," 0.78003757","-0.148700622"," 0.888138666","-0.0988884726"," 0.014148399"," 0.454879773","-0.182237621","-0.1753244545","-0.352455773"," 0.206497838"," 0.716722454","-0.267761257"," 0.150880083"," 0.209308160","-0.002305715","-0.1369560572"," 0.15803175","-0.103588619"," 0.459789863","-0.3053732604"," 0.069416498","-0.271476573","-0.2568822430"," 1.575244678",6,5,"Cyclosporine"
"Cyclosporine_H6"," 0.132608385","-0.075262884"," 1.12425231","-0.3631734960"," 0.056407880","-0.152834744","-0.1222954260","-0.020309413"," 0.5384224900"," 0.3884423357","-0.158285608","-0.236817419"," 0.010798816"," 0.715920002"," 0.1233802235","-0.184148542"," 1.378663308"," 0.46122859","-0.20493663"," 0.0438045738","-0.2534679237","-0.159712311","-0.273719238"," 0.200904095","-0.488621173","-0.115624790"," 1.52972171","-0.621033282"," 0.718928821","-0.1404963449"," 0.205066852"," 0.791097002","-0.370835519","-0.3400793290","-0.273096589","-0.186724553"," 0.642612011","-0.379625515","-0.076711533"," 0.221932274","-0.164114950","-0.2480369305"," 0.54563196"," 0.054072978"," 0.634748960"," 0.1324635331"," 0.039324178","-0.499047918","-0.1428514247"," 1.194052334",6,5,"Cyclosporine"
"Cyclosporine_H8"," 0.451804920","-0.117020541"," 1.09498767","-0.4097935683","-0.428965227"," 0.034053602"," 0.0840684005","-0.291178406"," 0.7536653987"," 0.9443024748","-0.102215329","-0.522232066","-0.160705856"," 0.887189978"," 0.1121268529","-0.180798629"," 1.321718707"," 0.40509547","-0.05772741"," 0.1170046153","-0.0466821396","-0.347787148","-0.473423386","-0.031897433","-0.371833631"," 0.103932223"," 1.00824053","-0.765208036"," 1.157288984"," 0.0664842334"," 0.419453685"," 0.377734706","-0.088159762","-0.3418191253","-0.345510240"," 0.279610676"," 0.903940835","-0.468392943","-0.008102426"," 0.242647261","-0.212382303","-0.1025562415"," 0.67345755","-0.362295947"," 0.794942141"," 0.0001095511"," 0.027307867","-0.694455205","-0.3928775942"," 0.496306934",6,5,"Cyclosporine"
"Cyclosporine_H10"," 0.420260927","-0.107083905"," 0.68234926","-0.2534188556","-0.041466264","-0.141954576","-0.0496415135","-0.138223968"," 0.5832018373"," 0.9470678233","-0.434978597","-0.488510210","-0.043715100","-0.888085043","-0.0713308229","-0.156474425"," 1.165527244","-0.26952995","-0.16879826","-0.0133105985","-0.1233335235","-0.394763500","-0.098025346"," 0.053976283","-0.201801045"," 0.058488878"," 0.29061787","-0.317785538"," 0.754145881"," 0.0214493260"," 0.311748702"," 0.388146038","-0.152620565","-0.2737580468","-0.450516598","-0.041494484"," 0.646114459","-0.161569934","-0.047044822"," 0.379874665","-0.095238741","-0.3945122061"," 0.21049606","-0.193284688"," 0.375821728","-0.4373431801"," 0.258721246","-0.634811173","-0.2785156626"," 0.942643200",6,5,"Cyclosporine"
"Cyclosporine_H12"," 0.307436088","-0.105322297"," 0.76569290","-0.3534521808"," 0.039641491","-0.027635873"," 0.1516904722","-0.293779659"," 0.4542511818"," 1.2698025203","-0.098164536","-0.398115705"," 0.112549794"," 0.787684362"," 0.1933338150","-0.309144764"," 1.645456257","-0.24428952","-0.23883171","-0.0828199278","-0.2968770674","-0.081659826","-0.057432346","-0.039408877","-0.091274235","-0.211490789"," 0.79002524","-0.345809057"," 0.909489570","-0.0091972990"," 0.285604319"," 0.321884296","-0.082442121","-0.4135848546","-0.211894162"," 0.086700881"," 0.797861042"," 0.010506836"," 0.046169472"," 0.319921066","-0.224863047","-0.2884829889"," 0.20801773","-0.111688344"," 0.390917337","-0.3521057173"," 0.117096079","-0.591677085","-0.0018244328"," 1.271568136",6,5,"Cyclosporine"
"Cyclosporine_H14"," 0.528734817","-0.153617292"," 0.67482146","-0.4641640930","-0.072540856"," 0.039200342"," 0.4651765554"," 0.170746347"," 0.4868181551"," 1.2637218112","-0.177195054","-0.198027020"," 0.058641674"," 0.634491646"," 0.0225145826","-0.486115316"," 1.516203183"," 0.02271504"," 0.00300129","-0.0380195722","-0.2130406814","-0.155929215","-0.242936526"," 0.114274222","-0.132529915"," 0.271377858","-0.29178863","-0.604063051"," 0.938848317","-0.1726178632"," 0.147906236"," 0.729357146","-0.380174481","-0.6357977563","-0.422628335","-0.036314951"," 0.894922291","-0.131025569","-0.081840745"," 0.499326958","-0.019739670","-0.3487963060"," 0.32156310"," 0.047507677","-0.067828027","-0.2565025271"," 0.089307946","-0.276714414","-0.0560219689"," 1.084759910",6,5,"Cyclosporine"
"Colchine_H1","-0.105673326","-0.114105789"," 0.01690747"," 0.0994814451"," 0.462048410"," 0.403854158"," 0.0378423338","-0.218961137"," 0.2467293061"," 0.3850349521","-0.611689407","-0.134592973","-0.291711795","-0.195846122"," 0.3358222463","-0.259148708"," 0.489438438","-0.10905529","-0.21153986"," 0.1751793580"," 0.3927940856"," 0.433499658"," 0.009957927"," 0.216057552"," 0.079060912","-0.279731923"," 0.10269607","-0.344198877","-0.092827463"," 0.0631308532","-0.254545609","-0.296421886","-0.235865058"," 0.2867754462"," 0.286665020"," 0.263162245"," 0.101349226","-0.503513013","-0.196777767"," 0.124370121","-0.021935793"," 0.1062068834"," 0.32814474","-0.162957356"," 0.742278687","-0.1613477293"," 0.079003030","-0.028682864","-0.3739392399"," 0.274174556",7,6,"Colchine"
"Colchine_H2","-0.062508419","-0.227446560"," 0.16812422"," 0.0151746991"," 0.007970343"," 0.101005553","-0.0833811525"," 0.020436322"," 0.2619593648"," 0.2206552607"," 0.177260713"," 0.006580137","-0.129642262","-0.252976418"," 0.1589632689"," 0.041000649"," 0.023180707"," 0.02368665","-0.02230266"," 0.0176436540"," 0.2437528582","-0.081499543"," 0.012236324"," 0.433858829"," 0.091771746","-0.072426373"," 0.08665765","-0.114814631"," 0.101228047"," 0.2081927418","-0.148150204"," 0.183564827","-0.075005345","-0.0647755137"," 0.069288376","-0.098539544","-0.030454709","-0.105938453"," 0.109063019","-0.074421924"," 0.038213757"," 0.3841286130"," 0.01323937","-0.235683357"," 0.197964980","-0.0687264322","-0.022960508","-0.014569681","-0.1121759931"," 0.290492169",7,6,"Colchine"
"Colchine_H4","-0.001943864","-0.127412700","-0.24936428"," 0.0188305716","-0.190548201"," 0.060784888","-0.0285508915","-0.124935445","-0.0093554048","-0.0373682365","-0.096879777","-0.193933279"," 0.052954571","-0.391630702"," 0.0681780263"," 0.159456490"," 0.340624945","-0.04411301"," 0.22523318"," 0.1091291863"," 0.1966023948"," 0.138176431","-0.010256706"," 0.083139884"," 0.125608230"," 0.112202956"," 0.07849881"," 0.063272767","-0.034487899"," 0.0001920367","-0.101030570"," 0.125254365"," 0.166159913","-0.0825718271"," 0.458122462"," 0.094749696"," 0.063331753"," 0.100272916","-0.122923683"," 0.167243319"," 0.073469499"," 0.3141391489"," 0.02199396"," 0.321280667"," 0.333174836","-0.0388800825"," 0.092485672","-0.291973657","-0.1974441942"," 0.536493729",7,6,"Colchine"
"Colchine_H6"," 0.069135065","-0.010508552","-0.27102785"," 0.0233595653"," 0.136865396"," 0.020061619","-0.1414984702","-0.128297409"," 0.1059885857"," 0.0328092538"," 0.102405658","-0.069683866"," 0.084514048","-0.223963834","-0.0083149868","-0.152226270"," 0.264665444","-0.08741328","-0.09144410"," 0.0674087074"," 0.0779982997"," 0.062785099","-0.045216515"," 0.207988708","-0.162161949"," 0.006378068"," 0.11697526"," 0.067772953"," 0.122363745"," 0.0998776882","-0.095292764","-0.001853921"," 0.176286679"," 0.0252398836"," 0.152383566"," 0.035809400"," 0.172686235","-0.156555205","-0.065825485"," 0.131334886"," 0.175716484"," 0.2170973746"," 0.15672787","-0.006517744"," 0.197047592"," 0.0475669777"," 0.017804277","-0.187049967","-0.1931018399"," 0.069246584",7,6,"Colchine"
"Colchine_H8","-0.009236766","-0.141578180"," 0.05182466","-0.0754419346","-0.060388887","-0.274205889","-0.2415768012"," 0.053740373"," 0.0180751669","-0.1073666276"," 0.169312463","-0.062311738"," 0.060998870"," 0.295196547","-0.1259658923","-0.020071092"," 0.375007491"," 0.03385067"," 0.10751585","-0.2119445699"," 0.1282643129","-0.044355337","-0.206312319","-0.057357570","-0.002320497","-0.021083768"," 0.50136961","-0.250615638"," 0.085592247"," 0.0312877940","-0.111748064","-0.039580698","-0.073744520","-0.1036781512"," 0.260870885","-0.329669717","-0.102463432"," 0.065035757","-0.063934396","-0.005619798"," 0.085612523"," 0.3386004902","-0.19097045","-0.314184491"," 0.240075230"," 0.0761855908","-0.131461637","-0.213598050","-0.2477878681"," 0.457438505",7,6,"Colchine"
"PMSF_H1"," 0.013878793","-0.079374456","-0.68370223"," 0.8409102365","-0.648449042"," 0.286440840","-0.5704677168"," 1.238583480","-0.6084719110"," 0.0850714160","-0.020533137","-0.113486045"," 0.260860824"," 0.346351105","-0.1545532149","-0.671586699"," 0.505998030","-0.09827255"," 0.52669198"," 0.0545589886","-0.2734901042","-0.401780929","-0.177938987","-0.620062079"," 0.699883577"," 1.151577523"," 0.04572665","-0.213857006"," 0.213268243","-0.1321603609"," 0.176376690"," 0.701234616","-0.193828717","-0.5792707293","-0.489547021"," 0.233900273"," 0.627845984"," 0.227747450"," 0.111671288"," 0.549787066","-0.220772196","-0.7707462237"," 0.26615608"," 0.004621575","-0.129760498"," 0.5297296592","-0.328247634","-0.781154877"," 0.0745221001","-0.237854507",8,7,"PMSF"
"PMSF_H2"," 0.055628060"," 0.042742422","-0.45443042"," 0.1443225284","-0.104669119"," 0.236612457","-0.0004724186"," 1.183216765","-0.5013948201"," 0.1254721776"," 0.457900067"," 0.101320188","-0.282704700"," 1.168068416"," 0.3596800221","-0.905685405"," 0.647614079","-0.22301942","-0.10724502"," 0.0825341954"," 0.2656502283"," 0.063067476","-0.266420837"," 0.258817698"," 0.275779917"," 1.081724471","-0.80413318","-0.466035331","-0.330167741"," 0.0099572942"," 0.121783287"," 0.383254343"," 0.034017374"," 0.1617767610","-0.016900251"," 0.517526678"," 0.789797744","-0.438827503","-0.303479333"," 0.291365991","-0.182464897","-0.7718034762"," 0.19613816"," 0.272955316"," 0.122609270"," 0.9048633670","-0.432690170","-0.461710281"," 0.1034927632","-0.478290220",8,7,"PMSF"
"PMSF_H4"," 0.194715738","-0.100765683","-0.02321564"," 0.9076468858","-0.269766742","-0.258359429"," 0.2694533325"," 1.288858803","-0.5506541429"," 0.0479450693"," 0.775338481"," 0.107131899","-0.159166476"," 1.097288781"," 0.1825579303","-1.011182199"," 0.742268086","-0.29914901"," 0.02910867","-0.4564080427"," 0.2616051387"," 0.165604744","-0.624141637"," 0.308082608"," 0.149486395"," 0.511494692","-1.09919451","-0.669657889","-0.333752233","-0.0656887381"," 0.128595724"," 0.229931611","-0.033005821"," 0.0492793828"," 0.165717854"," 0.265872499"," 0.969363820","-0.513303347","-0.692523272"," 0.231004049"," 0.030897743","-0.9670671936","-0.18971303"," 0.251459649"," 0.108414833"," 1.2153349578","-0.456117629","-0.027607867"," 0.0235981756","-0.980731772",8,7,"PMSF"
"PMSF_H6","-0.149618302","-0.607675630"," 0.36144176"," 0.6394142237","-0.055234025","-1.110344088"," 0.8585530397"," 1.407769836","-0.3473273611","-0.3441935155"," 0.766171957","-0.221053837","-0.130403965"," 1.132796984"," 0.1001894908","-1.016796478"," 0.686568952","-0.20141652","-0.20150151","-0.0581918247"," 0.3366256204","-0.090672680","-0.676706283"," 0.584098153","-0.004017084"," 0.075434660","-0.68730115","-0.436716843","-0.110369330"," 0.0523323291","-0.315224180"," 0.482679675","-0.033477844","-0.4754485915"," 0.174608263"," 0.331242221"," 0.659723978","-0.449840772","-0.606506066"," 0.148631261","-0.148581924","-0.5329419085","-1.00040539"," 0.049626521"," 0.149628719"," 0.3911061764","-0.503982056"," 0.506436592"," 0.0450024804","-0.470367840",8,7,"PMSF"
"PMSF_H8","-0.217755924","-0.948421944"," 0.01537116"," 0.6255167060","-0.703781271","-1.290650719"," 0.5992667242"," 1.191626326","-0.4829813412","-0.6230950662"," 0.071935026","-0.515678563"," 0.155309684"," 1.581226832","-0.2001522448","-0.885222561"," 0.015973697","-0.38545607"," 0.22409415","-0.4476317730"," 0.3012720528","-0.174095755","-0.919116954","-0.045979016"," 0.112801446"," 0.600022117","-0.41523750","-0.306027654"," 0.185427458","-0.0746006896","-0.448127151"," 1.047314687","-0.307111920","-0.5530562006"," 0.137265670"," 0.215400599"," 0.685338591","-0.194396602","-1.153929902"," 0.194635420"," 0.002652758","-0.4623234038","-1.32569911","-0.051064278"," 0.573203875","-0.4517709310","-0.413146522"," 0.011263351","-0.4601279574"," 0.289388369",8,7,"PMSF"
"Leupeptine_H1","-0.079025754","-0.064057340","-0.17476520"," 0.5744502123","-0.114396003","-0.027123961","-0.3131008607"," 0.042106324"," 0.1352406341","-0.0653814706"," 0.935361327","-0.048548048"," 0.069194620","-0.226010684","-0.0279925015","-0.075027190","-0.278426928"," 0.21824459","-0.17057303"," 0.1262449524","-0.1742029304","-0.376392381"," 0.246846898"," 0.113340432"," 0.008930599","-0.346514026"," 0.04319766"," 0.094436020"," 0.150481798"," 0.3039501247"," 0.277166288","-0.046716327","-0.105034628"," 0.1870051928"," 0.004087465","-0.443460739","-0.113305122"," 0.055064296"," 0.209893880","-0.037557568","-0.083336374","-0.0824488525","-0.23348954"," 0.204857184","-0.429217659","-0.1253969795"," 0.058915626","-0.141001983"," 0.3803931140","-0.508886079",9,8,"Leupeptine"
"Leupeptine_H2"," 0.023931270","-0.014012165"," 0.27253556","-0.1665874613","-0.021462934"," 0.076351760","-0.0973786999","-0.111183823"," 0.1282294923","-0.0033428296"," 0.197072909","-0.127049794","-0.148986280"," 0.113985880"," 0.0999970281","-0.056728311","-0.131651765","-0.01498185","-0.12223433"," 0.0005730812","-0.1133307523","-0.100417773","-0.099617215","-0.156368797"," 0.305191747"," 0.259359930"," 0.44254131"," 0.064789342","-0.187128185"," 0.1728680737","-0.002404116","-0.005407515"," 0.194222929"," 0.1474840608","-0.176961819"," 0.170908768","-0.046461523","-0.001746518"," 0.074103703","-0.134619079","-0.117749187"," 0.2111169976","-0.08541856","-0.081885616","-0.134971881","-0.1738713959"," 0.024196257"," 0.009207985"," 0.1153746174"," 0.115439701",9,8,"Leupeptine"
"Leupeptine_H4"," 0.100219197"," 0.033295023","-0.05121864"," 0.4648729817"," 0.097039036","-0.048883045"," 0.1089489654","-0.054242586","-0.0829071168"," 0.1079668421","-0.083071807","-0.034583439","-0.028939315","-0.095506849","-0.0428174804","-0.114615944"," 0.045566372","-0.01504191","-0.06202353","-0.1490656298","-0.0129520056"," 0.187146751"," 0.067793022","-0.031804094","-0.063093527","-0.116853237","-0.23375390","-0.268151269","-0.068776774","-0.1087587185","-0.008275552"," 0.047891064"," 0.025100370"," 0.0664024264","-0.014367431","-0.358390374"," 0.112393993","-0.061530416","-0.505474079","-0.166425080"," 0.004063342","-0.2378238957"," 0.05261353"," 0.055837182","-0.049528302"," 0.2371580502"," 0.015076165"," 0.283789027","-0.1480688399","-0.049174246",9,8,"Leupeptine"
"Leupeptine_H6","-0.168978494","-0.053195305"," 0.19712522","-0.1208444110"," 0.197899399","-0.114437687"," 0.1449672624"," 0.368045164"," 0.1411702575","-0.0921873851"," 0.407624005","-0.033055155","-0.122628486"," 0.243379444"," 0.0079254914","-0.015578424","-0.165383742"," 0.22195618","-0.38552440"," 0.0570554275","-0.1373878363","-0.147959948"," 0.050042293"," 0.114245851","-0.037574865","-0.138164629"," 0.22149274"," 0.077802019","-0.091035227","-0.0072061837","-0.218308582"," 0.012879650","-0.104512863"," 0.1904089114","-0.324135954","-0.087327106"," 0.007723352","-0.028156710","-0.075754675"," 0.050982547","-0.097121445"," 0.0501396752","-0.03851279","-0.110328317","-0.061917857"," 0.0385103025","-0.182565572"," 0.104247249","-0.0427664012","-0.003265196",9,8,"Leupeptine"
"Leupeptine_H8"," 0.032937468"," 0.090306974"," 0.12714112","-0.7502315264"," 0.011024501"," 0.218587301"," 0.0368633085"," 0.055631488","-0.0898270421","-0.0059184881"," 0.038224312","-0.096725224","-0.106204531"," 0.648959874"," 0.1100519144","-0.013311341","-0.147977413","-0.03445676"," 0.05211846"," 0.1094216265"," 0.0577350987"," 0.237515369"," 0.015353652"," 0.109400999","-0.098204803","-0.001319517","-0.40375286","-0.030471101"," 0.056235935"," 0.0371075898","-0.455811288"," 0.239043340"," 0.161489694"," 0.2458287316","-0.032866845","-0.035508815"," 0.178023307","-0.367761839"," 0.001885840"," 0.044496629"," 0.122458863"," 0.0392692684"," 0.38547365","-0.129686790","-0.155019182"," 0.0895779402"," 0.012597922"," 0.128860601","-0.2739077017"," 0.270753842",9,8,"Leupeptine"
"Apicidin_H1","-0.046033850","-0.152660769"," 0.42361232","-0.3154575788","-0.362330965"," 0.114728596"," 0.1176269304"," 0.242785634","-0.0098570073"," 0.0257069925"," 0.666849970","-0.391986361","-0.040201787","-0.131452895","-0.0490812967"," 0.084178477"," 0.015410802"," 0.83674685","-0.05104866","-0.6581598984"," 0.1329562023","-0.361331828"," 0.023412706"," 0.015988951"," 0.068904604"," 0.549714765"," 0.54906489"," 0.228392167"," 0.053285970"," 0.1403913072"," 0.156436726"," 0.090613478","-0.175070908","-0.3622095485","-0.275873299"," 0.127530698","-0.050693098"," 0.287995817","-0.266035791"," 0.068526115"," 0.028910307","-0.2774035653"," 0.33743794","-0.975569420"," 0.006064657","-0.4398151141","-0.133312539","-0.277841485","-0.3381190403"," 0.355110933",10,1,"Apicidin"
"Apicidin_H2"," 0.215745718"," 0.092932462"," 0.20406740"," 0.2547604904"," 0.334973597"," 0.047734118","-0.0438163374"," 0.236634669","-0.0826094219"," 0.2488944640"," 0.196197615"," 0.030000749","-0.064975922"," 0.314804537","-0.0038148931","-0.151742128","-0.104005323","-0.23277073","-0.12206749","-0.1066537571"," 0.1454657859"," 0.044398732"," 0.106740899"," 0.151904928","-0.299721379"," 0.143428296"," 0.14000745","-0.167280887"," 0.191614116","-0.0276359050"," 0.134016700"," 0.208979171","-0.133277731","-0.0072568233","-0.167390238","-0.089903050"," 0.173504492","-0.239117353","-0.518243183"," 0.146867027","-0.044884748","-0.0303285916"," 0.21271822"," 0.257617131"," 0.028813070"," 0.0284447905"," 0.186491911"," 0.155583447"," 0.0482312012","-0.718619129",10,1,"Apicidin"
"Apicidin_H4"," 0.005308789","-0.006378377","-0.13910695","-0.1828143805"," 0.270415805"," 0.130322138"," 0.2469944686"," 0.094283243","-0.2828990989"," 0.0591526505"," 0.147816216","-0.023424279"," 0.057984480"," 0.250165992","-0.1244080162","-0.030424441"," 0.100289782","-0.05007718","-0.08977964","-0.0486034209"," 0.0485183726","-0.041015982","-0.033529306"," 0.268715361","-0.116944623"," 0.226119474"," 0.21836198"," 0.165083977","-0.004785416","-0.0928188859","-0.191969849"," 0.166193437"," 0.103417478","-0.0822091910"," 0.197780374","-0.020240747","-0.183721735","-0.074848873","-0.082396778","-0.047230190","-0.168498746","-0.0904176655"," 0.14803317"," 0.005416684"," 0.132634388"," 0.0645282394","-0.102629367"," 0.200066856"," 0.1242305559","-0.001836344",10,1,"Apicidin"
"Apicidin_H6","-0.105196653","-0.003886237","-0.01944052","-0.0702033636"," 0.128324764"," 0.006989802"," 0.8434544377"," 0.220233033","-0.0021230272","-0.1577507895"," 0.266900275"," 0.026764581"," 0.140675630"," 0.279001233"," 0.0796238719","-0.125149066","-0.150614554"," 0.39111169","-0.18771464"," 0.0388452056"," 0.3150737356","-0.217721365"," 0.261035443"," 0.518872027","-0.113246393"," 0.060674859","-0.02171584"," 0.101604314","-0.134150437"," 0.0491114132"," 0.166298229"," 0.120550346","-0.165035588","-0.1289390302"," 0.055619618","-0.031295548"," 0.008527172"," 0.037817282"," 0.090229931"," 0.145619452","-0.001723909"," 0.0664819121"," 0.08162083"," 0.029559544","-0.058375446","-0.1452639832","-0.037404738"," 0.094902201"," 0.2070862122"," 0.110957224",10,1,"Apicidin"
"Apicidin_H8","-0.131313769","-0.095638965"," 0.12274900","-0.0779911548"," 0.219433866","-0.125623344"," 0.4098764295"," 0.319424441"," 0.1099037166"," 0.0502055200"," 0.013167675","-0.049326591"," 0.118243450"," 0.230931288"," 0.1511990142"," 0.012362449"," 0.119365472"," 0.05860125","-0.09292746","-0.0710086263"," 0.1702683827","-0.169362791"," 0.158214892","-0.229204581","-0.195416921"," 0.243815212"," 0.01017960","-0.054461980","-0.032942726"," 0.0575261487","-0.024705360"," 0.025801840","-0.048072549","-0.0490340083"," 0.174668355","-0.218918297","-0.154298466"," 0.033709936"," 0.089811497","-0.019410451","-0.090406174","-0.0577473002","-0.10529933"," 0.034238504","-0.091941849"," 0.0513564785","-0.072419726","-0.066848241"," 0.0625640292"," 0.341904636",10,1,"Apicidin"
"Apicidin_H10"," 0.050572731","-0.038900026","-0.05410608"," 0.2314391797"," 0.415370371","-0.012127554","-0.0433390023"," 0.150645252"," 0.0373807495","-0.0712806966"," 0.380075687"," 0.212242815","-0.177321327"," 0.090051272"," 0.1562595748","-0.193718903","-0.015198068"," 0.41621616","-0.15576070"," 0.1793598728"," 0.1845012387"," 0.008424697"," 0.093985980"," 0.388692578","-0.332373808","-0.009002542","-0.28205582","-0.024515086"," 0.111765351"," 0.1429936978"," 0.031676583","-0.036437303","-0.265172974","-0.0457604799","-0.100357986"," 0.062309463","-0.035432698","-0.056564499","-0.177403534"," 0.011270195","-0.052848637","-0.1046635333"," 0.08694159"," 0.192416939"," 0.057370256"," 0.0498941053","-0.105489467"," 0.147942886","-0.0550401384","-0.210787533",10,1,"Apicidin"
"Trichostatin_H1","-0.113532479"," 0.061456630"," 0.30952096"," 0.1196125217"," 0.118976257"," 0.865147490"," 0.4693055248","-0.237501485"," 0.0371063821"," 0.0325748885","-0.636867925"," 0.491858627"," 0.009001207"," 0.360978267"," 1.0688532706"," 0.561382375"," 0.450136760"," 0.02941299","-0.52252414","-0.4999851145"," 0.6043252884","-0.052457027","-0.486700096"," 0.434699623"," 0.869864019"," 1.072431022"," 0.09335618"," 0.543850093"," 0.341063698"," 0.0820749127"," 0.391969873"," 0.547129613","-0.640476754","-0.6840301569","-0.330300740"," 0.238246240"," 0.298571687"," 0.454066666"," 0.631451768","-0.210933914","-0.475998453"," 0.0022339841"," 0.71826027"," 0.197514786"," 0.699108028"," 0.0552648001","-1.244880386"," 0.323096289"," 0.4955563322","-0.125900515",11,1,"Trichostatin"
"Trichostatin_H2"," 0.099077134"," 0.167781239","-0.02132999","-0.3709153519"," 0.676020112"," 0.698739963"," 1.0243514379","-0.621181831","-0.6638780348"," 0.0585486656","-0.785355715"," 1.082836183","-0.889738959"," 0.934568862"," 0.8309019558","-0.270236277"," 0.559728626"," 0.74300668","-0.51727144","-0.8170219693"," 0.7677983175"," 0.616489894","-0.473172035","-0.110587813"," 1.061580489"," 0.069166299","-0.35900203","-0.808440612"," 0.526275690","-0.2938361025"," 0.059111524"," 0.482661395","-0.275719195"," 0.8738835437","-0.548846916"," 0.009895266"," 0.278944485","-0.862155186"," 0.984914100"," 0.196031156","-0.973111035","-0.1378585146"," 0.23367988"," 0.079852463"," 0.385073481"," 0.4855152817","-0.996236575"," 0.629706344","-0.1778295829","-1.025849582",11,1,"Trichostatin"
"Trichostatin_H4","-0.014667208"," 0.020013907","-0.12384553","-0.5031203580"," 0.384174731"," 0.310684404"," 1.0254172432","-0.449648696","-0.7422640407","-0.0056863108","-1.686798644"," 0.631657120","-0.284607053"," 1.019903307"," 0.9764067963","-0.173776796"," 0.318134576"," 0.88992957","-0.31653171","-1.3266828549"," 0.9497754811"," 0.200375690","-0.503976114","-0.061389201"," 1.259675199"," 0.373002447","-0.25677510"," 0.014654459"," 0.561572012","-0.0676475615"," 0.159017714","-0.606225793","-0.720682145"," 0.1374897969"," 0.007877388","-0.075236604"," 0.123100235","-0.849344322"," 0.701617623"," 0.293330029","-0.699724835"," 0.1454012646","-0.37609752","-0.335600427"," 0.330789552"," 0.3578040337","-1.003904711"," 0.026875852","-0.2886944240","-0.664571863",11,1,"Trichostatin"
"Trichostatin_H6"," 0.034241838","-0.177940898","-0.08534992","-0.5299229851"," 0.587833055"," 0.083367489"," 0.4936356427","-0.741608766","-0.4375938544"," 0.0903791596","-1.072400869"," 0.646753027","-0.740219878"," 0.777790181"," 0.4003392122","-0.160522581","-0.169249787"," 0.91778883","-0.09751882","-1.3910294280"," 0.4995308121"," 0.180610547","-0.468672663","-0.487374886"," 0.998518603","-0.142269681","-0.26089721","-0.812144177"," 0.481728376","-0.4704632438"," 0.092754022","-1.307119542","-0.333861146"," 0.5085987225"," 0.112281880","-0.581290864"," 0.091942557","-1.505657223"," 0.703490254","-0.314834403","-0.579939396"," 0.1431951882","-0.07685575","-0.165744864"," 0.576941952"," 0.3447272435","-0.553031684"," 0.366053336","-0.4852810858","-0.051428495",11,1,"Trichostatin"
"Trichostatin_H8","-0.049319287","-0.118276968","-0.60144497","-0.0663582039"," 0.903791864"," 0.462180548"," 0.3124520012"," 0.085951843"," 0.0607204604"," 0.0488774553","-0.605034672"," 0.163395166","-0.391917540","-0.031519838"," 0.8439756366"," 0.124291444"," 0.012706995"," 0.07805134","-0.03127859","-0.2425494131","-0.0521631900"," 0.018221999"," 0.186576295","-0.234482982"," 0.854688883"," 0.149981017","-0.29248781"," 0.048806143"," 0.199558188","-0.0899176926"," 0.280212471","-0.204987600","-1.283450294","-0.0104187119"," 0.142887311","-0.474704772"," 0.156708375","-0.189897971","-0.001188659","-0.185173722","-0.078464195"," 0.0291894088"," 0.10782081","-0.140209929"," 0.701749222","-0.1833129435","-0.215923930"," 0.039254718","-0.0507105473","-0.486887714",11,1,"Trichostatin"
"Trichostatin_H10"," 0.639604862"," 0.441104320","-0.78056625"," 0.3830591297"," 0.879043449"," 1.895970326","-1.0054166573"," 0.438876276"," 0.1697128483"," 0.0656194589"," 0.736534576"," 0.479274932","-0.668403583"," 0.388078205"," 1.4685472543","-0.639935485","-0.558533956"," 0.82944140"," 1.97743342"," 0.0222808615"," 0.2568078184"," 0.304539073"," 0.400876847","-0.060929308"," 0.123962887"," 0.348395298","-0.29028360"," 0.464307664"," 0.926256718"," 0.4765665260"," 0.915811655","-1.000324988","-0.252782985","-1.2260848635"," 0.721540113","-0.835150469","-0.454369929","-0.894160997","-0.174843494","-0.430579486"," 0.610167997"," 0.2163576643"," 0.68062499","-1.034340064"," 1.069907297","-0.3640616424","-0.300819896"," 0.411313046","-0.6298908526","-1.026588426",11,1,"Trichostatin"
"Quinine_H1","-0.347293773","-0.688691618","-0.23269274"," 0.0133844396"," 0.186954272","-0.089348358"," 0.2001824981","-0.153774253"," 0.1654300791"," 0.0471961511","-0.047669002","-0.226053632"," 0.470946137","-0.137941798","-0.0410663028"," 0.033088335"," 0.462261054"," 0.11751721","-0.16715262","-0.1585148612","-0.0366470574"," 0.118478078","-0.503658864","-0.423041771"," 0.023217979"," 0.016735566"," 0.22860332","-0.319200691"," 0.033814241","-0.1594318478"," 0.091617017"," 0.370894996","-0.060503623"," 0.0689115042","-0.628609277"," 0.147437905"," 0.328502772"," 0.039002035"," 0.055531793"," 0.144811698","-0.227597112"," 0.2699512324","-0.49233648"," 0.055391438"," 0.046845067"," 0.0831835025","-0.017609746","-0.356289718"," 0.1453664973"," 0.105213163",12,9,"Quinine"
"Quinine_H2","-0.463497395","-1.213104322"," 0.21817362","-0.0539925242","-0.337312985","-0.772437706"," 0.0908464467","-0.676209633"," 0.4984418951"," 0.0971442155","-0.123902820","-0.525765977"," 0.241655751","-0.015392012"," 0.3625734987"," 0.291786674"," 0.380006920"," 0.11530719","-0.36398183","-0.1131366047"," 0.1463490557","-0.024466015","-0.939724020","-0.457444395","-0.016019299"," 0.157045662"," 0.33759786","-0.944296396"," 0.381152960"," 0.0580235450"," 0.140141624"," 0.399308411"," 0.012914074","-0.0300827384","-1.038542869","-0.076765806"," 0.406113918"," 0.416705442","-0.393594708"," 0.013432896","-0.493715381"," 0.4909903689","-1.44327117"," 0.334000939"," 0.341865969","-0.2572850280"," 0.201445721","-0.638103709"," 0.3700306910","-0.023588683",12,9,"Quinine"
"Quinine_H4","-0.293353325","-0.162857750","-0.26135688"," 0.0637329587"," 0.268261870"," 0.018684855"," 0.3148543988","-0.607618772","-0.0238865384"," 0.0510766250","-0.156085239","-0.243935750"," 0.908009090","-0.002636156"," 0.2329877763","-0.099016824"," 0.441766486","-0.16096226","-0.46163379"," 0.1783720001","-0.0815126838","-0.041581258","-0.353762375","-0.299639624","-0.147260351"," 0.121076470","-0.08219568","-1.102285540"," 0.194433717"," 0.0217319413","-0.176564010"," 0.146880595","-0.268588157","-0.0353187069","-0.236638341"," 0.211466634"," 0.424304810"," 0.291705653","-0.033019516"," 0.299430057","-0.217384958","-0.0337462852","-0.81235758"," 0.103482657","-0.189674441"," 0.0357057013"," 0.302821910","-0.772466399"," 0.3113707898","-0.152664046",12,9,"Quinine"
"Quinine_H6","-0.397897513","-0.575413517"," 0.11503011"," 0.0397741929"," 0.125620078","-0.360102419"," 0.1502189884","-0.243181173"," 0.3754593005","-0.0781823840","-0.028209811","-0.319326445"," 0.159663648","-0.077838635"," 0.2868469055"," 0.115138214"," 0.203186220","-0.29244820","-0.38502086","-0.1400109447"," 0.0214568727","-0.032618297","-0.690022303","-0.318608167","-0.087603730"," 0.285259116","-0.09355346","-0.285497898"," 0.197603148","-0.2249826619","-0.029904857"," 0.107867262","-0.063815205"," 0.0554896535","-0.289410252","-0.278584785"," 0.233075312"," 0.298709593","-0.329042317","-0.048437604","-0.270634694"," 0.0935947332","-1.02498966"," 0.316296093"," 0.015792453","-0.0289865081"," 0.232444938","-0.246963009"," 0.1400217245","-0.070775796",12,9,"Quinine"
"Quinine_H8","-0.197379372","-0.379311723","-0.60082857","-0.2021020717"," 0.748198122","-0.323229003","-0.1241925316","-0.377714083","-0.1734352480"," 0.1458345701"," 0.109158446","-0.119231282"," 0.197200284","-0.468798443"," 0.3166216806","-0.215676873"," 0.535139140","-0.35751133"," 0.40867148","-0.2714822568","-0.1180424241","-0.129608090","-0.879346743","-0.157655693","-0.440127734","-0.123480533","-0.39459568","-1.341288308"," 0.398765786","-0.5477562008"," 0.185352888","-0.387987113","-0.190552646","-0.0053686879","-0.018608163","-0.330000886"," 0.045640948"," 0.264365726"," 0.126736329"," 0.029894502"," 0.214811975"," 0.1408005965","-1.47273840"," 0.308049084","-0.064730888"," 0.1655059004"," 0.132874499","-0.279423420","-0.2643285967","-0.128902357",12,9,"Quinine"
"Quinine_H10","-0.333951259","-0.579695151","-0.28455360"," 0.1572476488","-0.240791060","-1.391107981","-0.0538995020","-0.059107094"," 0.6526414563","-0.4007115369"," 0.106069382"," 0.077646563","-0.096820823"," 0.215703717"," 0.6503275322","-0.183889664"," 0.086285802"," 0.42182832","-0.58541119"," 0.1061405269"," 0.2883292955","-0.153165575","-0.204166589","-0.243452197","-0.006180873"," 0.291554660","-0.26543910","-0.671861728"," 0.410467362"," 0.5409116054"," 0.101895118"," 0.023271830","-0.304829317","-0.0007090302","-0.314478791"," 0.044443974"," 0.170737106"," 0.577471325","-0.104377952","-0.128207426","-0.296515507"," 0.0412797417"," 0.06542312"," 0.240658466","-0.157758178","-0.0749559919"," 0.684173565","-0.205791018"," 0.5519926341","-0.319105177",12,9,"Quinine"
"Chloroquine_H1"," 0.288754930"," 0.619712631","-0.18322988","-0.0111172319","-0.218176785"," 0.777687675","-0.4806345117","-0.126431195","-0.4701181062"," 0.1904182473","-0.436910200"," 0.130462748","-0.176449683"," 0.187668054","-0.0685814421","-0.170155688"," 0.189446505","-0.84969202"," 0.76720879"," 1.0388091543","-1.0398897461"," 0.329879254"," 0.351507412","-0.481161061"," 0.291294203","-0.115998091","-0.54947930"," 0.190127308","-0.304937713","-0.1449001387","-0.508837814","-0.176165404"," 0.331566056"," 0.3529831985","-0.433426508"," 0.511916645","-0.324498625"," 0.049036600"," 0.717647841","-0.115211334"," 0.090024809"," 0.0781243631"," 1.00526409","-0.295545822","-0.320320758"," 0.1611252069"," 0.099776835"," 0.273244895"," 0.4204489846","-0.449508596",13,10,"Chloroquine"
"Chloroquine_H2"," 0.395957475"," 1.040327173"," 0.10547006"," 0.0357116336","-0.016484933"," 1.119489479"," 0.7410706490"," 0.401297782","-0.2671765212"," 0.1968263082","-0.190514716"," 0.072595756","-0.228403210"," 0.219886835","-0.0312010542","-0.260387423","-0.070097624","-0.27104526"," 0.32966956"," 0.1506716443","-0.5275011189"," 0.217398404"," 0.585947217","-0.115904593"," 0.020276787","-0.451247140","-0.67215228"," 0.061486197","-0.109416383","-0.1071179127"," 0.060437071","-0.249022903","-0.002769146","-0.0476547809","-0.103897108"," 0.447222527","-0.047553379"," 0.014888952"," 0.320916599"," 0.197082612"," 0.263228370","-0.0188968303"," 0.98981705","-0.306596056","-0.189541412"," 0.2093479741","-0.098204775"," 0.012744005"," 0.1398715199"," 0.084039668",13,10,"Chloroquine"
"Chloroquine_H4"," 0.358884026"," 0.263991858"," 0.08956271","-0.1139334132"," 0.067442146"," 1.357247595","-0.4369343048","-0.690508790","-0.4016516666"," 0.3418111974","-0.237047621"," 0.375191224","-0.021353975"," 0.298303662","-0.2482002899","-0.107559530"," 0.047591193","-0.34236547"," 0.52152987"," 0.1031526666","-0.6843316326"," 0.151512664"," 0.316235804","-0.302863784","-0.380257303","-0.266117385","-0.74809600","-0.014678145","-0.040373858","-0.1276199226","-0.063730518","-0.262887340"," 0.415113986"," 0.1569719994","-0.217427364"," 0.304711013","-0.096423896","-0.174471774"," 0.135506218","-0.025059667","-0.015819111","-0.0838515758"," 0.91641789","-0.293296147","-0.670513614"," 0.1954239751"," 0.136795293"," 0.213480098","-0.1345790361","-0.299286314",13,10,"Chloroquine"
"Chloroquine_H6"," 0.146772658"," 0.522224749"," 0.17122444"," 0.1357950299"," 0.093969242"," 1.358667290","-0.3629525847","-0.441142495","-0.0008900634"," 0.0336793644","-0.160159662","-0.030504098","-0.424431756"," 0.062064179","-0.0239621634"," 0.007946545"," 0.322555762"," 0.11488827"," 0.09446799"," 0.0573445066","-0.3678109699","-0.129001852"," 0.245420799"," 0.080750063","-0.149433856","-0.168474200","-0.30589825","-0.100540311"," 0.194551600","-0.0927285207"," 0.124035919"," 0.063237350","-0.254373292"," 0.0074280907","-0.048436246"," 0.011197007","-0.062271793"," 0.076891044","-0.285631387"," 0.089385633"," 0.094731421","-0.1291048999"," 0.95017370","-0.155087149"," 0.097158145"," 0.0378174546"," 0.067009647","-0.037853934","-0.0291471247"," 0.049681545",13,10,"Chloroquine"
"Chloroquine_H8"," 0.227341775"," 0.398947155"," 0.18164758"," 0.1896992920"," 0.112293361"," 1.492036982","-0.5846124103","-0.162027358","-0.1330857175"," 0.2130204579","-0.182883277"," 0.088318757","-0.115229743","-0.079454738"," 0.1547576869"," 0.041874841"," 0.304496140","-0.05593670","-0.03036061"," 0.0552038068","-0.3942244403"," 0.164510200"," 0.097210860"," 0.014942444","-0.254642441","-0.076988512","-0.47609525"," 0.002506124","-0.292125348","-0.2053124536"," 0.188820729","-0.001367424","-0.150048112"," 0.0088036121","-0.467324816"," 0.033979602"," 0.095331253","-0.161533971","-0.250869430"," 0.101966365"," 0.124254879","-0.0036046462"," 1.89735797","-0.280334744"," 0.024121191"," 0.0934133779"," 0.033659557"," 0.287704888","-0.0004346177","-0.068039258",13,10,"Chloroquine"
"Chloroquine_H10"," 0.205346905"," 0.132287054"," 0.34863806","-0.0147619026","-0.320666067"," 0.697143473"," 0.1401873558","-0.366690222"," 0.0802700685"," 0.1710985526","-0.211812970"," 0.211991786","-0.006318564"," 0.384171927"," 0.0784216268"," 0.148942874"," 0.429549170"," 0.33913180"," 0.05723312","-0.0006840405","-0.1911884121","-0.103013508"," 0.135952440"," 0.058589146"," 0.060408002"," 0.086964915","-0.31470380"," 0.057974008"," 0.210908281"," 0.0042131688"," 0.113248722"," 0.312579762","-0.287333859"," 0.1067816693","-0.375683388"," 0.034576551"," 0.070667349"," 0.041979170","-0.391163085"," 0.130365510"," 0.156873718"," 0.0202672972"," 0.42101415"," 0.022621133","-0.236603341"," 0.1221991506","-0.244627171","-0.193849125"," 0.2266856326","-0.197441604",13,10,"Chloroquine"
"Febrifugine_H1","-0.154227847","-0.350887241","-0.05389102","-0.2061137781"," 0.240632844"," 0.093566507","-0.0631358961","-0.340060539"," 0.2094825173","-0.0002695018"," 0.078113485","-0.099362574"," 0.490117013"," 0.131183663"," 0.0232095294","-0.058018758"," 0.442063478"," 0.80312921","-0.63402797"," 0.0382705383","-0.0379817500"," 0.063061896"," 0.019994691","-0.087306487","-0.298385447","-0.056078098"," 0.17824188","-0.094082911"," 0.042242297","-0.5154689781","-0.073628606"," 0.278038538","-0.066708717","-0.1448587096","-0.542009476","-0.125861848"," 0.212495508","-0.039867404","-0.214272723","-0.053340118","-0.275492314"," 0.2473953367","-0.26439742"," 0.084113984"," 0.109531153"," 0.1461495235","-0.176116717","-0.058031079"," 0.0865596927","-0.026558968",14,11,"Febrifugine"
"Febrifugine_H2","-0.087032220","-0.516283542"," 0.20424109"," 0.1628687739","-0.293878708","-0.311861240","-0.0457205800","-0.146622948"," 0.0991341625","-0.1263651958","-0.593270661","-0.106538908"," 0.384218359","-0.028257792"," 0.0653876917"," 0.159709872"," 0.182007010","-0.01124025","-0.34009012"," 0.2292003570"," 0.0438359691"," 0.120270496","-0.078566519","-0.132979260","-0.243152683"," 0.301827346"," 0.07465089"," 1.003471602"," 0.377259179","-0.5478273224"," 0.764044684"," 0.273342811","-0.307167165","-0.0310412193","-0.564573119","-0.055113210"," 0.184527093"," 0.623934133","-0.380345394"," 0.199331789","-0.376907917"," 0.1476727977","-0.39117865"," 0.344524764"," 0.076121660","-0.1702583486","-0.307437937"," 0.660792482"," 0.4047473783","-0.082270844",14,11,"Febrifugine"
"Febrifugine_H4","-0.262465839","-0.501752044","-0.12920775"," 0.2656768806"," 0.045162811","-0.414699871"," 0.0953546331","-0.242424508"," 0.0126455735","-0.2690943432","-0.186207589","-0.036243353"," 0.454338099","-0.174391043"," 0.1300528826"," 0.048265504"," 0.164610223"," 0.54804164","-0.45978674"," 0.1103649104","-0.1449857981"," 0.229057646","-0.241643389","-0.285869910","-0.119876390"," 0.189772325","-0.01631205"," 0.488533297"," 0.075529836","-0.2179595145"," 0.437343162"," 0.401913018","-0.233083678"," 0.1133966268","-0.296453492","-0.109489147"," 0.122038477"," 0.440135478","-0.284255577"," 0.016415674","-0.685318825"," 0.0562712879","-0.93839457"," 0.145926954","-0.059929489","-0.0780591023","-0.011548767"," 0.299908575"," 0.2701100071","-0.049801079",14,11,"Febrifugine"
"Febrifugine_H6","-0.053061393","-0.267548655","-0.03460419"," 0.3577656469"," 0.138935713","-0.076534472"," 0.0574777628"," 0.047311052"," 0.0197236435","-0.2378646922"," 0.006598261"," 0.142518669"," 0.386398665"," 0.238239261"," 0.2797277738","-0.103201023"," 0.066688081"," 0.65849293","-0.51302325"," 0.2270640464"," 0.0543130204"," 0.216925742","-0.129830013","-0.007808868","-0.435853815"," 0.395189705"," 0.03076630"," 0.808114417"," 0.260142158","-0.5786787989"," 0.632465236"," 0.002428644","-0.456442171"," 0.1668138263","-0.299028093","-0.208964293"," 0.079736836"," 0.414636980","-0.391862209","-0.090641764","-0.502228208"," 0.0180187476","-0.15772626"," 0.497226789","-0.021329227"," 0.1645789272","-0.153374072"," 0.666059410"," 0.4022781596","-0.436213378",14,11,"Febrifugine"
"Febrifugine_H8","-0.247752681","-0.481805837","-0.37564735"," 0.3315119206"," 0.437476366","-0.048076738"," 0.4687780555"," 0.101836396","-0.1084926996","-0.2256784187"," 0.047973689"," 0.364334729"," 0.551868240"," 0.202367185"," 0.5047251621","-0.303935197"," 0.594845127"," 0.45715112","-0.68196381"," 0.1722871117"," 0.2785949179"," 0.119088149","-0.412576115"," 0.088248077","-0.609004734"," 0.496809100"," 0.30508702"," 0.865264372"," 0.416810647","-0.7742500128"," 0.623739286","-0.112711672","-0.311304667"," 0.2699914914","-0.513099275"," 0.017894351"," 0.130263782"," 0.458613045","-0.544008240"," 0.075397053","-0.754003910","-0.1297745146","-0.65066373"," 0.310317642"," 0.045925089"," 0.4440169829","-0.240805601"," 0.602948030"," 0.3543751731","-0.258570933",14,11,"Febrifugine"
"Febrifugine_H10","-0.111138673","-0.353468579","-0.04725068"," 0.0636667160","-0.125370207","-0.442669278"," 0.0497688058"," 0.222557149"," 0.1650572091","-0.1257307265"," 0.115938626"," 0.402138204"," 0.066867293","-0.233674748"," 0.3318273551","-0.327957197"," 0.415293996"," 0.17613108","-0.93675561"," 0.2425209870"," 0.2765143427"," 0.002233326","-0.126445171"," 0.105934625","-0.272143324"," 0.830463705"," 0.10336225"," 0.985522776"," 0.355377974"," 0.2628399827"," 0.300488737","-0.056823134","-0.029107389"," 0.2589309200","-0.669217288"," 0.019908087"," 0.031049628"," 0.530340882","-0.708130503"," 0.026596398","-1.072508244","-0.3492947166"," 0.13389155"," 0.257253689"," 0.103259343"," 0.0193193089"," 0.238400908"," 0.532911878"," 0.5745130370","-0.621784303",14,11,"Febrifugine"
"Artemisinin_H1","-0.261879583","-0.773980323","-0.17967479"," 0.2944298406","-0.313614396","-0.122440451"," 0.3866038195","-0.334093527"," 0.2713100841","-0.1960344390","-0.074000443","-0.077106756"," 0.475533720"," 0.231292669"," 0.2486627439"," 0.038115400"," 0.553123060"," 0.09677241","-0.30346367"," 0.1695584716","-0.0388158527"," 0.086552310","-0.666408410","-0.326593304","-0.068210518","-0.048850781"," 0.17881224","-0.618891241"," 0.116474514","-0.4076015245"," 0.250984951"," 0.084574944","-0.035431435"," 0.0118818465","-0.312645546"," 0.135357659"," 0.200864738"," 0.156953721"," 0.095528226","-0.135940816","-0.527311412"," 0.3406025673","-0.75007664"," 0.189815748"," 0.087224343"," 0.2031403749","-0.148525451"," 0.231607231"," 0.1031466155","-0.232484319",15,12,"Artemisinin"
"Artemisinin_H2","-0.118565197","-1.044270880","-0.16817839","-0.0195481154","-0.533402566","-0.781886023"," 0.6008754151"," 0.124005001"," 0.2814870544"," 0.0202019211","-0.410644080","-0.457343608"," 0.588281373"," 0.390871328"," 0.3181230865"," 0.239757074"," 0.430553646","-0.31632388","-0.38819309"," 0.2873049802"," 0.3365084930"," 0.098424556","-0.410141648","-0.573863314","-0.316615672"," 0.868896291"," 0.41747896","-0.220782504"," 0.440574503","-0.5320115910"," 0.678022851"," 0.463420667","-0.047373281","-0.0561068634","-1.024947407"," 0.181397586"," 0.232511902"," 0.749966228","-0.210542882"," 0.203381421","-0.489650285"," 0.4573088187","-1.05567989"," 0.368098090"," 0.105916085","-0.1312697080","-0.399399980"," 0.238806357"," 0.6048594189","-0.436302166",15,12,"Artemisinin"
"Artemisinin_H4","-0.120136730","-0.544859533"," 0.10826411"," 0.4219577397"," 0.407615329","-0.268262755"," 0.4729619025","-0.113968280"," 0.1837952638","-0.2001750737","-0.071283086","-0.098960246"," 0.522151905","-0.089358955"," 0.4359381545"," 0.080816927"," 0.131296925"," 0.62043725","-0.41793514"," 0.2451047375"," 0.2726250217"," 0.476735080","-0.162362227","-0.073557116","-0.328058194"," 0.340845380"," 0.37133258","-0.277224145"," 0.309741364","-0.3481250061"," 0.518939875"," 0.100072903","-0.006518828","-0.0056612948","-0.579708013","-0.371790859"," 0.237562142"," 0.482904292","-0.217208758"," 0.022491275","-0.531148034"," 0.0994495341","-0.72030139"," 0.528041227","-0.026872529"," 0.2646493187","-0.262839564"," 0.410455909"," 0.2078493701","-0.609467944",15,12,"Artemisinin"
"Artemisinin_H6","-0.289244681","-0.236924310"," 0.54281300"," 0.2342518616","-0.049992758","-0.895470472"," 0.0610043657","-0.213627140"," 0.0692439861","-0.2277123895","-0.103524573","-0.100704107"," 0.221711683"," 0.141480842"," 0.3529258191"," 0.270430626","-0.013490997"," 0.43210829","-0.35562516"," 0.2439240673","-0.0239017380","-0.062000760","-0.428784834"," 0.110254384","-0.537234394"," 0.087803507","-0.19185821","-0.120926890"," 0.108265157","-0.4660421477"," 0.461761825","-0.060311291","-0.570736644"," 0.3196050005","-0.299950496"," 0.069373787","-0.051798625"," 0.342351242","-0.355416106","-0.036598571"," 0.533793374"," 0.0071543666","-0.95867736"," 0.482336462","-0.275796337","-0.1515749724"," 0.314759007"," 0.306290211"," 0.5403327903","-0.527077671",15,12,"Artemisinin"
"Artemisinin_H8","-0.328692222","-0.294637686"," 0.13404691"," 0.6747100547","-0.159691515","-1.486057258"," 0.3802154386"," 0.635052979"," 0.3612624506","-0.3630761834"," 0.405927059","-0.041710317"," 0.354930233"," 0.295793394"," 0.3551785149","-0.158229574"," 0.178178703"," 0.03167296","-0.54443588"," 0.2430498105"," 0.1404182312","-0.196409673","-0.798919250"," 0.293215627","-0.597512287"," 0.250997732","-0.40851671","-0.746741582"," 0.279985989","-0.7399337279"," 0.973653407"," 0.002738469","-0.499973592"," 0.2897806876","-0.244245308","-0.138472595"," 0.122020648"," 0.941055631","-0.282047673"," 0.248216426"," 0.642114291","-0.1353195943","-1.35831642"," 0.720038794","-0.697413011"," 0.1451912653"," 0.039203530"," 0.105253128"," 0.2823224872","-0.510508982",15,12,"Artemisinin"
"Artemisinin_H10","-0.055087376","-0.135561529"," 0.29999329"," 0.6868169497","-0.399534494","-1.011145423"," 0.0919440777"," 1.656505703"," 0.3972738991","-0.5564576375","-0.010422120"," 0.699945740","-0.037069700"," 0.560048922"," 0.3968731033","-0.267447423"," 0.066545560","-0.16094106","-0.64890774"," 0.0692902376","-0.1636113151"," 0.103801261"," 0.188360188"," 0.515748710","-0.316769727"," 0.346846105","-0.31943285","-0.177377579"," 0.358056247"," 0.1377077020"," 1.134453058"," 0.125757661","-0.703199550"," 0.1687289822"," 0.103281944","-0.728081661"," 0.021723160"," 0.887467013","-0.392055266","-0.008710034"," 0.169648740","-0.2644711795","-1.20452025"," 0.466308910","-0.897738381"," 0.0526798522"," 0.889346881","-0.027632947"," 0.6828428735","-1.623964955",15,12,"Artemisinin"
"MMV43TP1","-0.275157072","-1.919031212"," 1.69046452"," 0.2435913510","-0.767356739","-1.452641489"," 0.6634830235"," 0.047810611"," 0.2927011099"," 0.0257006308","-0.225727915","-0.254040168"," 0.555705105","-0.216690353"," 1.8628330795","-0.139706324"," 0.600785037","-0.91326730","-1.32560479","-0.7444330477"," 0.7787225806","-1.739294473","-0.437946540","-0.537722683","-0.437158727"," 1.042886014"," 1.02389443","-0.031704732"," 0.532516448"," 0.5256420178"," 0.325571042"," 1.617622428","-0.820935275"," 0.2851725380","-1.430894871","-2.677411896"," 0.120507436"," 0.266881626","-2.018483648","-0.027499611","-0.697088836"," 0.4490434621","-2.45684398"," 0.382977624"," 1.284631972","-0.2046203049","-0.122923564"," 0.561640893"," 0.5960154637"," 0.643042479",16,13,"MMV43"
"MMV43TP2"," 0.389011985"," 0.555952702"," 0.40882794"," 0.0879613473","-0.254319301"," 0.368515126"," 0.6633683285"," 0.078009449","-0.1661924524"," 0.0347598648","-1.187633644","-0.827377376"," 0.504097258"," 0.508783542"," 0.0395453818"," 0.211666742"," 0.561748952"," 0.30734326","-0.33383061"," 0.3251363552"," 0.3633196345","-0.780007455"," 0.441453739","-0.297173057","-0.031451854"," 0.132996614"," 0.17397537"," 0.319404700","-0.061203338","-0.1073068981"," 0.583026873"," 0.844412574","-0.187193361"," 0.6189263318","-1.048480845","-0.293848721"," 0.670591594","-0.145715228","-0.879987341"," 0.385907740","-0.076247173","-0.2696149796"," 1.00415380"," 0.375202272"," 0.757711374","-0.2442782702","-0.064031513","-0.467914934","-0.0270013993","-0.263768602",16,13,"MMV43"
"MMV48TP1","-0.203625718","-0.720467197"," 0.69731787","-0.0951679264","-0.257202630","-0.403875153"," 0.2970138081","-0.577422675","-0.1791897253"," 0.0763802764","-0.430553900","-0.389498479"," 0.068761205","-0.528890153"," 0.5029167892"," 0.117190118","-0.888057422"," 0.11684375"," 0.01787364","-0.3207311185"," 0.1801957024","-1.032036697","-0.104043034","-0.674763872","-0.219553706","-0.026856647"," 0.98563006"," 0.203435000"," 0.450154331"," 0.1282132818"," 0.029740552"," 0.609257645","-0.320972352","-0.0812756296","-0.835569584","-2.945437123","-0.145232768"," 0.476244064","-0.316914767","-0.192378423","-0.180678051"," 0.2612403470","-0.49000247","-0.078860196"," 0.452461055","-0.1714370771","-0.243014365"," 0.121312987","-0.3525183740"," 0.572232255",17,13,"MMV48"
"MMV48TP2"," 0.350709662"," 0.440562359"," 0.67998710"," 0.0115338926","-0.414696517"," 0.485069648"," 0.5552437510","-0.076454238"," 0.1935937232"," 0.1779044569","-0.752568316","-0.593431482"," 0.286197981"," 0.074536715","-0.1498718242"," 0.025646947"," 0.286702467"," 0.01492680","-0.06557708"," 0.1833180365"," 0.3520666734","-0.495578433"," 0.254060689","-0.365508361"," 0.105440428"," 0.111900673"," 0.49354025"," 0.228125548","-0.149640150","-0.0948032071"," 0.327334462"," 0.268865158"," 0.033975911"," 0.4951444724","-0.999851863","-0.568859238"," 0.462780806"," 0.018779912","-0.649922719"," 0.081549825","-0.354238736","-0.0835902832"," 0.76910511"," 0.356311192"," 0.582702892"," 0.0438430198"," 0.028056656","-0.391869578"," 0.1623190010","-0.863441471",17,13,"MMV48"
"DFMO_TP19"," 0.174430658"," 0.960711931"," 0.17868972"," 0.1469677987","-1.169572230"," 1.633967356"," 0.7696907184"," 0.388862554"," 0.1832059721","-0.8601691822","-1.445749628","-1.305234452","-0.048693067"," 0.361795953"," 0.3800025160"," 0.045277320"," 1.126130567"," 0.21830169","-1.86563928"," 1.0161864200"," 0.0760246112"," 0.027541332"," 1.023635695","-0.096726436","-0.298273713"," 0.482910521","-0.17081222","-0.831360522","-0.071358125","-0.4268428045"," 0.442153373","-0.030175810"," 0.014978722"," 0.2416624439","-3.501639837","-0.023981974"," 0.511585960"," 0.127761764","-0.512883976"," 0.342164139","-1.451284204","-1.0270749834"," 0.23638261"," 0.238240067"," 0.026701066","-0.5649608797","-0.193527390"," 0.045121127"," 0.4748863921"," 0.891731979",18,14,"DFMO"
"DFMO_TP27","-0.096675517","-0.728719366"," 0.46560877"," 0.1431955876","-1.502158049","-0.930395856"," 0.8468223106","-0.357733528"," 0.4288287084","-0.2242562076","-0.278235613","-0.792909867","-0.256317455"," 0.185306402"," 1.6048712295"," 0.266612146"," 1.214635264","-0.46550564","-2.43196180"," 0.3398496265"," 0.5154100218","-1.462564059"," 1.373573731","-0.477234629"," 0.047993595"," 0.731933507"," 0.18332974","-0.109346114"," 0.390553634"," 0.2166792521"," 0.012898587"," 1.043493901"," 0.310404014"," 0.3021529696","-2.313839423"," 0.254904711"," 0.759304597"," 0.186082549","-1.466461350"," 0.221111608","-2.584673184","-0.4986203450","-0.26107566"," 0.905818403"," 0.159285425"," 0.2482913963","-0.026760735","-0.070612109"," 0.9918124024"," 0.975111233",18,14,"DFMO"
"DFMO_TP34","-0.283709648","-1.791328781"," 0.39924445"," 0.2880162764","-0.943258661","-3.704243432"," 0.0791183100","-0.566557764"," 0.3813195959","-0.3292457122"," 0.039228158","-0.751287742"," 0.041007819"," 0.407953669"," 1.9377552282","-0.027879155"," 1.208540769"," 0.07210091","-2.06214761"," 0.0550966311"," 0.3609984573","-0.941888413"," 1.219915079","-0.290356322","-0.036450075"," 0.493977366"," 0.09696059"," 0.167438426"," 0.554517791"," 0.3702205613","-0.220108354"," 1.199500456"," 0.370695101"," 0.3550427226","-1.781864214"," 0.212593905"," 0.348332760","-0.179685961","-1.162902455"," 0.406236866","-2.344358628","-0.3499771417","-3.15623619"," 0.810839074"," 0.400259019","-0.0621104799","-0.069499281","-0.020038484"," 0.9205644322"," 1.102042390",18,14,"DFMO"
"IonoTP1"," 0.377163633"," 0.577146074"," 0.02186441"," 0.2241584998"," 0.179513470"," 0.921571428","-0.2061638167","-0.216786587"," 0.2387658411"," 0.1112178076","-0.093327880"," 0.243419540","-0.142449941","-0.991562164"," 0.0066109481","-0.042178124","-0.236017162","-0.03258383","-0.47283748"," 0.1212863626","-0.0514487430"," 0.129122018"," 0.496069136"," 0.410100572","-0.024876883","-0.277940125","-0.49764827","-0.047057766"," 0.004175686"," 0.0383507019"," 0.191795246"," 0.087046931"," 0.016374142","-0.1852181550","-0.190903144","-0.025936595"," 0.194989781","-0.120209643"," 0.070496008","-0.008244235"," 0.819876686"," 0.0109625108"," 1.11991925","-0.521342691"," 0.141637330","-0.5098163713"," 0.191686829","-0.043140940","-0.0325756287"," 0.040465933",19,15,"Iono"
"IonoTP2"," 0.098505433"," 0.311851114"," 0.09183034"," 0.1702104536","-0.088801456"," 0.373186958","-0.2406660512","-0.000185653"," 0.1046918760"," 0.0350828774","-0.023730281"," 0.245757904","-0.086431360","-2.537759995","-0.0619434969"," 0.117596869","-0.202803561","-0.03345902","-0.14334597"," 0.0697450183"," 0.0013380566","-0.063610883"," 0.188642324","-0.146318341"," 0.008247210","-0.023453905","-0.06141009","-0.112303929"," 0.100399410"," 0.0158322469"," 0.223578207"," 0.035826136","-0.067456805","-0.1054190427"," 0.030768681","-0.019419145"," 0.059911449","-0.020382384"," 0.102816011","-0.009178910"," 0.336543313"," 0.0313414070"," 0.67667185","-0.836659248"," 0.065017822","-0.9313517054","-0.002376034","-0.058883992","-0.0929600558"," 0.058187886",19,15,"Iono"
"IonoTP3"," 0.093464461"," 0.562504053","-0.31250065"," 0.0637752828"," 0.001565019"," 0.445834589"," 0.3153114483"," 0.072473136","-0.1609918218"," 0.0532185553"," 0.009940832"," 0.446448215","-0.047777184","-1.257439076","-0.0869015586","-0.038637610","-0.042722762"," 0.09081499","-0.14861647","-0.1368766006","-0.0355974097"," 0.077415097"," 0.377395492","-0.140422236","-0.063617849"," 0.105435638"," 0.27596937"," 0.051602988","-0.055729560"," 0.0005911154","-0.055013563"," 0.040321686"," 0.029729619","-0.1540255130","-0.146127376","-0.223581631"," 0.162823996","-0.008762269","-0.341894335","-0.027091497"," 0.324184870","-0.1222835013"," 1.66070809","-0.321635121","-0.136229550","-0.8848491813","-0.075583343","-0.407654530"," 0.0771303189"," 0.071466465",19,15,"Iono"
"IonoTP4"," 0.631064984"," 1.030015679"," 0.02761350"," 0.0394900811"," 0.170453539"," 1.241414244","-0.1330963201","-0.113684882","-0.1380928644"," 0.1472653617"," 0.058509315","-0.133844093","-0.060297970","-1.781208933"," 0.0006837926","-0.020184561","-0.279454501","-0.08261760"," 0.25685826"," 0.0161595392","-0.0284036450","-0.097462681"," 0.025824556","-0.161058850"," 0.041665506"," 0.049248384","-0.15288449","-0.338370249","-0.005795300","-0.1427907942"," 0.091157332"," 0.068698234"," 0.046958427","-0.1431476585","-0.192809167","-0.174656965"," 0.185675920","-0.102680689","-0.244205099"," 0.018398107"," 0.170270524"," 0.0002375021"," 2.18954478","-0.774974302","-0.228387998","-1.6547790884","-0.016805679","-0.539042865","-0.1056576564"," 0.085936198",19,15,"Iono"
"IonoTP5"," 0.662901303"," 0.812178432","-0.39768760","-0.0291621003","-0.154919263"," 0.799382734","-0.1901187383"," 0.018567766","-0.1483574065"," 0.3291813679"," 0.130203211"," 1.097995490","-0.092211897","-1.728970663","-0.1291943547","-0.287962772","-0.979840106","-0.05027297"," 0.17645833","-0.0354333748"," 0.0331495929","-0.109400052","-0.122920284","-0.242950700"," 0.216269498"," 0.309160721","-0.07032302","-0.440275096","-0.256945941","-0.1251908052"," 0.070915516","-0.041398109","-0.029197428"," 0.0386369126","-0.366091267","-0.168858813"," 0.221405267","-0.051450592","-0.616720969"," 0.131805078"," 0.342424650"," 0.2022255622"," 2.06431252","-1.600727153","-0.213147444","-1.1615081338","-0.128285099","-0.208239500","-0.2597802544"," 0.033689961",19,15,"Iono"
