"","MAL13P1.124","MAL13P1.201","MAL13P1.294","MAL13P1.332","MAL13P1.337","MAL8P1.152","MAL8P1.35","MAL8P1.55","PF10_0159","PF10_0195","PF10_0257","PF10_0286","PF10_0348","PF11_0096","PF11_0141","PF11_0146","PF11_0212","PF11_0276","PF11_0404","PF11_0414","PF11_0471","PF13_0013","PF13_0031","PF13_0036","PF13_0095","PF14_0121","PF14_0133","PF14_0178","PF14_0185","PF14_0214","PF14_0261","PF14_0314","PF14_0346","PF14_0415","PF14_0545","PFA0300c","PFC0610c","PFD0180c","PFD0295c","PFE1430c","PFE1550w","PFF0610c","PFF0625w","PFI1510w","PFI1545c","PFI1655c","PFL0420w","PFL1335w","PFL1400c","PFL1815c","D_class","Class","Compound"
"HDATP1"," 0.433662985"," 0.3488807114","-0.790844282"," 1.718627096","-0.15834995"," 0.8015780917"," 0.623399883","-0.507939951"," 0.38075516","-0.418851059"," 0.429820107","-0.541688355","-1.3269252749"," 0.273273978","-0.9628359906","-0.422086428","-0.3983483926"," 0.1538408047"," 1.1169987592"," 0.719715931"," 2.865062e-01","-0.539026698"," 1.210735953"," 0.064544012","-0.80491905"," 0.9807877480"," 0.158688950","-1.399697051"," 0.526905790"," 0.5774690671","-0.145376339","-1.009464042","-0.4850207992","-0.547248106","-1.2175589521","-0.718537257"," 2.201144844","-0.6285089222","-0.16604936","-0.978750123"," 1.067880392"," 0.330104665","-0.307949883"," 1.159465049","-0.62450539"," 0.70900525","-1.0244501027"," 0.241152624","-0.225023188"," 0.539638795",1,1,"HDA"
"HDATP1.1"," 0.280499154"," 0.4090742256","-0.815856326"," 0.935918918","-0.32932936"," 0.1210241534"," 0.017945974"," 0.022605349"," 0.18827099"," 0.022789596","-0.770610893"," 0.059730698","-0.2468656421","-0.060803761","-0.7298508519","-0.122540038","-0.2975239953","-0.2139358620"," 0.0868452903"," 0.528666199","-1.808552e-01","-0.130742246"," 0.538237896","-0.364219103","-0.10213417"," 0.3202264914","-0.137719569","-0.602875542"," 0.187788678","-0.4240726251"," 0.255663734","-0.735702995","-0.7338668720"," 0.418906072","-0.5049293041"," 0.015464641"," 0.625513573"," 0.0895316116","-0.25305126","-0.432274549"," 0.371907090"," 0.001531456","-0.035269730"," 0.281141147"," 0.22805547"," 0.21986977","-0.2583948061"," 0.003348436","-0.164389321"," 0.190073438",1,1,"HDA"
"HDATP2"," 0.048089475"," 0.3565912739","-1.219750052"," 2.141281099","-0.48525073"," 0.3904131952"," 0.669886035","-0.269610247","-0.17330418","-0.799986266"," 0.101495309","-0.766844974","-1.1083098577","-0.127357517","-0.6911761995","-0.029493396","-0.3890496403"," 0.0356745885"," 0.7937472342"," 0.782826090"," 2.567236e-01","-0.440431424"," 1.314565260"," 0.063271279","-0.08537403"," 0.8284510501","-0.304585734","-1.646661652"," 0.135690031"," 0.6843744292"," 0.186544465","-1.148351491","-0.4491593897"," 0.004374309"," 0.0213851102","-0.004840038"," 2.329332163","-0.8572403851","-0.24177432","-0.887294110"," 1.610587135","-0.027247997","-0.455748822"," 0.980051256","-0.68324969"," 0.86845460","-1.2526603125"," 0.069447984","-0.328616976"," 0.119704714",1,1,"HDA"
"HDATP2.2"," 0.140786520"," 0.0661039966","-0.386898626"," 0.409021370","-0.13685794"," 0.0458924118"," 0.179609576"," 0.092344466"," 0.61527112"," 0.612561227","-0.372508871"," 0.340848823","-0.1670318245"," 0.100072420","-0.5911227177","-0.358242623","-0.3409946139"," 0.1485152109","-0.0240445803"," 0.083879480","-2.441114e-01","-0.034876403"," 0.136285116","-0.486650090"," 0.01037766"," 0.2548954738","-0.218746331","-0.251464201"," 0.008764768","-0.7347742183","-0.209012047","-0.476709373","-0.3924828938"," 0.009751450","-0.8157296305","-0.517242515"," 0.368181964"," 0.0949071897","-0.15851021","-0.314229051","-0.121870896"," 0.088294448"," 0.145198178"," 0.087651359"," 0.22928594","-0.02335419","-0.1833118205","-0.135841851","-0.116022712"," 0.362446880",1,1,"HDA"
"HDATP3"," 0.138395010","-0.0671853727","-0.580372452"," 0.848159880"," 0.13443833"," 0.1217695911"," 0.338126659"," 0.011999543"," 0.12562379"," 0.726411962","-0.139173848","-0.213382311"," 0.3317489780"," 0.112873083","-0.2265491503"," 0.013961180"," 0.0383991628"," 0.0423042876","-0.0146226823","-0.061315606"," 5.854469e-02"," 0.351709613"," 0.419184241","-0.109171885"," 0.39657541"," 0.2230350693","-0.310068282","-0.507161734"," 0.297678728","-0.0729155267","-0.273018637","-0.395140442"," 0.0864513226","-0.158279601","-0.7507641049","-0.209786145"," 0.069738772","-0.1931155042"," 0.62530425","-0.328286785"," 0.493674377","-0.147470106","-0.323430013","-0.180383271"," 0.32368521"," 0.33982119","-0.0608604208","-0.070503358","-0.404097024"," 0.513769332",1,1,"HDA"
"HDATP3.3","-0.054201196"," 0.1294091112","-0.735140062"," 0.472855502"," 0.12761413"," 0.2073677749","-0.119810742"," 0.075286479"," 0.41250151"," 0.287490097","-0.162750842"," 0.088968195","-0.3070908697"," 0.442767557","-0.4441794463","-0.164897282","-0.0135178369","-0.0787969064","-0.0883809050"," 0.339716691","-2.633426e-02"," 0.104365619"," 0.454808725","-0.328912527"," 0.05478049"," 0.0215894524","-0.291774854","-0.510505040"," 0.075106165","-0.0970430449"," 0.235053654","-0.736260646","-0.2721755325","-0.022116986","-0.3452539794","-0.249155471"," 0.112420626","-0.1537838643","-0.19850019","-0.079159750","-0.033594829","-0.072106864","-0.039551453"," 0.141811800"," 0.13321318"," 0.31654255","-0.0790647421"," 0.044976474","-0.244824665"," 0.231472004",1,1,"HDA"
"ACTTP1"," 0.202264094","-0.7099078795"," 0.141642628","-0.466147827"," 0.10907376","-0.0544539277"," 0.586934832"," 0.090494364"," 0.36016415","-0.154257281","-0.039564168","-0.087230802","-0.2081828050"," 0.727885634","-0.3922772003","-0.910055648"," 0.0199651504","-0.2667900881"," 0.2113066637","-0.124141712","-6.456441e-02"," 0.010451388","-0.163339067","-0.169511868"," 0.24425936","-0.0403349584","-0.112394787","-0.156843561","-0.173267232"," 0.0157864428"," 0.083821434"," 0.498939632"," 0.1889175542","-0.576040370","-0.4495598968","-0.677708329","-0.349673356","-0.0506879120"," 0.07428828","-0.294534449","-0.632024009"," 0.371603352","-0.092415086"," 0.013738286"," 0.37543671"," 0.26426550","-0.0041316499"," 0.602575191"," 0.007885597"," 0.461946325",2,2,"ACTd"
"ACTTP2","-0.516225196","-0.1854794858","-0.550277612"," 0.175278156"," 0.20753825"," 0.6853067299"," 0.579011135","-0.162662785","-0.89960126"," 0.421155908","-0.151477911"," 0.089338093","-0.1640218718"," 0.587505883","-0.4810942075","-0.648694966"," 0.0337899577"," 0.1899025226"," 0.2838746875"," 0.084502714"," 2.301977e-01","-0.011099007"," 0.267855394","-0.163553759","-0.10529164"," 0.0981560432","-0.119101436"," 0.359575539"," 0.141919772","-0.5948214967","-0.452724944"," 0.476425421"," 0.0351015128","-0.165376224","-0.7837252274","-0.875567998"," 0.389031880"," 0.0247490187","-0.15235876"," 0.287129277","-0.061763291","-0.462228489","-0.554896659"," 0.412727110","-0.61167966"," 0.31628864","-0.0847595591"," 0.232389894"," 0.006046883","-0.077739651",2,2,"ACTd"
"ACTTP3","-0.427260943"," 0.3763040546","-0.377034031","-0.520500803","-0.70672566"," 0.4164014069"," 0.588724150","-0.481124063"," 0.11175960","-0.013682061"," 0.406791679","-0.174812928","-0.4892364302"," 0.441060698","-1.7392558353","-0.541133627","-0.1889128543","-0.0250411652"," 0.2254049002"," 0.200094252"," 5.073681e-01","-0.225243636"," 0.183546617"," 0.137945272"," 0.08971356","-0.1962913879"," 0.027794428","-0.231744773"," 0.205829381"," 0.0261267177","-0.381319059","-0.059317957","-0.3728793939","-0.632450175","-1.9745556839","-0.476866021"," 0.887297311"," 0.2778071237"," 0.38042834","-0.733986812","-0.155076931","-0.045344622"," 0.102811874"," 0.649375655","-0.49044196","-0.67222451","-0.3789037965"," 0.133131972"," 0.134806960"," 0.440850715",2,2,"ACTd"
"ACTTP4"," 0.061328012"," 0.1033760008","-0.206514574","-0.239238477","-0.37270189"," 0.9557923422"," 0.427305191","-0.317715455"," 0.58013421"," 0.418043234"," 0.570326384","-0.494562040"," 0.2192756281"," 0.178792155","-0.6718269329","-0.925953181","-0.5232945404","-0.3483381201"," 0.5533655986","-0.534412950"," 6.916912e-01","-0.341691248"," 0.053190071","-0.605724151","-0.11671821"," 0.0004860545"," 0.679850440","-0.337279390"," 0.351575202","-0.1100961750","-0.298160655"," 0.409544551","-0.3540231363","-1.367706516","-1.0616614725","-0.557723862"," 1.670884612"," 0.5493611198","-1.38743237","-0.685603844","-0.033444250","-0.403076390"," 0.945221954"," 0.471242733"," 0.37318883","-0.69267866","-0.4955380093","-0.254663445"," 0.162380639"," 0.791864713",2,2,"ACTd"
"ACTTP5","-0.027316587","-0.0936304870","-0.317929620","-1.409529866","-0.16880466","-0.0057193704"," 0.554863360","-0.011312878"," 0.18501017"," 0.057937622"," 0.565447173","-0.224991686","-0.4562266611"," 0.528655435","-0.9237608154","-0.671894055"," 0.0105357212","-0.7782028541"," 0.7729628859","-0.048357755"," 5.615012e-01","-0.815913127"," 0.299433493","-1.029740272","-0.11218169","-0.0417509302"," 1.028191243","-0.709366644"," 0.477140803"," 0.0335295053","-0.714160008","-0.270584926","-0.3553862434","-0.640496223","-0.6593563881","-0.371308284"," 0.353327399"," 0.4717104494","-1.03293639","-0.322127913","-0.005621477","-0.829897719"," 0.898132236","-0.460907137","-0.66790838","-0.25038507","-0.3637580999","-0.696001813","-0.185420219"," 0.909883624",2,2,"ACTd"
"ML_7_H1"," 0.409124218","-0.3167030512"," 0.513991915","-0.953564092"," 0.75490475","-1.3226295981","-0.026172370","-0.336581438"," 0.25500777"," 0.585741508","-1.813979516","-0.787394582","-0.1193076228"," 0.296642873","-0.9382690483"," 0.270254580"," 0.0332689268","-0.1227028164","-0.2638845542","-0.615591432"," 3.459243e-01","-0.937209927","-1.053489311","-0.992848455"," 0.32858807"," 0.1841677722"," 0.813156841"," 0.323936253","-0.593389970"," 0.0855371954","-0.823799671"," 0.634259098"," 0.2511695632"," 0.574225256"," 1.0557048627","-0.341961991"," 0.473741104","-0.4970459268","-0.63560691"," 0.334671683"," 0.474642858","-0.248523913","-0.065304884","-1.348837550"," 0.79105792","-0.58676088","-0.3883894995"," 0.740424906","-0.995944892"," 0.595257992",3,3,"ML_7"
"ML_7_H2"," 0.289426667","-0.5064395267","-0.064562120","-0.909776202"," 0.74070339","-1.5281474028","-0.275671012","-0.365226849"," 0.12048429"," 0.295509330","-1.728766395","-0.709837187"," 0.0943829560"," 0.457000786","-0.9262443955"," 0.167909003"," 0.0116509990","-0.4376626580","-0.1211427542","-0.243022140","-3.154707e-02","-1.075607719","-0.961341516","-1.096755901"," 0.23222129","-0.2089781980"," 0.913554411"," 0.486151208","-0.507298765"," 0.2908911867","-0.515892462"," 0.731813944"," 0.3815005324"," 0.936421378"," 0.6695845439","-0.485038584"," 0.263084482","-0.5357833991","-0.69493262"," 0.263959626"," 0.409893146"," 0.266298721","-0.130924842","-1.045234719"," 0.95276502","-0.38194932","-0.4102901397"," 0.596413866","-0.731857002"," 0.678687157",3,3,"ML_7"
"ML_7_H4"," 0.318901060","-0.2935406197"," 0.485047366","-0.647614245"," 0.41349969","-1.6344795593"," 0.006534212","-0.516200372"," 0.24864519"," 0.360005931","-1.851550160","-0.605629899"," 0.1226306193"," 0.430759041","-1.1217800594"," 0.150716975","-0.0923416325","-0.5766437492","-0.3304078935","-0.166701860","-1.374783e-01","-1.173747651","-0.700946634","-0.613923365"," 0.26670151","-0.0947211129"," 0.667542698"," 0.587806827","-0.349076390"," 0.0521221074","-0.816001760"," 0.456906019"," 0.2553774090"," 0.433462219"," 0.7318429673","-0.374074138"," 0.169983249","-0.4907650372","-0.55938873"," 0.069114146"," 0.204806262","-0.031772346","-0.251557150","-1.049855279"," 0.73674766","-0.45603936","-0.5108500361"," 0.399126320","-0.757315577"," 0.345192300",3,3,"ML_7"
"ML_7_H6"," 0.286227967","-0.5334490672"," 0.599830995","-0.638717034"," 0.59844204","-1.6841287939","-0.299420677","-0.729202968"," 0.30007145"," 0.351586065","-1.429566626","-0.849593023"," 0.4920297386"," 0.476460910","-1.2118616722"," 0.213334085","-0.2913579321","-1.2319502419","-0.0890809044","-0.179756974","-3.297777e-02","-1.104179774","-1.780721087","-0.662110246"," 0.42339367","-0.9120711478"," 0.294952150"," 1.075057247","-1.426038367"," 0.1558895707","-0.096880073"," 0.340231988"," 0.6128009606"," 0.647804488"," 1.4390270843"," 0.109929426"," 0.313713822"," 0.0080644553"," 0.06201763"," 0.595203000"," 0.239421834"," 0.085031323","-0.094577145","-0.945085210"," 0.53617549","-0.34811201","-0.7000481875"," 0.393942292","-0.560459585"," 0.403963885",3,3,"ML_7"
"ML_7_H8"," 0.622939985","-0.7761910691"," 0.278020633","-0.698638364"," 0.71735306","-1.6739837456"," 0.161754016","-0.489777382"," 0.07747437"," 0.516518281","-2.057057335","-1.088417116","-0.3467733354"," 0.372129484","-1.2785020724"," 0.075356895"," 0.4050944869","-0.3665274361","-0.3079553491"," 0.392249562"," 3.988935e-01","-1.274126014","-0.900873357","-1.042301966"," 0.45864650"," 0.0035467493"," 0.753614767","-0.120163169","-0.443032411"," 0.2909759682","-0.590397471"," 0.380705041"," 0.0913585335"," 0.958671934"," 0.6287356431","-0.410006109"," 0.317539676","-1.0862770270","-1.05908369"," 0.088538954"," 0.288705686"," 0.178879275"," 0.061788839","-1.431511633"," 1.06552364","-0.17060861","-0.4493682027"," 0.582481744","-1.340229878"," 0.275634124",3,3,"ML_7"
"ML_7_H10"," 0.031672403"," 0.1724441142"," 0.524149613"," 0.139039447"," 0.08123839","-0.2747661171"," 0.086076006","-0.033275404","-0.30242917","-0.175881966","-1.054402680"," 0.183289684","-0.1957586508"," 0.174593065","-0.3247481731","-0.003535110","-0.2374962483"," 0.1843105404","-0.2063724754","-0.337114917"," 4.539324e-01","-0.388755047"," 0.157783973","-0.276358637"," 0.37150330"," 0.2760991668"," 0.185330504"," 0.500826981","-0.274954461","-0.5484978908","-0.548587735"," 0.145643374"," 0.5511083398"," 0.151650875"," 0.2175497138","-0.009101820","-0.478288216","-0.4683064524","-0.10527476"," 0.733700962"," 0.136375274","-0.348379772","-0.222652729","-0.978989767"," 0.77627082","-0.92994468","-0.1344287938"," 0.156777254"," 0.141801370","-0.128382346",3,3,"ML_7"
"ML_7_H12","-0.028342590"," 0.2591594301"," 0.628812140","-0.050343382"," 0.22960901","-0.3414145025"," 0.448609755"," 0.535274022"," 0.35387250","-0.384393744","-0.156674206"," 0.755070629","-0.4631786043"," 0.066215694"," 0.0822666350"," 0.061291746","-0.5427259642"," 0.0746798670","-0.1908030118","-0.476772136","-6.821059e-01","-1.011323619","-0.027133642","-0.397939154"," 0.45639820"," 0.1772353603"," 0.442428423"," 0.640940266","-0.047732224","-0.6807252428","-0.199413729"," 0.080958335","-0.1249478058"," 0.004536496"," 0.1958248820","-0.356291871","-0.751825418"," 0.1286513001","-0.52076610"," 0.631431704","-0.317279252","-0.604580846","-0.081559305","-0.897047192"," 0.40671557","-1.17170855"," 0.0947055727"," 0.146444016"," 0.660400461","-0.284297859",3,3,"ML_7"
"W7_H1","-0.140843916"," 0.2964183554"," 0.272460873"," 0.132075541"," 0.64868785","-0.7087479143","-0.016755884","-0.749701102","-0.36332656"," 0.807761029","-0.992117345","-0.388437860"," 0.2209538514","-0.204202152","-0.7063288271"," 0.211715495","-0.1878993118","-0.0111713572","-0.5751424838","-0.331481922"," 3.147473e-01","-1.084926195","-0.661416105","-0.559934288"," 0.07777226"," 0.2080354840"," 0.652005618"," 0.947096710","-0.624292593","-0.1930346813","-0.455464166"," 0.409749011"," 0.5493379421","-0.028751898"," 0.5977828532","-0.264769471"," 0.274411544","-0.0885692099","-0.11248898"," 0.263039443","-0.242613613","-0.242860869","-0.193584620","-1.010132184"," 0.84735436","-0.69771142","-0.3804300616","-0.026694162","-0.396161857","-0.013618220",4,3,"W_7"
"W7_H2","-0.069354853"," 0.1315569817","-0.063880937"," 0.100645107"," 0.47303657","-0.8263906304","-0.355793551","-0.138785902","-0.25669122"," 0.256503499","-1.219707354","-0.059029904"," 0.4037940954","-0.026893470","-0.5211361717"," 0.497376450","-0.2868656224","-0.0763029164","-0.5646793548","-0.111614497"," 1.513914e-02","-1.070485528","-0.696427515","-0.410918391"," 0.29534199","-0.3603994182"," 0.632197550"," 1.079974168","-0.483412147","-0.2324482837","-0.297243333"," 0.411743303"," 1.0097230531"," 0.169751743"," 0.7961877091","-0.287633960","-0.201652923"," 0.1173286889","-0.41885394","-0.003490041","-0.042795804"," 0.295927212","-0.529184271","-0.838623173"," 0.42858028","-0.89394718","-0.3289698029","-0.190968262","-0.042118303"," 0.110691176",4,3,"W_7"
"W7_H4"," 0.626128179","-0.5301919864"," 0.479973843","-0.827424277"," 0.72701400","-1.8415822673"," 0.078215689","-0.422667401"," 0.67421543"," 0.326231424","-2.557633335","-0.909241311"," 0.1180212071"," 0.446639788","-1.3262569643","-0.139772362"," 0.1996572785","-0.7047274232","-0.1875389401","-0.209821231","-3.486949e-02","-1.289474034","-0.825638591","-0.688931445"," 0.52413452","-0.0773691250"," 0.822352413"," 0.204252372","-0.318247152"," 0.1801916414","-0.978015436"," 0.725228886"," 0.5643269363"," 0.793013841"," 0.6779130452","-0.569963765"," 0.642748211","-0.6755314091","-0.79052836"," 0.062570053"," 0.512793187"," 0.443752539","-0.113859657","-1.371233538"," 0.96309417","-0.12237707","-0.7069197878"," 0.922609517","-0.920328955"," 0.589193468",4,3,"W_7"
"W7_H6"," 0.406088887","-0.5655213104"," 0.322538690","-0.622469848"," 0.59745034","-1.6787659244","-0.283969906","-0.521748111"," 0.44149104"," 0.472812262","-1.732553420","-1.024433514"," 0.5892853692"," 0.205988914","-1.4657383038"," 0.090522308","-0.2529914663","-1.4226675514","-0.2261876907","-0.207870305","-5.198079e-01","-1.209280060","-2.108064156","-0.643134224"," 0.67892845","-0.8124989447"," 0.310508981"," 0.740510288","-1.420170210"," 0.0922061480","-0.369494918"," 0.458367309"," 0.6575204601"," 1.060072979"," 1.7022727975"," 0.041807617"," 0.122907834"," 0.0565270102"," 0.12855886"," 0.659162297"," 0.534262035"," 0.163079020","-0.305649258","-1.164227264"," 0.48336205","-0.22126854","-0.6371069229"," 0.580306506","-0.530853247"," 0.440030900",4,3,"W_7"
"W7_H8"," 0.768881766","-1.0872093948"," 0.242181622","-0.910103579"," 1.12154468","-2.1123493899","-0.719367555","-0.388008021"," 0.20965201"," 0.633376864","-3.010829969","-1.249750534","-0.4553976866"," 0.531206095","-1.5345447947","-0.025123138"," 0.5826660532","-0.4993376766","-0.3350437023"," 0.418365933"," 2.274607e-01","-1.629351888","-1.108833766","-1.501180843"," 0.86882560","-1.8008612578"," 0.953324714","-0.152888506","-0.662789770"," 0.5270243118","-0.839032992"," 0.880784501"," 0.2874571578"," 1.327040358"," 0.5741783726","-0.490777384"," 0.740389086","-1.3666899364","-1.44779011"," 0.318950832"," 0.580771571"," 0.625665817","-0.005818437","-2.112790288"," 1.12999241"," 0.09655994","-0.7142192747"," 0.829921713","-1.944049501"," 0.723506696",4,3,"W_7"
"W7_H10"," 0.068050143","-0.4410317806","-0.112861769","-0.113962592"," 0.49996302","-1.3672070540","-0.846453976","-0.285231417","-0.92640371"," 0.904210481","-1.204519441","-0.635693132"," 0.3735194171","-0.048329084","-0.5890586683"," 0.499731717","-0.3240695042"," 0.4483310878","-0.5471917195"," 0.022490021","-4.457661e-02","-1.385528507","-0.545300784","-0.076693838"," 0.04001783","-0.0123011441"," 0.778340086"," 0.963432393","-0.867320443","-0.0670369766","-0.758312202"," 0.157850864"," 0.0848106271"," 0.192286431"," 0.9717597821","-0.201731715"," 0.384337823","-0.6330351423","-0.39354280"," 0.119960821"," 0.162796588"," 0.158426497","-0.734499234","-0.836460628"," 0.52145716","-0.42728361","-0.2200553247"," 0.265802965","-0.466580896","-0.021833149",4,3,"W_7"
"W7_H12"," 0.226112742","-0.5951786416","-0.071537753","-0.898749935"," 0.74102345","-1.5115216986","-0.695335199"," 0.169987295"," 0.10595219"," 0.588768153","-1.633642099","-0.643197495","-0.1969178362"," 0.175310341","-1.1523774347"," 0.141057394"," 0.1163394581"," 0.0334854346","-0.3049590921","-0.216009245","-6.710196e-01","-1.700571000","-0.721128189","-0.923298718"," 0.02111293","-0.9968422728"," 0.735567779"," 0.194597275","-0.366114874"," 0.1875950237","-1.045039696"," 0.472878211","-0.0769763415"," 0.724360730"," 1.0957797978","-0.513692312"," 0.513981240","-0.5904247478","-1.04301844"," 0.106876320"," 0.389164722"," 0.697377664","-0.321006764","-1.248357728"," 0.64853386","-0.26595595","-0.2191566149"," 0.647052316","-0.733298440"," 0.430642021",4,3,"W_7"
"Staurosporine_H1"," 0.151460335","-0.5232250478"," 0.995765559","-0.063651429"," 0.18511016"," 0.3384853405","-0.386272279"," 0.306753474"," 1.14682873"," 0.389890421","-0.414913788","-0.462528318"," 0.3159812252"," 0.255578916","-1.2405115262","-0.062433356"," 0.1023455225","-0.2000250435","-0.1438555789","-0.950032772"," 7.329383e-01","-0.404271540","-0.826303235"," 0.310835893"," 1.15366070"," 0.1481728558"," 0.769439982"," 0.770106003","-0.268833794","-0.4924031256","-0.096168154"," 1.145079676"," 0.5853182362"," 0.041547248"," 0.2136322607","-0.721513557"," 0.118102607"," 0.8188761316"," 0.38960379"," 1.011965988"," 0.627074134","-0.271658078"," 0.581486839","-0.046590146"," 0.08874593","-1.54859816","-0.0783469698","-0.186314543"," 0.142818834"," 0.774909898",5,4,"Staurosporine"
"Staurosporine_H2"," 0.132678321","-0.8574785008"," 0.549168051","-0.377533281","-0.13120379"," 0.3322334683"," 0.063750723"," 0.385071168"," 1.27696537"," 0.371166706","-0.875861248","-1.006838582","-0.4587037838"," 0.112313181","-1.3542765159","-0.403562251"," 0.0778885987","-0.2924997732","-0.0711003706","-0.483081702"," 6.440049e-01","-0.462719262","-1.290383638","-0.134600108"," 1.25066355","-0.2938974225"," 1.039677008"," 0.739750789"," 0.155890135","-0.1953096581","-0.082464402"," 1.001266256"," 0.5195358301"," 0.229974003","-0.3100681081","-0.040644487"," 0.043902621"," 0.7753486108","-0.10031881"," 0.728078500"," 0.880531461"," 0.041603181"," 0.399383774","-0.639398678","-0.37532137","-1.00702170","-0.6860724029","-0.259893294"," 0.566621783"," 1.021550412",5,4,"Staurosporine"
"Staurosporine_H4"," 0.070029021","-0.1194070283"," 0.767169097","-0.164643675","-0.45512423"," 0.1854532492"," 0.570630093","-0.185231210"," 1.17050109"," 0.280453805","-0.443012878","-0.596666534","-0.3788543808"," 0.386087298","-0.5132955104","-0.228541830"," 0.0667939427","-0.4923902747","-0.1019711755","-0.367903308"," 1.427798e-01","-0.445154500","-0.914849343"," 0.089118176"," 0.81664872","-0.1804077146"," 0.812725337"," 0.672349476"," 0.199880942","-0.1664766880","-0.146090915"," 0.355498724","-0.0492491263","-0.217273475","-1.1829562624","-0.138791902"," 0.201789133"," 0.5423242714","-0.31407744","-0.011964468"," 0.260928742"," 0.081632251"," 0.379291843","-0.327046705"," 0.03520414","-1.04354335","-0.7382515476","-0.232896699"," 0.737160025"," 0.402361775",5,4,"Staurosporine"
"Staurosporine_H6"," 0.004952358","-0.3236306640"," 1.016474053","-0.291088619"," 0.09465545"," 0.2026827318"," 0.527686904","-0.203150203"," 1.12855362"," 0.694372466","-0.355951329","-0.710717217","-0.0711338842"," 0.093954743","-0.9818850699","-0.628850902","-0.0190985280","-1.3746064731"," 0.2830176285","-0.593214265"," 5.661852e-02","-0.187439131","-2.112061776"," 0.087769686"," 1.17072821","-0.6848550358"," 0.448072396"," 1.171338998","-0.611330344","-0.0444700097"," 0.408470651"," 0.528309932"," 0.2102717233"," 0.423397380","-0.0307047706"," 0.495477643","-0.158311881"," 1.0480446497"," 0.40394898"," 0.768498439"," 0.302939935","-0.639378678"," 0.492342653","-0.542279753","-0.56347280","-1.20389769","-1.0142742007","-0.097041785"," 0.866090621"," 0.446084714",5,4,"Staurosporine"
"Staurosporine_H8"," 0.061963673","-0.1777372590"," 0.921592279"," 0.102018912","-0.05359280"," 0.5334469836"," 0.969112476"," 0.260268429"," 0.78634753"," 0.859645289","-0.306252723","-0.448352458","-0.5815081669"," 0.165210103","-0.4756928038","-0.577557076"," 0.0352308324","-0.2240659454"," 0.1317553938","-0.321263133"," 7.013768e-01","-0.281996375","-0.762930457","-0.287941214"," 0.94778864","-0.1041929112"," 0.667408692"," 0.342045675"," 0.067179466","-0.0888230109"," 0.135693388"," 0.300336878","-0.3936743853","-0.179654317","-0.5841689696"," 0.045295132","-0.045530390"," 0.3466602243","-0.83280418"," 0.487193442"," 0.169492272","-0.510836308"," 0.408217755","-0.993004903","-0.37469221","-1.17932030","-0.7514756137","-0.353366707"," 0.510531814"," 0.267345930",5,4,"Staurosporine"
"Staurosporine_H10","-0.059897290"," 0.0266630341"," 0.837230141"," 0.217883499"," 0.09010085"," 0.5967238913","-0.057858574"," 0.567391585"," 0.72898120"," 1.009569265","-0.491742612","-0.424828938","-0.2769266493"," 0.192014571","-0.2199141672","-0.443477683"," 0.1608223368","-0.1741855024"," 0.2750982559","-0.645650472"," 4.305420e-01","-0.104149945","-0.659664085"," 0.235983578"," 0.43913972"," 0.0622080513"," 0.530752453"," 0.633370671","-0.164717121","-0.3611096121","-0.292655542"," 0.438611292"," 0.0574527089"," 0.018364355"," 0.1059309200"," 0.451549179","-0.025234134"," 0.1304387295","-0.74646896"," 1.065514264"," 0.383174180","-0.160764119"," 0.345270623","-1.095383615","-0.20621869","-0.68115437","-1.0506703236","-0.057640249"," 0.988074765"," 0.320591218",5,4,"Staurosporine"
"Staurosporine_H12","-0.216564202"," 0.2174719781"," 0.883793491","-0.425903247"," 0.44467925"," 0.0570843295"," 1.324985578"," 0.869703363"," 1.06527366","-0.126826120","-0.030282905","-0.238583549","-1.2079195297"," 0.122099250","-0.2081956651","-0.279078614","-0.0851778372"," 0.3447915878"," 0.2338706001","-0.572996342","-5.402333e-01","-0.831223906","-0.250127530"," 0.018760534"," 0.76386837"," 0.4531595755"," 1.056327967"," 0.548737192"," 0.280780957","-0.8492565004","-0.085050878","-0.078084548","-1.2533711747","-0.575896791"," 1.0009857039","-0.247137272","-0.634411088","-0.1512916426","-1.50504497"," 0.316493874","-0.587727766"," 0.064696398","-0.055390508","-1.315302403","-0.46839476","-2.33595115","-0.1680533135","-0.340694052"," 1.052746897","-0.251279873",5,4,"Staurosporine"
"Cyclosporine_H1"," 0.368769724","-0.0633493099","-0.429589693","-0.195594520","-0.91315302","-0.3059582618","-0.237619653"," 0.351592625","-0.09809363"," 0.389074108","-0.705005895","-0.392928255","-0.0182036109","-0.980468808","-0.8587704204"," 0.801666707","-0.1674907264"," 0.5536918648"," 0.2018574321","-0.547804022","-7.432916e-01"," 0.664030844","-0.453110440","-0.391246392"," 0.01271036","-0.4337506331"," 0.133427877","-0.524524462","-0.012330048","-0.2499173110","-0.345147716"," 0.044799909","-0.2508512023"," 1.905029607"," 2.4980033000"," 2.008086934"," 0.384611498"," 0.0550977793","-0.15442986"," 0.861551916"," 2.763509156","-0.008889063","-0.442344953","-0.598582814","-0.03398885","-0.51664029","-0.2662849817"," 0.359277858","-0.404299528","-0.063035787",6,5,"Cyclosporine"
"Cyclosporine_H2"," 0.301373712","-0.2916190780","-0.348237275","-0.237115987","-0.31703369"," 0.0888332523","-0.027718485"," 0.066956529","-0.19442472"," 0.722274738","-0.621473360","-0.060212135"," 0.1687654543","-0.455406034","-0.3707708825"," 0.433904515","-0.2484446417"," 0.3747455503","-0.0428496559","-0.131156005","-2.537130e-01","-0.175289972","-0.331472151","-0.140616230","-0.14385907","-0.5698988132","-0.154108415","-0.402149079"," 0.196389346","-0.1540982269","-0.123620691","-0.231825828","-0.2656312845"," 0.935057149"," 1.6637507301"," 1.335693955"," 0.084901699"," 0.2407887438","-0.20451787"," 0.113492942"," 1.049082690"," 0.026028574","-0.271990647","-0.204687517","-0.29966983","-0.37941981","-0.2859757160"," 0.141008563","-0.182457588"," 0.182856191",6,5,"Cyclosporine"
"Cyclosporine_H4"," 0.230110721","-0.1688934641","-0.079817729","-0.590419363","-0.54122973","-0.4556585192"," 0.064812085"," 0.271729244","-0.16701870"," 0.355549154","-0.438783340","-0.020343867"," 0.2134709595","-0.700779473","-0.3598664047"," 0.444618569","-0.1485217060"," 0.2589623617"," 0.2215264601","-0.586352930","-5.617083e-01"," 0.490745369","-0.243108709","-0.090565592","-0.23776087","-0.0678910803"," 0.189463939","-0.442842008"," 0.039370536","-0.0405581624"," 0.049720301"," 0.017307384","-0.0418725026"," 1.663477979"," 2.1623915983"," 1.733921269","-0.097503676","-0.0561340883","-0.35307459"," 0.526800791"," 1.397089829","-0.103588619","-0.304976561","-0.580591230"," 0.10852986","-0.28552220","-0.5167388854"," 0.429982046","-0.518358183","-0.128515718",6,5,"Cyclosporine"
"Cyclosporine_H6"," 0.132608385","-1.8203631511","-0.257474937","-0.352309456","-0.24840475","-0.1948268266","-0.308944404"," 0.138493752","-0.21715001","-1.247241130","-0.107578988","-0.174748219"," 0.2103691965","-0.624345995","-0.4290368378"," 0.621409979"," 0.0374113738"," 0.7520922343"," 0.0172505907","-0.460044703"," 1.143359e-02"," 0.305896160","-0.104423011","-0.096233480","-0.20493663"," 0.0174667178"," 0.014281007","-0.408444542","-0.063940143","-0.0616507919","-0.044385253"," 0.126421281"," 0.0092499242"," 1.693675542"," 2.1523324491"," 1.682125379","-0.093425426"," 0.1847253982","-0.02803572"," 0.987075984"," 1.258267004"," 0.054072978","-0.248500106","-0.628326706"," 0.01199425","-0.27984150","-0.3639919732"," 0.097379729"," 0.106818318"," 0.034490231",6,5,"Cyclosporine"
"Cyclosporine_H8"," 0.451804920","-0.0167744067","-0.407054773","-0.536281163","-0.20562366","-0.1763708151","-0.388893772"," 0.226891753"," 0.02582689"," 0.890677273","-0.290183516","-0.312265173"," 0.1796913873","-0.903726706","-0.6319292701"," 0.177193674","-0.4348363834"," 0.6111092999"," 0.2586193899","-0.498451421","-1.097054e-01"," 0.946109426","-0.197826527","-0.538591373","-0.05772741"," 0.2008653425"," 0.007226342","-0.664355187","-0.005257225"," 0.0141055856","-0.448791554"," 0.164679225"," 0.1330575795"," 1.392499663"," 1.4304303426"," 1.337172133"," 0.281084640"," 0.2057812551","-0.24655034"," 0.729627887"," 1.510632599","-0.362295947","-0.408147782","-0.355123783","-0.21164052","-0.45327148","-0.3848956403"," 0.380670860","-0.604370305"," 0.203225849",6,5,"Cyclosporine"
"Cyclosporine_H10"," 0.420260927","-0.2377545817","-0.188435501","-0.492975921","-0.42941403","-0.2128275491","-0.018349019","-0.025512784","-0.05287347","-0.075351053","-0.421482271","-0.062584710"," 0.1092705370","-0.243735482","-0.4392329260"," 0.245478957","-0.2391433876","-0.0389522242"," 0.1837764703","-0.586633529","-9.911760e-01"," 0.477313807","-0.370544773","-0.052079219","-0.16879826","-0.2834771461","-0.163826350","-0.460827704"," 0.185597459","-0.2273869889","-0.037967249"," 0.220390275","-0.0445588285"," 1.112123989"," 1.5075666282"," 1.024709971"," 0.181197507"," 0.1967312951","-0.60149122"," 0.411116366"," 1.279632011","-0.193284688","-0.218625221","-0.173607710"," 0.18274148","-0.34109543","-0.2443673031"," 0.144146649","-0.401539663","-0.051791741",6,5,"Cyclosporine"
"Cyclosporine_H12"," 0.307436088","-0.1686082564","-0.319196352","-0.673112551","-0.62383171","-0.2326184711"," 0.082830022"," 0.009696094","-0.01641328","-0.281720399","-0.271485286","-0.090394827"," 0.2690567496","-0.617117448","-0.6622932141"," 0.589027846","-0.2404121950"," 0.1376658164"," 0.1675485988","-0.383823311"," 1.513714e-01"," 0.571761174","-0.395018881","-0.291030103","-0.23883171","-0.0203625805"," 0.022745530","-0.528620461"," 0.182025690"," 0.2226698401","-0.049481459"," 0.087302547","-0.2122847090"," 0.994903374"," 1.8305544215"," 1.518018750"," 0.136737664"," 0.0013130366","-0.33733578"," 0.393034972"," 1.485280715","-0.111688344","-0.487986535","-0.258747671","-0.00516744","-0.49236572","-0.3433805280"," 0.171374346","-0.195727946","-0.158354127",6,5,"Cyclosporine"
"Cyclosporine_H14"," 0.528734817","-0.3910015140","-0.509704227","-0.395866018","-0.39832604","-0.0360804292"," 0.379681351","-0.396092399"," 0.13088805"," 0.578984278","-0.417418629","-0.319268341"," 0.4184561878","-0.380698979","-0.5175471340"," 0.487520966","-0.6059588420","-0.3063227830"," 0.2414241061","-0.188235599"," 4.284675e-01"," 0.269528115","-0.374815731","-0.408359086"," 0.00300129","-0.2713826729","-0.365440008","-0.505057558"," 0.233267097","-0.2671441328","-0.236008275"," 0.203723016","-0.0135709661"," 0.836304125"," 1.0515493706"," 0.591567881"," 0.346842857"," 0.1783200512","-0.24473771"," 0.302652617"," 1.636937989"," 0.047507677","-0.378700968","-0.015969579"," 0.02973793","-0.36973263","-0.2201515678"," 0.266979349","-0.672061298"," 0.186265437",6,5,"Cyclosporine"
"Colchine_H1","-0.105673326","-0.0068485383","-0.411437388","-0.040843354","-0.35822374"," 0.1430658798","-0.390580297"," 1.276167983"," 0.05455199","-0.033437596","-0.503783297","-0.338029229"," 0.0964800861","-0.648814454"," 0.6035417851"," 0.783015030","-0.0138282351"," 0.3305050796","-0.1384724820","-0.814196457","-1.794988e-01"," 0.148560465"," 0.212645186","-0.531846192","-0.21153986"," 0.0069558201","-0.352940946","-0.278521033","-0.497050429","-0.0428647723"," 0.128340904","-0.027957291"," 0.1393462542"," 0.523380712"," 0.3228948378"," 0.439177167","-0.347065906"," 0.3798557884","-0.17851109"," 0.229699615"," 0.032565084","-0.162957356","-0.324445311","-0.583312024","-0.27266402","-0.37049973"," 0.3033347863"," 0.065987297"," 0.108361715"," 0.039463697",7,6,"Colchine"
"Colchine_H2","-0.062508419"," 0.0826919528","-0.075574649","-0.141099824"," 0.01139722","-0.0014562984","-0.422247101"," 0.419731486","-0.02528418","-1.907380398"," 0.211779953","-0.052537713","-0.0468892933","-0.195753464"," 0.3917027777"," 0.373280829","-0.0499079548"," 0.1059328564"," 0.0444921792","-0.218725285"," 8.400463e-05"," 0.259694899"," 0.015956217","-0.053793530","-0.02230266"," 0.0803344179","-0.099195664","-0.091720282","-0.119505388","-0.0059672408"," 0.124260207"," 0.163773699"," 0.1426005977"," 0.401087992"," 0.6285397725"," 0.154947686","-0.289359032"," 0.2527850506","-0.07577677"," 0.173195046"," 0.180814020","-0.235683357","-0.141301584"," 0.013369429","-0.14477464","-0.11409313"," 0.0204017296"," 0.040186286"," 0.092469583","-0.170248940",7,6,"Colchine"
"Colchine_H4","-0.001943864","-0.1542464343","-0.119366328","-0.585873332"," 0.04327716"," 0.0005944199","-0.002596863"," 0.710773690"," 0.11411642"," 0.014311203","-0.013527640"," 0.041504719"," 0.0918205935","-0.145114283"," 0.0549600383"," 0.419209223","-0.1346439935"," 0.1141545599","-0.1255749328","-0.161829509","-3.863080e-01","-0.028166566"," 0.080636885","-0.007707782"," 0.22523318","-0.1122339118"," 0.012554713","-0.178658479","-0.009581094","-0.0956342191"," 0.043497441"," 0.140444561"," 0.1729759708","-0.015724663","-0.3539413786"," 0.243418860","-0.083349343"," 0.0245183326","-0.14048667","-0.275259123","-0.129429282"," 0.321280667","-0.164496386","-0.326627811"," 0.07122365","-0.17935735","-0.0937937683"," 0.152999294","-0.005476028","-0.259978390",7,6,"Colchine"
"Colchine_H6"," 0.069135065","-0.0009594147","-0.065286957"," 0.025272873","-0.15267242"," 0.0635626176","-0.356433383"," 0.374309811"," 0.07463663"," 0.141951786","-0.012916081","-0.034528695"," 0.0335513125","-0.040348001","-0.0963401204"," 0.446265681","-0.0589826849"," 0.2772126922"," 0.0053915497","-0.252962611","-9.375516e-02"," 0.008481589"," 0.051858021","-0.148078312","-0.09144410","-0.0546850750","-0.245530652","-0.110473783","-0.080439425"," 0.0365847373"," 0.032087721","-0.049505321","-0.0711499338"," 0.377336365","-0.3629514317"," 0.173504636"," 0.028619440"," 0.2504039873","-0.07068359","-0.157988391"," 0.234837751","-0.006517744","-0.139621782","-0.173321392","-0.20142160","-0.12075865"," 0.0789448252"," 0.151453565"," 0.092051419","-0.084338962",7,6,"Colchine"
"Colchine_H8","-0.009236766","-0.1642879728"," 0.066792004","-0.190972263","-0.02061802"," 0.0807360155","-0.091024919"," 0.479452555","-0.01376713"," 0.196118104","-0.327734638","-0.274715164"," 0.0111156552","-0.028408631"," 0.1101242690"," 0.253618097"," 0.0964684813"," 0.1286565564","-0.0960216426"," 0.172528896"," 5.210562e-01"," 0.012150880"," 0.176499964","-0.051211161"," 0.10751585"," 0.1605586986","-0.170482358","-0.024577249","-0.138809354","-0.2021483515","-0.271165469","-0.046151879","-0.1332057409"," 0.609382603"," 0.3264709795"," 0.369304047","-0.057340610","-0.0765882029","-0.35322112"," 0.251828572"," 0.212267317","-0.314184491","-0.067042463","-0.361154530","-0.16001712","-0.13196389"," 0.0777807620"," 0.007495786","-0.025045091","-0.212240486",7,6,"Colchine"
"PMSF_H1"," 0.013878793","-0.3276693695"," 0.183106364","-0.946922969","-0.43076110","-0.1541198360"," 0.832067767","-0.931825776"," 0.24687118"," 0.757479162"," 0.168746108"," 0.632675875","-0.7180817765","-0.258833495","-1.1157704253","-0.951783597","-0.1661772521","-0.5628659170","-0.3254391395","-0.001037765","-2.078275e-01","-0.925945947"," 0.205027283","-0.033206344"," 0.52669198"," 1.7364595191"," 0.050408649","-0.084468494"," 0.916886696"," 0.9868785188","-0.104832898"," 0.344710876","-0.2742404004","-1.120814857","-0.5930327632","-0.317271024"," 0.579967538","-0.1299456931","-0.47154410","-0.268588769","-0.668586089"," 0.004621575"," 0.655120862"," 1.080450558","-0.62180835","-0.81756263","-0.4751155074"," 0.156079395"," 0.339636092"," 0.314158660",8,7,"PMSF"
"PMSF_H2"," 0.055628060","-0.2435070646"," 0.260575762","-0.385368143","-0.29999012"," 0.6748287836"," 0.220880332","-0.289318523"," 0.44075989"," 0.632342642"," 0.346123439"," 0.487315575","-1.2865843055","-0.558301326","-0.7214366457","-0.447447974","-0.1959875566","-0.2358017465","-0.8120129416","-0.563765340"," 3.691546e-01","-0.803039206","-0.088185447","-0.539597331","-0.10724502"," 2.1871495506","-0.342896215","-0.207168343"," 0.508033761"," 0.9545679837"," 0.194122105"," 0.109817354","-0.6123576476","-0.877256297","-0.2805368545","-0.339109178"," 0.199207483"," 0.3352129865","-1.05120327"," 0.042178234","-0.779033323"," 0.272955316"," 0.187722070"," 0.769413150","-1.46852766","-0.86071394","-1.0364566148"," 0.064077145"," 0.810880394"," 0.390747126",8,7,"PMSF"
"PMSF_H4"," 0.194715738","-0.1794275297"," 0.557415319","-0.312100811","-0.19499690"," 0.8409096905"," 0.181297087"," 0.244539577"," 0.05938846"," 1.533048117","-0.117904175"," 0.579885400","-1.9572810727","-0.969375360","-0.5065292602","-0.628495022","-0.2469365257","-0.3076845153","-0.3503246279","-0.058577015"," 3.735628e-01","-0.714188118","-0.010446495"," 0.216700342"," 0.02910867"," 2.0418772782","-0.406186593","-0.150398446"," 0.686520856"," 1.0195683869"," 0.070323393","-0.475029331","-0.8284414337","-0.920227473","-0.7728064604","-0.481075073","-0.122177136"," 0.3420677199","-1.96164851"," 0.256367206","-1.086248748"," 0.251459649"," 0.436462253"," 0.999415129","-1.65243781","-0.92851706","-1.1604439433","-0.146871225"," 1.110245287"," 0.369424839",8,7,"PMSF"
"PMSF_H6","-0.149618302","-0.3778095799"," 0.356196226","-0.528150537","-0.20566476"," 1.0062164673","-0.207437732"," 0.112884235","-0.07677566","-0.303903449"," 0.092930322"," 1.084299047","-3.5748746470","-0.506797491","-0.4326794193","-0.670144299"," 0.0355596530","-0.3210374001","-0.5644939723","-0.155335782"," 7.974585e-01","-0.428776332","-0.086043320"," 0.485243435","-0.20150151"," 2.0896672338","-0.318621030","-0.561511347"," 0.638194216"," 0.8165814416","-0.037888670","-0.853274377","-1.8905104699","-0.917848346","-0.1140945626","-0.393891707","-0.217531934"," 0.6877443630","-3.92221044"," 0.361152769","-1.252025748"," 0.049626521"," 0.380473028"," 0.643471243","-1.39115341","-1.14712572","-1.6031567945","-0.350031787"," 1.348618123"," 0.208457459",8,7,"PMSF"
"PMSF_H8","-0.217755924","-0.4952580971"," 0.547902978","-1.210450300","-0.28030101"," 1.0857189951"," 0.312949167"," 0.142020360"," 0.28134908"," 0.183709662","-0.028014236"," 1.424246920","-4.4231567309","-0.205134539","-0.9483992164","-0.671020026","-0.1280018561","-1.1699285283","-0.4714711130","-0.072534124","-2.573908e-01","-1.060648135","-0.158752755"," 0.157495995"," 0.22409415"," 2.2573997602","-0.195552729","-0.968039985"," 0.825450450"," 0.8963681083","-0.702605986","-1.446633727","-2.7320146736","-1.103378641","-0.2704638356"," 0.118504521"," 0.147939462"," 0.1662517831","-5.14552166"," 0.036882191","-1.888540226","-0.051064278"," 0.703290004"," 0.718991406","-1.26968919","-1.66985724","-1.2654181756","-0.005539631"," 1.315219049","-0.193965853",8,7,"PMSF"
"Leupeptine_H1","-0.079025754","-0.0021268802"," 0.220808743"," 0.504137781"," 0.15572312","-0.4426967355"," 0.060795558","-0.225964603"," 0.06822167","-0.344508308"," 0.513974656"," 0.188875292","-0.0595079821"," 0.328876670"," 0.6883905986","-0.504117247"," 0.1639513326"," 0.0409608295"," 0.0708043921"," 0.080459703"," 2.749465e-02","-0.072104578"," 0.058143394"," 0.143883947","-0.17057303","-0.0625837757","-0.113115209","-0.066691672"," 0.142883991"," 0.1376782675","-0.076625444"," 0.132847821"," 0.0361564436","-0.543726018"," 0.2873022585","-0.476928834"," 0.292615361"," 0.1539106664"," 0.15610848"," 0.143518168","-0.057356368"," 0.204857184","-0.178498514"," 0.495087353"," 0.11794735","-0.07627674"," 0.0778434786","-0.137611358"," 0.069769389"," 0.053551430",9,8,"Leupeptine"
"Leupeptine_H2"," 0.023931270"," 0.0850715892","-0.069152828","-0.292123780","-0.13935083","-0.1114797812"," 0.230482466","-0.067536499","-0.60791345"," 1.744005934"," 0.028393229"," 0.031443941","-0.2129038880","-0.001165489","-0.1414868580"," 0.002896697"," 0.1376762124","-0.0964173973"," 0.0535468193","-0.131787525"," 2.219783e-02","-0.135329177","-0.008670826","-0.244512344","-0.12223433"," 0.1382923713","-0.052312853","-0.130997739","-0.136642035"," 0.1443876145"," 0.071167224"," 0.254872410","-0.0326290696"," 0.453686861"," 0.3010428102"," 0.325752617"," 0.012887961","-0.1398229610","-0.07032666"," 0.107384214"," 0.200718446","-0.081885616","-0.119707995","-0.055356205"," 0.15003195"," 0.11149217","-0.1641265999"," 0.225328027","-0.210183262","-0.006832737",9,8,"Leupeptine"
"Leupeptine_H4"," 0.100219197","-0.0272641168"," 0.067204754"," 0.045026578"," 0.12558121"," 0.2225163718"," 0.002720952","-0.122182491","-0.51593568","-0.134279101","-0.136266889","-0.243436661","-0.1970569819","-0.602245372"," 0.1002044041"," 0.078553034"," 0.0611920559","-0.0847212352"," 0.1638860317"," 0.213847773","-1.710000e-01"," 0.113799157"," 0.125611805"," 0.209733048","-0.06202353"," 0.0427279314","-0.087514461","-0.128180416","-0.097954339","-0.1552146637"," 0.287711251","-0.218584868"," 0.0491620338","-0.084548297"," 0.0356014607"," 0.042067903","-0.074721390"," 0.0939899805","-0.14398233"," 0.264619692"," 0.016923738"," 0.055837182"," 0.039593543","-0.037522885","-0.17024009"," 0.10191047"," 0.0538191180","-0.099818016","-0.004166884"," 0.075117566",9,8,"Leupeptine"
"Leupeptine_H6","-0.168978494","-0.0939207208","-0.082886245"," 0.239475190","-0.03685918","-0.0862509728","-0.308031319"," 0.090396577","-0.22938352","-0.941544771"," 0.246240158","-0.141032316","-0.5520420803","-0.001620153"," 0.2690093715","-0.057880577"," 0.0279000771"," 0.2478771973","-0.0451633545"," 0.005267699"," 2.655696e-01"," 0.133608426"," 0.141802835"," 0.066055075","-0.38552440"," 0.0832784546","-0.191303551"," 0.025518540","-0.016035904","-0.0803762204","-0.055677639"," 0.025438935","-0.1158272701"," 0.250343168"," 0.5789352706","-0.151509100","-0.278281869"," 0.2086146325","-0.13478901"," 0.374620029","-0.066143838","-0.110328317","-0.143115468","-0.001461015","-0.10744357"," 0.04572437","-0.3704839032","-0.230297862"," 0.028508851"," 0.024330947",9,8,"Leupeptine"
"Leupeptine_H8"," 0.032937468"," 0.0634602854","-0.154855881","-0.129845171","-0.09329664"," 0.2088542182","-0.027266218"," 0.344572914","-0.07467410","-0.141688005"," 0.253218539"," 0.085667427"," 0.4729434585","-0.255380330"," 0.0607814601"," 0.209141977","-0.0904702464"," 0.0387886244"," 0.0564788904"," 0.175231516","-2.008119e-01","-0.066539155"," 0.072199359","-0.190933124"," 0.05211846"," 0.0677886029","-0.200159653","-0.066912202","-0.032865304"," 0.0267593462","-0.105157594","-0.259307963","-0.1144556790"," 0.016463627"," 0.5042676105"," 0.033827873"," 0.132256547"," 0.0406511224"," 0.28354795","-0.177361620","-0.176178486","-0.129686790","-0.060130876","-0.162480583","-0.14704516"," 0.16906908"," 0.0509243888"," 0.127092039"," 0.126704124","-0.178511999",9,8,"Leupeptine"
"Apicidin_H1","-0.046033850","-0.0352766255","-0.083897364","-0.106815264","-0.32627000","-0.3526191640"," 0.291428915"," 0.012426441"," 0.16319174"," 0.726400382"," 0.090497314","-0.049839674"," 0.0541127840"," 0.141899476","-0.3048842105"," 0.452905668"," 0.0262798205"," 0.5379452546","-0.0378523796","-0.887717173"," 2.863321e+00","-0.517792328","-0.230328640"," 0.090498794","-0.05104866"," 0.6485281438","-0.038020153","-0.090443074","-0.122300213","-0.0829393758","-0.473109457","-0.075806177"," 0.3969736802","-0.070581725","-0.2366775372"," 0.367625881"," 0.544805497","-0.4244347301","-4.25186152","-0.331707000","-0.005520483","-0.975569420"," 0.145668827"," 1.937777917","-0.27823298","-0.11654648"," 0.6715500794"," 0.117170066","-0.086826128","-0.367604753",10,1,"Apicidin"
"Apicidin_H2"," 0.215745718","-0.1633264171","-0.276619234","-0.116679177","-0.35082492"," 0.2391504913"," 0.146475532"," 0.180311711"," 0.20849738","-0.003040544","-0.133641913","-0.171256346","-0.1839535816","-0.164470731","-0.0588415883"," 0.041870112","-0.1837334642"," 0.2003038535"," 0.0995344553","-0.034577972"," 2.489296e-01"," 0.025790313"," 0.016146976","-0.018047055","-0.12206749"," 0.3985828917","-0.310293421","-0.218735884"," 0.174645238"," 0.0953405658"," 0.031384534","-0.287247417"," 0.0027906119","-0.294095792","-0.3602053120","-0.131691804"," 0.225388340"," 0.2731385073","-0.01482434"," 0.022511263"," 0.353939717"," 0.257617131","-0.131227012"," 0.020811702","-0.38909286","-0.14080967","-0.0776496468","-0.113223718"," 0.248164822"," 0.294558038",10,1,"Apicidin"
"Apicidin_H4"," 0.005308789"," 0.2341795830","-0.046014317","-0.177893138"," 0.16626145"," 0.0432582320"," 0.226598196"," 0.074252368","-0.36899531"," 0.513330401","-0.051574419","-0.187295186","-0.0186362315","-0.181397891"," 0.0099414179","-0.130053837","-0.0785296925"," 0.2375122874","-0.0626778091"," 0.724548420","-1.872437e-01"," 0.024499727"," 0.032378715"," 0.022023545","-0.08977964"," 0.5953717413"," 0.098006590","-0.176009214"," 0.001554116","-0.0155692945"," 0.163032067","-0.313990882"," 0.0901391926","-0.412149088"," 0.1663398780"," 0.157786864"," 0.556135402"," 0.1859165330"," 0.09839623","-0.238312966"," 0.294973625"," 0.005416684"," 0.037914004","-0.040822372","-0.33016925"," 0.40425228"," 0.0227671933","-0.068856725"," 0.138444852","-0.096015427",10,1,"Apicidin"
"Apicidin_H6","-0.105196653"," 0.1225680095","-0.040541277","-0.019772023","-0.02826850","-0.0039589194","-0.045043829"," 0.385923610"," 0.12224082"," 0.247618642"," 0.239521178","-0.141268621","-0.0725296365"," 0.123257275","-0.0348405749","-0.221306676","-0.0763828796"," 0.0295358493","-0.0008779671","-0.193810826"," 2.068517e-01","-0.223772676","-0.133045171"," 0.112430565","-0.18771464"," 0.6718615846","-0.112906651","-0.151030803"," 0.223634753"," 0.1075065204"," 0.063139816","-0.164804625"," 0.0374656751","-0.408475060","-0.1441043725","-0.235392189"," 0.070613635"," 0.0580579567"," 0.09747137","-0.333623814","-0.035684028"," 0.029559544","-0.087579292"," 0.195169179","-0.22961578","-0.07355834","-0.0679252893","-0.052941991","-0.073263351"," 0.089413165",10,1,"Apicidin"
"Apicidin_H8","-0.131313769"," 0.2869772538","-0.119388040"," 0.249515576"," 0.17289569"," 0.0223862803","-0.042195104"," 0.100764764","-0.05203783"," 0.083792097"," 0.218708491","-0.205073710","-0.2049988674"," 0.112544428","-0.0006500894"," 0.087343797","-0.1430589653","-0.0003993728","-0.0829207375"," 0.432412217"," 2.276716e-01"," 0.107640223","-0.162392292"," 0.163513756","-0.09292746"," 0.4501744195"," 0.135627963","-0.003537026"," 0.130673231","-0.0050908690"," 0.064106115","-0.060370974","-0.0574338959"," 0.103635670"," 0.2398309686"," 0.105822069","-0.323502715"," 0.1421731529"," 0.01372628"," 0.149585159"," 0.192745873"," 0.034238504"," 0.005071695"," 0.090073660"," 0.01561100","-0.23704304"," 0.0712842289"," 0.059690734"," 0.205612135"," 0.049532351",10,1,"Apicidin"
"Apicidin_H10"," 0.050572731","-0.0647357049","-0.111843500"," 0.310877162","-0.03027252"," 0.0797844964","-0.037385951"," 0.477181557","-0.26142229","-0.073350775","-0.002172653","-0.218236107","-0.2176054828","-0.175970446"," 0.1444680413"," 0.111885400"," 0.0138338777"," 0.1922578996","-0.1560715201"," 0.211095199"," 1.865372e-01"," 0.289718399"," 0.008611350"," 0.121698345","-0.15576070"," 0.2522824630","-0.040830929","-0.088687498","-0.050274687","-0.1110541359","-0.009764529","-0.090187040","-0.0942500564"," 0.179255280"," 0.2315010126","-0.196899596"," 0.248973533"," 0.2268221889","-0.13678659"," 0.216240404"," 0.172561932"," 0.192416939","-0.255819831","-0.016626153","-0.16057177","-0.04204763"," 0.0199854902","-0.186400204"," 0.042391348"," 0.081787829",10,1,"Apicidin"
"Trichostatin_H1","-0.113532479"," 0.5107063087","-0.693389930"," 2.154039050","-0.43843062"," 0.7139199970","-0.386663031"," 0.036020483"," 1.08769441","-2.070133023"," 1.800809819","-0.031816063","-0.9487630665"," 0.379009683"," 0.0048323168","-0.016337215","-0.5217284975","-0.0175759122"," 1.2772969289"," 0.350475956"," 9.181470e-01"," 0.711170185"," 1.700096355"," 0.736187228","-0.52252414"," 1.3330228907","-0.493169400","-0.941211522","-0.260359407"," 0.0879976301"," 0.168866821","-1.260412147","-0.5940070663","-0.127348404"," 0.2666769809"," 0.288458779"," 0.457796496"," 0.0168834383","-0.62660554","-1.746454862"," 0.799235721"," 0.197514786","-0.535348147"," 1.728341231","-1.53650852"," 0.91381988","-1.3503706441"," 0.848324636"," 0.448867380","-0.027670890",11,1,"Trichostatin"
"Trichostatin_H2"," 0.099077134"," 0.0118272657"," 0.046899095"," 2.115302576","-0.94542090"," 0.4974853393"," 0.025632952"," 0.362521509"," 0.80167333"," 0.036925472"," 0.021957584"," 0.778085467","-0.6681659959"," 0.177909223","-0.4461684314","-0.260821626","-0.6394929904","-0.0349646920"," 1.2114594650"," 0.950064666"," 4.333690e-02","-0.523304078"," 1.622658912"," 0.401911891","-0.51727144"," 0.1532385271","-0.517102087","-1.666373678"," 0.755955332"," 0.3981639849"," 0.116063504","-1.553058441","-0.5038789984"," 0.210209685","-0.0906808624","-0.052302544"," 0.715789582","-0.2462594994","-0.55198352","-0.920806163"," 0.996903311"," 0.079852463","-0.454146695"," 1.263172730","-1.04494523"," 0.83614045","-0.9890001437"," 0.977601790","-1.094856398","-0.074127527",11,1,"Trichostatin"
"Trichostatin_H4","-0.014667208"," 0.7171713589","-1.547451826"," 1.920535193","-0.61104222"," 0.3761490082"," 0.334986741","-0.274813715"," 1.31509655","-0.485989524"," 0.110899387","-0.059117761","-1.3336421771"," 0.582273509","-0.9347881069"," 0.080756744","-0.7645107275","-0.2926126232"," 1.3874655738"," 0.516968586","-1.238469e+00","-1.119165711"," 1.697612416"," 0.161208161","-0.31653171"," 1.2256516549","-0.462538894","-1.671860120"," 0.810740240"," 0.3354780454"," 0.046906680","-1.605419881","-0.9434577705","-0.267155503","-0.4330965956"," 0.439969549"," 0.747319043","-0.4380415358","-0.98690180","-1.295601557"," 0.775454636","-0.335600427"," 0.088288869"," 1.133896629","-0.45983877"," 0.75500395","-1.6976457396"," 0.932920180","-0.023449768","-0.096376136",11,1,"Trichostatin"
"Trichostatin_H6"," 0.034241838","-0.0217472384","-1.071960923"," 2.061500352","-0.30011123"," 1.0258195658"," 0.157398329"," 0.315234017"," 0.64945033","-0.228783842"," 0.684062348"," 0.008631960","-1.0099135169"," 0.502260131","-0.3272242271","-0.085149199","-0.6702954439"," 0.1575782167"," 0.9817497931"," 0.426304978","-2.970312e-01","-1.058624980"," 1.417308453","-0.126924083","-0.09751882"," 0.4879318972"," 0.039204229","-1.443163224"," 0.604232921"," 0.1627304170"," 0.212266459","-1.620602328","-0.9105648081","-0.295334428","-0.1441907190"," 0.494352344"," 0.448335548","-0.0150165512","-0.89137691","-0.675007504"," 0.491165998","-0.165744864","-0.208987922"," 0.723934411","-0.41295898"," 1.05570983","-1.5868721676"," 0.691493093","-0.356487538"," 0.017125590",11,1,"Trichostatin"
"Trichostatin_H8","-0.049319287"," 0.3073605191","-0.601497527"," 2.528934890","-0.30167803","-0.1899549314"," 0.274394441"," 1.036689282"," 0.98817744","-0.447073377"," 0.983008250","-1.337854222","-0.6503594282"," 0.080312850","-0.3410520821"," 0.010353874","-0.7658025596","-0.0862875647"," 0.9199654422"," 0.757462330","-3.594913e-02","-0.815863568"," 0.992143892","-0.158206486","-0.03127859","-0.6173691386"," 0.072812905","-0.589406830"," 0.067465790","-0.5282584781","-0.184312323","-1.912900668","-1.0082111791","-0.121270095","-0.2535805539"," 0.180319631"," 0.238029785"," 0.0344678944","-1.06909146","-0.686357619"," 0.854227567","-0.140209929","-1.213221242"," 0.178421479","-0.21168542"," 1.19376024","-0.1649117055"," 0.360543907","-0.069852300"," 0.310958258",11,1,"Trichostatin"
"Trichostatin_H10"," 0.639604862"," 1.1349559706","-1.528906307"," 3.063608684","-0.22164274","-0.8503884661"," 0.747264071"," 1.052610106"," 1.39488129"," 0.601617067"," 1.597670690"," 0.624610675","-0.8714988791","-1.146071860"," 0.4837198636"," 0.066532090","-1.5337431683"," 0.1939575496"," 1.5908458820"," 1.058348313","-5.934020e-01","-0.952271534"," 1.133012471"," 0.330006220"," 1.97743342"," 1.9459545583"," 0.105033125"," 0.268525719","-0.708503921","-0.3935185908","-0.424508503","-1.391768951","-0.7190610240"," 0.603495856"," 0.3790319762","-0.086350571"," 0.874142959","-0.6093348342"," 0.14648893","-1.515234165"," 0.676316587","-1.034340064","-1.921062439","-0.968201280"," 0.11177891"," 1.61861465"," 1.7284819602"," 0.781714619"," 0.622114301","-0.227833918",11,1,"Trichostatin"
"Quinine_H1","-0.347293773"," 0.1419596684"," 0.208163746","-0.210337520","-0.20704631"," 0.0771584477","-0.040553256","-0.027044347","-0.24051498","-0.574707940","-0.117466646","-0.294141233"," 0.3375416883"," 0.109602507","-0.3643867029"," 0.085201010"," 0.0555369091"," 0.1374924445"," 0.0036143592"," 0.192776531","-8.963921e-02"," 0.189728789","-0.283445053"," 0.115624577","-0.16715262"," 0.2597422128","-0.865336043"," 0.085268138"," 0.036749041"," 0.1120866282"," 0.107011635"," 0.134044252","-0.2905066546"," 0.384713931","-0.3115546718"," 0.549779874","-0.341954447"," 0.3202312514","-0.26985960"," 0.118664588","-0.050505725"," 0.055391438"," 0.019417772"," 0.052790140","-0.07613125","-0.26141790","-0.1930333363","-0.339662421"," 0.136306361"," 0.190396761",12,9,"Quinine"
"Quinine_H2","-0.463497395","-0.0019848071"," 0.331847004","-0.540141965","-0.34784587"," 0.2331058926","-0.605925966","-0.620081029","-0.25025756","-2.017781641","-0.095009699","-0.762750814","-0.3166853665"," 0.111325083","-0.2235559803"," 0.156357815"," 0.3025385883"," 0.2771960010"," 0.3861006833"," 0.083966084"," 2.599227e-01"," 0.314168992","-0.358826833"," 0.174009966","-0.36398183"," 0.1083201515","-1.924351691"," 0.133482756"," 0.036372039","-0.0008564123","-0.024710384"," 0.265508017","-0.5077371997"," 0.543295736"," 0.2210053516"," 0.646646903","-0.809636434"," 0.4119759871","-0.75776723"," 0.482174612","-0.079339815"," 0.334000939"," 0.067336354","-0.081573816"," 0.30735686","-0.28960566","-0.0627242813","-0.357814338"," 0.014904712"," 0.252071191",12,9,"Quinine"
"Quinine_H4","-0.293353325"," 0.0910001758","-0.014879355"," 0.083852799","-0.10992629"," 0.1247432547","-0.307417328","-0.449176177"," 0.04047474","-0.932646817","-0.051698259","-0.289678907"," 0.1455110489"," 0.351979885","-0.6439532108","-0.164633372"," 0.0762263884"," 0.0836806711"," 0.2596127944","-0.184885946"," 3.344625e-03","-0.158508340","-0.454251957","-0.144514113","-0.46163379","-0.0567566321","-0.956241241","-0.520037014"," 0.387544833"," 0.2116348284"," 0.082995150","-0.005614405","-0.5390297394","-0.247907937","-0.5838455126","-0.009719824","-0.443325286"," 0.4061062532"," 0.04377050"," 0.045745574"," 0.294529176"," 0.103482657"," 0.132539420"," 0.388834913"," 0.08852401","-0.23724033","-0.2494465681","-0.417159159"," 0.119044619"," 0.478459099",12,9,"Quinine"
"Quinine_H6","-0.397897513","-0.0074759484"," 0.011400125","-0.243503308","-0.01636568"," 0.1323055630","-0.132007701","-0.071038669"," 0.12717414","-0.672313722","-0.297982657","-0.464197064","-0.3695474538"," 0.251559165","-0.2328570274"," 0.533145225"," 0.2605524397"," 0.4763995706"," 0.1608138301","-0.058401363"," 1.753573e-01"," 0.405452339"," 0.085755828"," 0.119155877","-0.38502086","-0.1122417044","-0.929993943"," 0.048009608","-0.032872599","-0.0031265965"," 0.014331510"," 0.260209322","-0.1463083885"," 0.111626362","-0.0525007445"," 0.176281587","-0.460342047"," 0.2813893812","-0.62569916","-0.031846773"," 0.244779546"," 0.316296093","-0.058703681","-0.118730318"," 0.03789119","-0.46473642","-0.5814646212","-0.286650300"," 0.017053292"," 0.225998359",12,9,"Quinine"
"Quinine_H8","-0.197379372"," 0.0511525746","-0.132069959"," 0.046463422"," 0.27860984","-0.4795554800","-0.166713516"," 0.204603148"," 0.62205643","-0.648590615","-0.439477054"," 0.120068788","-0.2066600315"," 0.125653544"," 0.5588864994"," 0.134897007"," 0.0902764295","-0.0088054041","-0.0197811643"," 0.198992209"," 1.119943e-01"," 0.083484600","-0.122895854"," 0.132061416"," 0.40867148"," 0.0341402973","-0.940693204"," 0.123611331","-0.252214264","-0.2315624409"," 0.035703959","-0.188545395","-0.8765288622"," 0.880843318"," 0.0417179852"," 0.072590776","-0.499848508"," 0.3604083837","-0.65783161"," 0.488114740","-0.234441822"," 0.308049084","-0.053563850","-0.017291110"," 0.24813751"," 0.03508227","-0.0265326938"," 0.685713701"," 0.071619954","-0.014693257",12,9,"Quinine"
"Quinine_H10","-0.333951259","-0.0836471260"," 0.017584277"," 0.302165901","-0.12321543"," 0.4062761761","-0.205598931","-1.177532164","-0.34338593"," 0.135591995"," 0.486586711","-0.458470969","-0.0005252532"," 0.174699767","-0.7866517345","-0.888922234"," 0.3236997311"," 0.4939610848"," 0.5486818424"," 0.092355182"," 4.403618e-01"," 0.439511615","-0.055489221"," 0.037976254","-0.58541119"," 0.2054862831","-0.131458221"," 0.087865984"," 0.365944487"," 0.1136755102"," 0.187099254"," 0.286318636","-0.3949423762","-0.579804632","-0.3925916123","-0.477050486","-0.538600063"," 0.3683184523","-0.19610840"," 0.160868637"," 0.331350801"," 0.240658466","-0.054664801"," 0.334907821","-0.27434492","-0.47404600","-0.6962607608","-0.305964412","-0.173070387"," 0.448533542",12,9,"Quinine"
"Chloroquine_H1"," 0.288754930","-0.1434703332"," 0.041923009","-0.315643200","-0.24237750","-0.0512270667"," 0.343620291","-0.813642991","-0.37892971"," 0.075974881","-0.651092808"," 0.221829921"," 0.5254031018","-0.047911654","-0.1514036775","-0.135626188","-0.0802411256","-0.4771524692","-0.1157564842"," 0.202956375","-9.425453e-01","-0.160643627","-0.155712648"," 0.128979510"," 0.76720879","-0.5351956960"," 0.329059716"," 0.050067327","-0.095365272","-0.0178222799"," 0.426775994"," 0.060266668"," 1.0972968976"," 0.186374794","-0.2495356700","-0.444159250","-0.389571059","-0.3050527796"," 0.96238631","-0.221868346","-0.199994653","-0.295545822","-0.189620848","-0.517949845"," 0.21392189"," 0.85156322"," 0.4495060014"," 1.251813847","-0.338891693","-0.040452048",13,10,"Chloroquine"
"Chloroquine_H2"," 0.395957475","-0.2839890568"," 0.015845973","-0.155091832","-0.07204708"," 0.0527092978"," 0.316078884","-0.645715747"," 0.33342430","-0.141263973"," 0.032970402"," 0.023153983"," 0.5590960479","-0.028557556","-0.2744289527","-0.185772494","-0.1775756690","-0.3449296238","-0.1543998332","-0.044081983","-2.714793e-01","-0.064596325","-0.242960318"," 0.123796095"," 0.32966956","-0.5311782407"," 0.294536938","-0.114056817","-0.079675603","-0.1349907220"," 0.355933835","-0.038045598"," 1.1343499237"," 0.100458278","-0.3763231017","-0.419171673","-0.351353613"," 0.1492022969"," 1.38229148","-0.165082215","-0.002608762","-0.306596056","-0.199816905","-0.120794123","-0.22321383"," 0.40974857"," 0.3032725520"," 1.021902097"," 0.133171409"," 0.119325538",13,10,"Chloroquine"
"Chloroquine_H4"," 0.358884026","-0.2852756559"," 0.185070395","-0.280761166","-0.04467791"," 0.0400237227","-0.056369300","-0.524205913","-0.05863034","-0.193701871","-0.059673361","-0.180049205"," 1.0200836263","-0.363273798","-0.0368867729","-0.262548856","-0.1270147845"," 0.3181949940","-0.0728577024"," 0.134207347","-3.716822e-01"," 0.332495183","-0.116762969"," 0.068101517"," 0.52152987","-0.6667165660","-0.202287885"," 0.119228832","-0.233505939","-0.0504131143"," 0.268539182"," 0.146970418"," 0.8877694773"," 0.346991926","-0.5750185411","-0.291901107","-0.279684102","-0.0054228910"," 1.31438211"," 0.122131966"," 0.535132384","-0.293296147","-0.248765597"," 0.101286263","-0.07402622"," 0.28641802"," 0.1270728160","-0.354422414"," 0.008433421"," 0.068681200",13,10,"Chloroquine"
"Chloroquine_H6"," 0.146772658","-0.1921001237","-0.062135374","-0.039834043"," 0.01541089"," 0.1682322634","-0.393891599","-0.104409142"," 0.03365919","-0.028315523"," 0.482218228","-0.054819165"," 0.4179453382"," 0.049542769","-0.1794050571","-0.112666073"," 0.0397474646"," 0.0037669944"," 0.0512102696"," 0.131258300","-1.608428e-01"," 0.171780431","-0.048569379","-0.054693076"," 0.09446799","-0.6026354627"," 0.017033112","-0.192532157","-0.161975796"," 0.0419440235","-0.173232672"," 0.141727904"," 0.7907689464"," 0.106218851","-0.3881256314","-0.297401274"," 0.092763743"," 0.1693051853"," 0.69167853"," 0.039974298"," 0.252416816","-0.155087149","-0.030172371"," 0.237885597","-0.10278532"," 0.02608351"," 0.3641040291"," 0.359479305"," 0.036518816"," 0.180073817",13,10,"Chloroquine"
"Chloroquine_H8"," 0.227341775","-0.2732634808","-0.023195782"," 0.001965438","-0.07478488"," 0.1558959826","-0.296732668","-0.119789367","-0.63384989","-0.488444972"," 0.058063799","-0.208076841"," 0.7962843135","-0.059408987","-0.1868012721","-0.020409427"," 0.0331155429"," 0.2011235670"," 0.1071649139"," 0.217287157","-9.810381e-02"," 0.325916588","-0.013211200"," 0.195318375","-0.03036061","-0.6401690753","-0.156510554","-0.001155632","-0.110458571","-0.0763979329","-0.077011674"," 0.424449255"," 0.6415304136"," 0.095189805","-0.3098970271","-0.308639303"," 0.211061663"," 0.1273372038"," 0.95412372"," 0.460605361"," 0.402221626","-0.280334744","-0.121380457"," 0.155514311","-0.11877947"," 0.19576012"," 0.2301533053"," 0.125761834","-0.012438777"," 0.309703134",13,10,"Chloroquine"
"Chloroquine_H10"," 0.205346905","-0.1679594094","-0.171347587","-0.371335548"," 0.05604832"," 0.1513239772","-0.278776697","-0.374170739","-0.83740264"," 0.154331878"," 0.567773919","-0.028631615"," 0.5562668210"," 0.107678905","-0.2200933645","-0.281564395","-0.0142746622","-0.0732196875"," 0.1026321056","-0.098952393","-8.040176e-01"," 0.229282868","-0.079554537"," 0.094154516"," 0.05723312","-0.6582288445"," 0.364905054","-0.084454462"," 0.142770652"," 0.1953913825","-0.064134862"," 0.424606434"," 0.5082564272","-0.042920903","-0.5408830187","-0.165460545"," 0.329014448"," 0.0946040936"," 0.43875927","-0.091901831"," 0.179697276"," 0.022621133"," 0.155554395"," 0.481006254","-0.10793836"," 0.03373830","-0.0493358082"," 0.322747265","-0.085079184"," 0.190195083",13,10,"Chloroquine"
"Febrifugine_H1","-0.154227847"," 0.0493076901"," 0.199361667","-0.239273311","-0.11472582"," 0.1821928263"," 0.061022904"," 0.394844476","-0.39100995"," 0.088347364","-0.270098379","-0.567221993"," 0.0037484877","-0.012709824","-0.2176808758","-0.059454018","-0.0596540811"," 0.0456936616","-0.2279569465"," 0.026516491"," 2.071658e-02"," 0.423812582"," 0.052200079"," 0.217979709","-0.63402797"," 0.4911010545","-0.236163857"," 0.199736470","-0.041519327"," 0.0439585536"," 0.081504224"," 0.004491282","-0.3473047523"," 0.543853725","-0.1028904061"," 0.319470525","-0.186936713"," 0.4079018041","-0.63179431"," 0.226730896","-0.058628602"," 0.084113984","-0.183579469","-0.216396116","-0.19443922","-0.21509255","-0.1793454699","-0.515346195"," 0.016527703"," 0.002412559",14,11,"Febrifugine"
"Febrifugine_H2","-0.087032220"," 0.0213367808"," 0.347766304","-0.691519333","-0.06927338"," 0.3838508434","-0.051169571","-0.361915138"," 0.13386657","-0.138829581"," 0.149177528","-0.347946405","-0.3148780238"," 0.222177393","-0.2342910359","-0.232400876","-0.0008177717"," 0.3497468519"," 0.2545925129","-0.221769068"," 4.568695e-02"," 0.646273386"," 0.104103408"," 0.260883055","-0.34009012"," 0.1129821270","-0.458539921"," 0.153107541"," 0.208301519"," 0.0774250980"," 0.161970856"," 0.148023639","-0.0665554892","-0.276382051","-0.2905641664"," 0.110025153","-0.319643475"," 0.4129501178","-0.57712293","-0.353769155","-0.388612502"," 0.344524764","-0.092242630"," 0.049291509"," 0.16591838","-0.33562667","-0.3760526946","-0.526757283"," 0.204185628"," 0.100089061",14,11,"Febrifugine"
"Febrifugine_H4","-0.262465839"," 0.1307575193"," 0.168683791","-0.076521391"," 0.22014536"," 0.2899772572","-0.087155452","-0.410974879","-0.19104624","-0.056196643"," 0.061506622","-0.198646631","-0.6037613754"," 0.275990249","-0.4401655122","-0.431989219"," 0.0133564109"," 0.3308714058"," 0.3408201488","-0.294071515","-1.119779e-02"," 0.527214647","-0.290308966"," 0.247011927","-0.45978674"," 0.1652959726","-0.460197091","-0.082346977"," 0.191169011"," 0.0240262503"," 0.314234247"," 0.114525631","-0.4268182242","-0.242874999","-0.3280307037"," 0.098286960","-0.281419453"," 0.1310717066","-0.93828423","-0.088025239","-0.118576271"," 0.145926954","-0.089117725"," 0.116540684"," 0.17431771","-0.27936532","-0.5660108858","-0.538756682"," 0.269848546"," 0.185188802",14,11,"Febrifugine"
"Febrifugine_H6","-0.053061393"," 0.0804862788"," 0.025212136"," 0.183217866"," 0.13483790"," 0.3630687406"," 0.189893852"," 0.026526674","-0.13340544"," 0.577406253","-0.116446548","-0.422389772","-0.1239653573"," 0.102411219","-0.4685167991"," 0.093257822","-0.0318092872"," 0.5148770036"," 0.1093592979"," 0.033736660"," 3.703109e-01"," 0.728824655"," 0.393380290"," 0.354545324","-0.51302325"," 0.1273636233","-0.021923430"," 0.389065662","-0.027652598","-0.0771411991","-0.159657911"," 0.216849909","-0.1873182711","-0.299789226","-0.4148628630","-0.300227241","-0.257291056"," 0.2526947213","-0.80708270","-0.214968640","-0.053028354"," 0.497226789","-0.333243757","-0.113988752"," 0.05337367","-0.39487832","-0.3074975398","-0.634577818"," 0.211586719"," 0.257192246",14,11,"Febrifugine"
"Febrifugine_H8","-0.247752681"," 0.1422240176"," 0.095392285","-0.210578801"," 0.06618417"," 0.1378070254","-0.008407016"," 0.120345437","-0.31663659"," 0.347701499","-0.170221390","-0.259460261","-0.3505039575"," 0.072334275","-0.3487595799","-0.681184762","-0.1163888583"," 0.6654860195"," 0.0456712854"," 0.160304266"," 2.032270e-01"," 0.655652535"," 0.377272533"," 0.380902478","-0.68196381"," 0.5078544966","-0.272543321"," 0.629249274"," 0.441625645"," 0.0456302605"," 0.124694696"," 0.161495398","-0.6258474788","-0.403238694","-0.4152846738"," 0.013517493","-0.005829286"," 0.4254762116","-0.69558942","-0.090596858"," 0.009957181"," 0.310317642","-0.054194389"," 0.206804152","-0.10857296","-0.20723604","-0.1172640919","-0.277082373"," 0.081390057"," 0.150244876",14,11,"Febrifugine"
"Febrifugine_H10","-0.111138673"," 0.0169103339"," 0.002243389"," 0.276078580","-0.03436997"," 0.6168082365"," 0.027771240","-0.262352950","-0.76009599"," 0.599647755"," 0.732396531","-0.411961195","-0.6806062677"," 0.224301607","-0.7093281632","-0.787780619"," 0.0255379644"," 0.6024862019"," 0.3070081493"," 0.807857790"," 5.685582e-01"," 0.357322069"," 0.532563102","-0.135259078","-0.93675561"," 0.9107350964"," 0.006707776"," 0.502500197"," 0.300008236"," 0.3070056029","-0.092914629"," 0.467465344"," 0.0739941831","-0.807134930","-1.4253131271","-0.376375991"," 0.015812645"," 0.0906375677","-0.40232131","-0.283185612"," 0.434429372"," 0.257253689","-0.091388772"," 0.504888111","-0.39783884","-0.19016450","-0.4323288048","-0.441076307","-0.066138282"," 0.508819596",14,11,"Febrifugine"
"Artemisinin_H1","-0.261879583"," 0.0716548363"," 0.242531630"," 0.033419152"," 0.10765341"," 0.1603903198"," 0.299606409","-0.493860422","-0.18978360","-0.524682009","-0.363124667","-0.337712308"," 0.1881861286","-0.024824510","-0.2348959231","-0.420138498","-0.1483268033"," 0.5392741829"," 0.1207961811","-0.288382203","-3.528470e-02"," 0.369381435"," 0.166402801"," 0.290570319","-0.30346367"," 0.3601544074","-0.939495957"," 0.234404354"," 0.007154893"," 0.1033730473"," 0.134037032","-0.150560280","-0.3250470046"," 0.213125085","-0.3733410021"," 0.141095145","-0.334447564"," 0.1260194252","-0.46523417","-0.091928394","-0.392276637"," 0.189815748","-0.135747014","-0.169150951"," 0.07772265","-0.22971181","-0.1192434645","-0.555172133"," 0.200655818"," 0.051794656",15,12,"Artemisinin"
"Artemisinin_H2","-0.118565197"," 0.1019340285"," 0.320747195","-1.128465746","-0.39236444"," 0.1653716764","-0.048689509","-0.737711191"," 0.06315535","-0.153970697"," 0.186363557","-0.671362133","-0.2600264717","-0.031851255","-0.7665417468"," 0.028461521","-0.1358732944"," 0.7992865899"," 0.5302869279"," 0.224315408"," 1.517153e-02"," 0.310518682"," 0.080632852"," 0.386327903","-0.38819309"," 1.0285257093","-0.519447663"," 0.420768004"," 0.464622228"," 0.2121452243","-0.162642336"," 0.400095029","-0.3331599948","-0.022793357","-0.1571252099"," 0.243043345","-0.493949109"," 0.1559780319","-1.03282307","-0.338239112","-0.150095802"," 0.368098090","-0.214169316"," 0.019648684"," 0.16193509","-0.16220383","-0.4559424450","-0.546030919","-0.140668580"," 0.044197061",15,12,"Artemisinin"
"Artemisinin_H4","-0.120136730"," 0.0353344817","-0.072480430","-0.112349440","-0.12845912"," 0.4362120226","-0.236364714"," 0.207217867","-0.43806339","-0.031138458","-0.042097618","-0.788308731","-0.2572529138","-0.297676934","-0.7234971535","-0.044976534","-0.2196258964"," 0.7220697228"," 0.0877011962","-0.354992235"," 3.977042e-01"," 0.441847484"," 0.168056081"," 0.263177097","-0.41793514"," 0.6882446535","-0.038685164"," 0.507432026"," 0.227722607"," 0.0292038795","-0.067544933"," 0.318458477","-0.3132539953","-0.215599098","-0.2937014955","-0.013861715","-0.358047583"," 0.3954329349","-0.39797983","-0.187646078"," 0.276668273"," 0.528041227","-0.128720375","-0.077175703"," 0.12812810","-0.09013727","-0.0189077751","-0.491345454"," 0.265114179"," 0.123572543",15,12,"Artemisinin"
"Artemisinin_H6","-0.289244681"," 0.4285272211"," 0.242587409"," 0.098247447"," 0.12181310"," 0.5100117363","-0.512702839","-0.247640223"," 0.01066418"," 0.300592510"," 0.203851530","-0.499753688","-0.0777554968"," 0.063021704","-1.5086962775"," 0.568257833"," 0.2314322828"," 0.4712823496"," 0.2898028172","-0.134234192"," 5.836192e-01"," 0.967265376"," 1.128423699"," 0.371696915","-0.35562516","-0.2189265640","-0.477064527"," 0.145564796"," 0.030640139","-0.1843756681","-0.206368539","-0.061500089","-0.2668132289"," 0.080966150"," 0.0291307292","-0.801113116","-0.175750511"," 0.3813205334","-0.44678464"," 0.369144919","-1.104090166"," 0.482336462","-0.193918767"," 0.320396095"," 0.25864245","-0.97796519"," 0.0327050044","-0.724158671"," 0.205956444"," 0.580306371",15,12,"Artemisinin"
"Artemisinin_H8","-0.328692222"," 0.4537557948"," 0.265343664","-0.487651614"," 0.45414496"," 0.2264415014","-0.556945045","-0.694130231"," 0.09190387","-0.038974510","-0.010871135","-0.412088956","-0.5264236995"," 0.416277330","-0.9515007428","-0.268051604","-0.1036625389"," 0.7944425863"," 0.5027498763","-0.394543650"," 1.571380e-01"," 0.601340645","-0.346094030"," 1.209456289","-0.54443588"," 0.3789099790","-0.001982562"," 0.542045307"," 0.518846270","-0.1440109647","-0.171600683"," 0.367069387","-1.1687694016","-0.300799796","-0.2473442798","-0.982445903","-0.216262586"," 0.5009721785","-0.74450436"," 0.699405253","-0.853262200"," 0.720038794","-0.062174462"," 0.654236937","-0.08692237","-0.63016588","-0.2918138169","-0.178653598"," 0.259660648"," 0.437223626",15,12,"Artemisinin"
"Artemisinin_H10","-0.055087376","-0.5823530802","-0.029752228"," 0.320879653","-0.03259608"," 0.5389299745","-0.481348844","-1.661082491","-0.69086137"," 0.564896174"," 0.530624002","-0.704224415","-0.0969646539"," 0.968649699","-0.7853635586","-0.764795626","-0.9621501825"," 1.2026780369"," 0.6558097098","-0.463803061","-8.486994e-01"," 0.731212744","-0.257838923"," 0.719050502","-0.64890774"," 0.6195910950"," 1.031367213"," 0.104201043"," 0.612040212","-0.2911388752"," 0.407371251"," 0.291850421"," 0.3228810456","-0.628323746","-0.8421386362","-2.830967735","-0.038713572"," 0.3522873163","-0.24488591","-0.040875166","-0.355029928"," 0.466308910","-0.044198071"," 0.804711434","-0.41789770","-0.28750328"," 0.1090577139","-0.212889687"," 0.482349728"," 0.519099536",15,12,"Artemisinin"
"MMV43TP1","-0.275157072","-0.8367691976"," 0.777607068","-1.249912141","-1.54266039"," 0.7951003516","-0.404739912"," 0.501267498","-0.49421413"," 0.440774974"," 0.596842648","-0.820995853","-5.0493860732"," 2.264769684","-1.3316173307","-1.103274890","-0.1427814060"," 0.3652092908"," 0.3544113466","-0.816444652"," 1.015832e+00"," 0.168029733"," 0.330644996","-0.459645301","-1.32560479"," 0.9971095124","-0.151488617","-0.503213406"," 0.541257566"," 0.8089802816"," 0.043534064"," 0.460192984","-1.9290516325","-1.228019428"," 0.0002698812"," 0.959119001","-0.619053422","-0.0606923499","-4.53929807"," 0.938240367"," 0.700821074"," 0.382977624"," 0.611418496"," 0.022501392","-0.39064995","-1.43724991","-0.6580192296","-0.637345604","-0.666207345"," 0.338604768",16,13,"MMV43"
"MMV43TP2"," 0.389011985","-0.6616824625"," 0.444558667","-0.280212041","-0.52649234"," 0.5683182592"," 0.075060172","-0.312918918"," 0.53103335"," 1.118757581"," 0.626437431","-0.749946428"," 0.4287040348","-0.108974696","-0.3345303633","-0.312160671","-0.6028041356"," 0.0211681216"," 0.1398466285","-0.599934643"," 2.235774e-01"," 0.574286875","-0.342057870"," 0.135133918","-0.33383061"," 0.0153855087","-0.579849110"," 0.020499613"," 0.272906192"," 0.0186649382"," 0.063819491"," 0.253982913"," 0.5984613988","-1.098496743","-1.4987135192","-0.142984197"," 0.270467634"," 0.2477906187"," 0.41361921"," 0.015754646"," 0.266739295"," 0.375202272"," 0.573208705"," 0.135111192","-0.48131987","-0.25607875"," 0.5867323764","-0.136633992"," 0.031819339"," 0.219955880",16,13,"MMV43"
"MMV48TP1","-0.203625718","-0.3720024748","-0.213254338"," 0.122982222","-0.66124265"," 0.4539481962","-0.220643019","-0.064342057"," 0.23658918","-0.365994194"," 0.167955026","-0.246452722","-1.4288949414"," 0.916277240","-0.0927534898"," 0.099805572","-0.1108015646"," 0.4490325875"," 0.2282342641","-0.046000889"," 2.111788e-01","-0.028556478"," 0.181627117","-0.228145211"," 0.01787364"," 0.4031263887"," 0.502626742","-0.041808920"," 0.247693067"," 0.1324550210","-0.438137016","-0.172721676","-0.7543377315"," 0.442983775"," 0.0976076216"," 0.872182548","-0.009674273"," 0.2591073156","-1.18377976"," 0.347766904"," 0.320275800","-0.078860196"," 0.549665864","-0.185229818","-0.02095339","-0.38211361","-0.1122272963"," 0.182869654","-0.478917000"," 0.141351301",17,13,"MMV48"
"MMV48TP2"," 0.350709662","-0.5691430480"," 0.465617423","-0.492257946","-0.51181680"," 0.3637174319","-0.392867949","-0.246162821"," 0.25711274"," 0.683241602"," 0.407052701","-0.435605103"," 0.3410489713","-0.008074238","-0.2090881681","-0.224659856","-0.3474664135","-0.0313715786"," 0.3270991403","-0.404728463","-1.336481e-02"," 0.189518216","-0.209661950"," 0.008847217","-0.06557708"," 0.1255231043","-0.610716269"," 0.239649988"," 0.138473476"," 0.0684388983","-0.113144413"," 0.297167771"," 0.7293913480","-0.352890484","-1.1794948920","-0.046771736"," 0.263598671","-0.0391059143"," 0.44079701","-0.202705764"," 0.038580650"," 0.356311192"," 0.496175167"," 0.064887973","-0.28243204","-0.42585130"," 0.3067787747","-0.148024121","-0.159336024"," 0.179132383",17,13,"MMV48"
"DFMO_TP19"," 0.174430658"," 0.0242905872","-0.164340871"," 0.008190074","-0.21693771"," 0.2461197968","-0.474094697","-0.518144277","-0.47160953"," 0.466725063"," 0.517563113","-2.304202339"," 0.0072580347","-0.189033923","-0.8583724357","-0.428508756","-0.2179855464","-0.0999209022"," 0.2588062700","-0.435022244","-3.088439e-01"," 0.172593078"," 0.238500170"," 0.566464729","-1.86563928"," 0.0966268257"," 0.458613028"," 0.122399889"," 0.588791134"," 0.3129589084"," 0.558597578"," 0.675450362"," 1.0384890401"," 1.121746067","-0.3686889292","-0.364884107"," 1.459558058","-0.0594753763","-0.25448243"," 0.164585501"," 0.536017669"," 0.238240067","-0.186237629","-0.114194127","-0.42375482"," 0.29114934","-0.0360846521","-0.636967637","-0.486533096","-0.034059546",18,14,"DFMO"
"DFMO_TP27","-0.096675517","-0.1171714877"," 0.031227036","-0.596339918","-0.35106845"," 0.7551572208","-0.484298960","-0.938374693","-1.04644356"," 0.174795073"," 1.188837791","-1.259929542","-1.9366478601"," 0.057936125","-1.5058909387","-1.056906773","-0.1808605474"," 0.5571494779"," 0.3262848069","-0.683075877"," 4.160372e-01"," 0.573990916"," 1.010189444"," 0.244364684","-2.43196180"," 0.0036627922","-0.754707836"," 0.097417533"," 0.641572210"," 0.8997833812","-0.009143227"," 1.044695341","-0.6189470338","-0.531301966","-0.8032968508"," 0.327879520"," 0.002987427"," 0.0738536345","-0.34079261","-0.041292531"," 0.536113203"," 0.905818403"," 0.279045885"," 0.509472630","-0.21279956","-0.61301805","-0.0765363517","-0.943187468","-0.038745497"," 0.398816733",18,14,"DFMO"
"DFMO_TP34","-0.283709648"," 0.0991250616"," 0.133447522","-0.416145710","-0.17987168"," 0.7235887955","-0.507853373","-0.867715291","-1.13167029"," 0.001076918"," 1.049026082","-0.988274291","-4.3146034669"," 0.148301260","-1.4166496534","-1.092461319","-0.0229717367"," 0.5527564513"," 0.3575149069","-0.498455711"," 6.575943e-01"," 0.351262738"," 0.629985130"," 0.196294627","-2.06214761","-0.3555745819","-1.246565693","-0.167433577"," 0.579771330"," 1.2516793100"," 0.090912435"," 0.449764271","-1.8770630489","-0.611555099","-0.7258539059"," 0.763949497","-0.091109385"," 0.1391123563","-4.06355531","-0.108711002"," 0.159195300"," 0.810839074"," 0.351493511"," 0.360827614","-0.23755956","-1.15255124","-0.9339355390","-1.173746630","-0.254291095"," 0.116252484",18,14,"DFMO"
"IonoTP1"," 0.377163633","-0.0092152533","-0.034153903"," 0.327676714"," 0.04936054","-0.0471412794","-0.104617647"," 0.075496610"," 0.31076764","-0.398320778"," 0.058004350"," 0.034794080","-0.5462721524","-0.004147753"," 0.1243066512"," 0.202210270","-0.0191640348","-0.0058320161","-0.0395875553","-0.113423160"," 5.333502e-02","-0.030649393"," 0.038984434"," 0.017476942","-0.47283748","-0.2337725275","-0.076177320","-0.104838501","-0.008913986","-0.0265271440"," 0.052402962","-0.267046664","-0.1194683624","-0.221579963","-0.0821098130","-0.174626906","-0.156160853"," 0.0597393046"," 0.03527864"," 0.036051707"," 0.157917040","-0.521342691"," 0.081400314"," 0.018783678","-0.12682722"," 0.16117585","-0.0001380428","-0.125555600"," 0.009809704"," 0.229983845",19,15,"Iono"
"IonoTP2"," 0.098505433","-0.0379686539"," 0.014784524"," 0.130290271"," 0.04352903","-0.0039526725","-0.024801052","-0.007948337"," 0.17261423","-0.037610627","-0.072585943","-0.006423618","-0.2611549713","-0.028725540"," 0.0827855023"," 0.040610891","-0.0652294369","-0.0259827176","-0.0399313077","-0.062375045","-5.577578e-01","-0.010594073"," 0.040468478","-0.084729534","-0.14334597","-0.2136534808"," 0.116582528"," 0.061479690"," 0.015234903"," 0.0056845020","-0.039333536","-0.011595010","-0.0003319011"," 0.144330439"," 0.0392977349","-0.097472633","-0.178341708"," 0.1096901389","-0.38767372","-0.010192862","-0.100141440","-0.836659248","-0.021859963","-0.002798419"," 0.04986751"," 0.07412070"," 0.2630038216"," 0.074023926"," 0.023995010"," 0.240588290",19,15,"Iono"
"IonoTP3"," 0.093464461"," 0.0479590025","-0.034410196","-0.110708587","-0.06959307","-0.0546001402"," 0.061486575"," 0.049085645","-0.25706432"," 0.728001940","-0.061165124","-0.036927963","-0.5081246169","-0.092281232"," 0.5387124436"," 0.367834872","-0.0162284823"," 0.0307760929","-0.0388245182"," 0.346881098","-1.141774e+00","-0.054275915"," 0.103112111","-0.422205376","-0.14861647","-0.1548009957","-0.320705477","-0.182835122","-0.030113534","-0.0707618705","-0.126163099","-0.254484092","-0.2339224482"," 0.482368902"," 0.2135657141"," 0.183131927"," 0.250265537","-0.0131757850","-0.24557348","-0.085554848"," 0.356349927","-0.321635121","-0.052856166","-0.032217500","-0.05587249"," 0.20178507"," 0.4383402012"," 0.452581241","-0.048340497"," 0.049843175",19,15,"Iono"
"IonoTP4"," 0.631064984","-0.0952068971","-0.043834609"," 0.074678759"," 0.10278637","-0.1296586177","-0.080824005","-0.093119866"," 0.03946857","-0.137776185","-0.064282696","-0.011606415"," 0.0766310318","-0.102189741"," 0.2064141588"," 0.228827182","-0.1018837997","-0.6975924430","-0.0345749007"," 0.170921785","-5.939339e-01","-0.059079755"," 0.144364788","-0.299219036"," 0.25685826","-0.1500789572","-0.141136635"," 0.235142167","-0.040544897"," 0.0675111585"," 0.034148960"," 0.242303628","-0.0064868187"," 0.526949714"," 0.2243379461"," 0.058322517","-0.148323388","-0.0008096966"," 0.48096134"," 0.030205207"," 0.525014285","-0.774974302"," 0.029766650","-0.012279236"," 0.04316916"," 0.04190697"," 0.4463826491"," 0.796513441","-0.006330144"," 0.085729953",19,15,"Iono"
"IonoTP5"," 0.662901303"," 0.0188663926","-0.059729762","-0.332458612","-0.07928706","-0.1333958953","-0.021041852"," 0.023983185"," 0.19848440","-0.283646398","-0.042574951"," 0.008118227","-0.2711314312","-0.141090448","-0.0707552215"," 0.037648946","-0.1130838889","-1.1230784683","-0.0299037669"," 0.103559799","-1.035778e+00","-0.182703585"," 0.069862717","-0.583395150"," 0.17645833"," 0.0012580816","-0.181180299"," 0.351587051","-0.092824401"," 0.2443375152"," 0.020446668"," 0.491769298","-0.4060253935"," 0.763615350"," 0.0499107652"," 0.092828802","-1.392494914","-0.0478685450"," 1.69409155","-0.009967698"," 0.772292812","-1.600727153","-0.054707359","-0.066419564","-0.03636022"," 0.03169786"," 0.3139127706"," 0.935987124","-0.013901600"," 0.017011252",19,15,"Iono"
