"","MAL13P1.124","MAL13P1.137","MAL13P1.179","MAL13P1.206","MAL13P1.262","MAL13P1.40","MAL7P1.18","MAL8P1.132","PF07_0074","PF10_0111","PF10_0136","PF10_0191","PF10_0307","PF10_0374","PF11_0087","PF11_0090","PF11_0260","PF11_0290","PF13_0095","PF13_0135","PF13_0137","PF13_0219","PF14_0041","PF14_0286","PF14_0360","PF14_0384","PF14_0562","PF14_0642","PF14_0713","PF14_0719","PF14_0730","PFA0430c","PFB0270w","PFB0590w","PFC0230c","PFC0375c","PFC0440c","PFC0760c","PFC0980c","PFE0165w","PFE0430w","PFE0585c","PFF0200c","PFF0490w","PFF0610c","PFF0875w","PFF0965c","PFF1150w","PFF1280w","PFL0980w","D_class","Class","Compound"
"HDATP1"," 0.433662985"," 0.316768853"," 0.5515956443"," 0.41888770","-0.3671411713"," 0.197657333"," 1.187050882"," 0.7996905538","-0.389071015","-1.487559756","-0.4345930385"," 1.120162412"," 0.290570586"," 0.360651106"," 0.301635020"," 0.254037630","-0.0253834277"," 0.668513304","-0.80491905","-0.4743651150"," 1.5164228459"," 0.509321778"," 1.152399519"," 2.381019e-01"," 0.789741460"," 0.637680823","-0.37932014","-1.038829259"," 0.620033954","-0.3580350006","-0.255077818"," 0.613968367","-0.769147594","-0.894046629","-0.2297765123","-1.469760319","-0.635850613","-0.005928679","-0.662031167"," 0.880615369","-0.222908349","-0.3038339418"," 0.39835576"," 0.772094909"," 0.330104665"," 0.3563599044","-0.478279948"," 0.421092401","-0.635553305"," 0.5517402881",1,1,"HDA"
"HDATP1.1"," 0.280499154"," 0.141389427"," 0.1461847853","-0.41935989","-0.2894859560"," 0.053784485","-0.058054760","-0.0429221713","-0.111138149","-0.633727446","-0.0901293414"," 0.389736784","-0.059262556","-0.192086718"," 0.168115840"," 0.187614253","-0.1149349879"," 0.574073188","-0.10213417","-0.5164356734","-0.1667493669"," 0.325873840"," 0.478455893","-3.281362e-01"," 0.479811389","-0.160021922","-0.69809266","-0.634430446"," 0.397851621","-0.3573293118","-0.705360715"," 0.463856459","-0.098246854","-0.124773651"," 0.1120687620","-0.173469224","-0.150602599"," 0.206776190","-0.358091435"," 0.770591714","-0.014381658","-0.0445760667","-0.05209524"," 0.262077440"," 0.001531456"," 0.4983639547","-0.148950566","-0.415638803","-1.008338781"," 0.3435997486",1,1,"HDA"
"HDATP2"," 0.048089475"," 0.273474890"," 0.9930801433"," 0.18569011","-0.1402458472"," 0.518038152"," 0.657141006"," 0.7568478294","-0.626236412","-0.876430172","-0.7720828886"," 0.511221158","-0.340149422"," 0.336350326"," 0.227377058"," 0.344270716","-0.2008701571"," 0.895404992","-0.08537403","-0.9520929685"," 1.1267684990"," 0.762477237"," 0.773674180","-3.252663e-01"," 0.917575474"," 0.391700240"," 0.12098367","-1.006491060"," 0.474317856","-0.2093895864","-0.131707440","-0.010116251","-0.185974961","-0.647870981","-0.5590258016","-1.793121727","-0.805255207","-0.177801575","-0.968685198"," 0.797107494","-0.053630205"," 0.1671929089"," 0.34289732"," 0.412727438","-0.027247997"," 0.3361640448","-0.702122986"," 0.100165532","-0.333904415"," 0.2419656299",1,1,"HDA"
"HDATP2.2"," 0.140786520"," 0.107947623","-0.0869376888","-0.30096464"," 0.0197604449","-0.446979072","-0.261872206","-0.1836287404"," 0.183895550","-0.852838207","-0.1417175085"," 0.265648614"," 0.111735952","-0.583802270"," 0.029850579"," 0.188847148","-0.0941353215"," 0.292268026"," 0.01037766","-0.1065851679"," 0.0243161945"," 0.090720209"," 0.154814107"," 4.256218e-05"," 0.212235510"," 0.199437297","-0.73105262","-0.288439576"," 0.142750514","-0.4581490965","-0.639835157"," 0.362664113","-0.048090522"," 0.049433993"," 0.2562766625"," 0.114707604"," 0.169979148"," 0.290240110"," 0.156792124"," 0.578470147"," 0.063478788","-0.1254567003","-0.03864190"," 0.306418894"," 0.088294448"," 0.3986275880","-0.108909882","-0.308264460","-0.533089422"," 0.3538890494",1,1,"HDA"
"HDATP3"," 0.138395010","-0.145917703"," 0.1742445028","-0.09165820","-0.1497778116","-0.117967805","-0.166752192"," 0.3336357655","-0.060321485","-0.760770922","-0.4824533667","-0.413850895"," 0.077630772"," 0.299636637"," 0.038216343"," 0.225334211","-0.5905272703"," 0.809560808"," 0.39657541","-0.3832748625"," 0.3962719695"," 0.162140764"," 0.237912064","-6.576253e-02"," 0.590943393"," 0.013508911","-0.21002078","-0.295197936"," 0.031763690","-0.5005300206","-0.634904699"," 0.102950371","-0.228469099","-0.214155438","-0.0335087891","-0.111828583","-0.068570479"," 0.217844716","-0.231474505"," 0.599975750","-0.352555848","-0.0154585215","-0.42379332"," 0.144398089","-0.147470106"," 0.3114165011","-0.273132967","-0.167358371","-0.015863803"," 0.4458053759",1,1,"HDA"
"HDATP3.3","-0.054201196","-0.092838517"," 0.0505991429","-0.08781566","-0.1290632515","-0.142895133","-0.585080019","-0.2216848820"," 0.156994231","-0.606772983","-0.3756911152","-0.012811374"," 0.071073564"," 0.235180556"," 0.105608191","-0.015290308","-0.2212965711"," 0.317616432"," 0.05478049","-0.1436327408"," 0.1323577017"," 0.240992923"," 0.519129100","-1.749299e-01"," 0.328289270","-0.437687994","-0.53654955","-0.278265362"," 0.244406860","-0.5011821084","-0.908919612"," 0.180656612"," 0.049101672","-0.232029962"," 0.2621333931"," 0.007083550"," 0.009833355","-0.024300364","-0.201158224"," 0.471157589","-0.275298057"," 0.1363015972","-0.22959708"," 0.075230629","-0.072106864"," 0.1975745634"," 0.077842944","-0.177457330","-0.855607358"," 0.3914518666",1,1,"HDA"
"ACTTP1"," 0.202264094","-0.038147474"," 0.0434920475"," 0.17112167"," 0.3877332147"," 0.371335934","-0.120705055","-0.5228678472","-0.091782120","-0.609712455"," 0.7218219821"," 0.443604036"," 0.675116285"," 0.193954445"," 0.620290456"," 0.184804187"," 0.2869779368","-0.009197840"," 0.24425936"," 0.2063098269","-0.5995011482"," 0.327610209"," 0.428941401"," 8.239979e-02"," 0.189556861"," 0.162229304","-0.32933728","-0.465218240"," 0.164831810"," 0.0762081898","-0.518705977"," 0.408632402"," 0.620675230","-0.037002962"," 0.3122227535","-0.211725982"," 0.031693288","-0.663367371","-0.024164152"," 0.052327009","-0.008737414","-0.0519485032","-0.23038200"," 0.127053847"," 0.371603352","-0.2977171072"," 0.229857353"," 0.803219664"," 0.086195238"," 0.3704789272",2,2,"ACTd"
"ACTTP2","-0.516225196"," 0.449399563"," 0.4564693785","-0.43599932"," 0.5074935419","-0.221771348"," 0.091426207","-0.0462571689"," 0.408005432","-0.689272531"," 0.3438391648"," 0.713311372"," 1.261926559"," 0.196059729","-0.221971960"," 0.331770895"," 0.5406945381"," 0.088458114","-0.10529164","-0.1257123412"," 0.2948070935","-0.080928775","-0.076521793"," 1.123479e-01","-0.310712634"," 0.080652515"," 0.24891658","-0.006808500","-0.274203555"," 0.0819345616"," 0.171843543"," 0.318692310","-0.320363762","-0.011216982","-0.2318163083"," 0.250690387","-0.006611051","-0.325205250"," 0.579164217","-0.028936559"," 0.513967092","-0.5927841970"," 0.19230830"," 0.305175808","-0.462228489","-0.1599634264","-0.139954989"," 0.127128356","-0.132768927"," 0.2917871906",2,2,"ACTd"
"ACTTP3","-0.427260943"," 0.389143838"," 0.0128850864","-0.30056712"," 0.7990526794"," 0.333498219","-0.199208135","-0.0644511628"," 0.107888686","-0.587621610"," 0.3154353387"," 1.671645560"," 0.921505529"," 0.044743722"," 0.850917394"," 0.410518337","-0.4169283821","-0.409861874"," 0.08971356","-0.1848522310","-0.0548092492"," 0.519285891"," 0.350603527"," 5.308760e-01","-0.078109948"," 0.960883495","-0.69200239","-0.011000116","-0.070902547"," 0.1135519431"," 1.128508797"," 0.663982850"," 0.332240586","-0.628570736"," 0.0453987310"," 0.221261188","-0.145069939"," 0.055098121"," 0.127187933","-0.100173613"," 0.243268039","-0.2695612433","-0.32470472"," 0.124003374","-0.045344622","-0.1839630876","-0.028275360"," 0.045918073","-0.263698745","-0.1206258041",2,2,"ACTd"
"ACTTP4"," 0.061328012"," 0.128876445"," 0.8316955429","-0.57964395"," 0.7683048076"," 0.144103224","-0.304166557","-0.3065212778","-0.450211569","-0.338768202"," 0.5667409353"," 1.595284514"," 0.686265085"," 0.023136419"," 0.681495240"," 0.173927058"," 0.2242594186","-0.605867636","-0.11671821","-0.0679262249"," 0.2389681096"," 0.382644153","-0.122995618"," 6.690681e-01","-0.372843031"," 1.108010815"," 0.62162355"," 0.117741607","-0.396171107"," 0.1708798346"," 1.910645734"," 0.737625979","-0.762976286","-0.400045183","-0.1272603968","-0.154242665"," 0.037925258"," 0.063397851"," 0.331188264","-1.070786885"," 0.382978540","-0.4342814270"," 0.50405548","-0.236155800","-0.403076390","-0.9761859059","-0.226318937"," 0.068443434","-0.325758400","-0.1164159106",2,2,"ACTd"
"ACTTP5","-0.027316587"," 0.114292517"," 0.3110504492","-0.84301290"," 0.9088081485"," 0.125007898","-0.065142651","-0.1182237659","-0.329116191","-0.330549868"," 0.5953151230"," 1.196035785"," 0.369307815","-0.230980675"," 0.826672943"," 0.706940463","-0.1171552495","-0.713872028","-0.11218169","-0.1021402583"," 0.3960880218"," 0.749434146"," 0.016522061"," 1.120127e+00","-0.496010032"," 0.874772792"," 0.45757797","-0.169054684","-0.271164784","-0.1067360897"," 1.355824243"," 0.606732612","-0.802213241","-0.593653095","-0.0697988622"," 0.216009901"," 0.162602512","-0.027218233"," 0.139003096","-1.641621932"," 0.507265175","-0.7661924788"," 0.27602046","-0.526414553","-0.829897719","-0.7183068260","-0.338780739"," 0.213815151","-0.153506930","-1.0028763472",2,2,"ACTd"
"ML_7_H1"," 0.409124218"," 0.205364855","-0.0005416435"," 0.73024941","-0.1244146313","-0.878275840"," 0.632954151","-0.1830838845","-0.011927297"," 0.571617868","-0.4584496056","-0.246186088"," 0.213777254"," 0.429883626"," 0.830442205","-0.473622115","-0.6594917718"," 0.208474426"," 0.32858807"," 0.6101402464"," 0.0197223510","-0.651797419"," 0.126554535","-4.461434e-01"," 0.529313875"," 0.511506309"," 0.48358341"," 1.381613681"," 0.182821488"," 0.3358842993","-1.034930999"," 0.923253973","-0.247695638","-0.436843996"," 0.1712101247","-0.102516664","-0.024468130"," 0.278858958"," 0.656873367","-0.163281493","-0.789166281"," 0.0630277666","-0.11943690"," 0.908972098","-0.248523913","-0.5270685025"," 0.036587662"," 0.268154668","-0.002444691","-0.7171114437",3,3,"ML_7"
"ML_7_H2"," 0.289426667"," 0.225836892","-0.0151109074"," 1.03413592"," 0.0514703070","-0.947343950"," 0.663620520","-0.0996289155"," 0.118442476"," 0.587889281","-0.7207025762"," 0.239548035"," 0.224482984","-0.771564077"," 0.972002181","-0.604932611","-0.7273651437","-0.089542080"," 0.23222129"," 0.2194885914"," 0.0435640376","-0.360244118","-0.515704705","-6.002781e-01"," 0.267217676"," 0.127610870"," 0.57699104"," 0.554136004"," 0.493172238"," 0.2489086969","-0.597597940"," 0.974641776","-0.143639474","-0.497215787","-0.0810862098","-0.067523754"," 0.213878025"," 0.318116496"," 0.495204194"," 0.289974538","-0.441921460","-0.0318315137","-0.07693573"," 0.390192034"," 0.266298721","-0.2915469404"," 0.013916170"," 0.266985138","-0.452815216","-0.4937543917",3,3,"ML_7"
"ML_7_H4"," 0.318901060"," 0.018675555"," 0.2964812339"," 0.91656917","-0.1430563105","-0.952678322"," 0.275564868","-0.1603121260","-0.093388293"," 0.544740200","-0.6522674154","-0.181735372"," 0.080498134","-0.073458398"," 0.802190426","-0.405193966","-0.8934721568"," 0.306688898"," 0.26670151","-0.0369705601"," 0.0920811706","-0.342030066"," 0.401182632","-7.096320e-02"," 0.298406005","-0.120599367"," 0.77948929"," 0.546061286"," 0.133268916"," 0.1791204450","-0.859856909"," 0.753260414","-0.140730699","-0.496492136"," 0.1006587059","-0.032763126","-0.106888868"," 0.155998063"," 0.450501601"," 0.213451872","-0.387677248"," 0.0916149170","-0.11370141"," 0.695763403","-0.031772346","-0.5193108223"," 0.002945456"," 0.368240967","-0.325850227","-0.5264901821",3,3,"ML_7"
"ML_7_H6"," 0.286227967"," 0.011787464"," 0.2662182279"," 1.03802016"," 0.2423608064","-0.874405185"," 0.106295221","-0.6196054155","-0.580935533"," 0.220283225","-0.6597008284"," 0.209148237"," 0.359544884","-1.764416657"," 0.147572239","-0.394548099","-0.4512291488","-0.015150452"," 0.42339367"," 0.2931281325","-0.3055342199","-0.451319525"," 0.189829897","-1.783953e+00"," 0.431000704","-0.393242557"," 0.49947747","-0.505467631","-0.182076438","-0.2041825171","-1.050083685"," 0.882654191"," 0.013089229","-0.531478352"," 0.0525721351","-0.139796799","-0.231349735"," 0.133272008"," 0.482686940"," 0.219724599","-0.316791699"," 0.3065607042","-0.11021971"," 0.270658086"," 0.085031323","-0.2440992810"," 0.104381456"," 0.278779186","-0.339529391","-0.6267040468",3,3,"ML_7"
"ML_7_H8"," 0.622939985"," 0.212151991","-0.3645635330"," 1.07607143"," 0.0373611352","-0.776380876"," 0.557542475"," 0.2511630297"," 0.165536393"," 0.403319084","-0.8067667507","-0.862672415"," 0.879592939"," 0.130867043"," 1.015098814","-0.197310550","-0.9057537583","-0.083541792"," 0.45864650"," 0.0608929280","-0.2018917294","-1.062262709"," 0.409373825"," 4.529972e-01"," 0.277691894"," 0.076960485"," 1.20039197"," 1.021705060"," 0.436365522"," 0.3002878634","-1.257125588"," 1.138935213"," 0.251113047","-0.896274533"," 0.5615088491","-0.006796874"," 0.160559621"," 0.256157391"," 0.923391340","-0.282261152","-0.363785258","-0.2246010459","-0.59523632"," 0.305776371"," 0.178879275","-0.3729004376"," 0.132604737"," 0.181241890","-0.616983869","-0.2582202706",3,3,"ML_7"
"ML_7_H10"," 0.031672403"," 0.047572144"," 0.1091032431"," 0.76391411","-0.0866852967","-0.914373966","-0.277833182","-0.1412058711","-0.328343084"," 0.306431697","-0.1630321262","-0.279742649","-0.025945028"," 0.113031397"," 0.499226751","-0.319122427","-0.1253045338","-0.082943995"," 0.37150330"," 0.1696788120"," 0.2856709126"," 0.584015666","-0.107343417","-3.395236e-01","-0.110635719"," 0.105040317"," 0.54145815"," 0.811057416","-0.013715842"," 0.1859876139","-0.024649326"," 0.227851513","-0.121409487"," 0.024670974"," 0.1332439576"," 0.180771152","-0.037334595"," 0.184197782","-0.063395368"," 0.463074033","-0.442357266"," 0.2296326374"," 0.08441433"," 0.278661632","-0.348379772","-0.4013984341","-0.240007799"," 0.664940035","-0.536041274","-0.3520470248",3,3,"ML_7"
"ML_7_H12","-0.028342590","-0.033055967","-0.2452678539"," 0.18441603","-0.0298477317","-0.903523527","-0.663256937","-0.3065727973","-0.196534826"," 0.416217943","-0.0736901190","-0.756505620","-0.416267255","-0.211389295"," 0.922826256","-0.606721240","-0.0105086399","-0.438193967"," 0.45639820"," 0.1297441023"," 0.3619641119"," 0.036435451"," 0.353945285","-5.206904e-01","-0.358349872","-0.222116288"," 0.07889643"," 0.320529774","-0.480901590"," 0.0186092989"," 0.587506623","-0.001956810","-0.341044129","-0.052879115","-0.0998651863"," 0.453364394"," 0.333665837","-0.141513899","-0.103703679","-0.348654145","-0.616879131"," 0.2591997429","-0.04290429"," 0.352308697","-0.604580846","-0.3772800676","-0.418539798"," 0.775359811","-0.525374507","-0.2954743129",3,3,"ML_7"
"W7_H1","-0.140843916","-0.207598638"," 0.1200263051"," 1.07372771"," 0.2895592693","-0.712895573"," 0.141971935"," 0.0829415862"," 0.271906673"," 0.302822530","-0.5763939857"," 0.199260843","-0.193270729","-0.256344861"," 1.090731751","-0.228758339","-0.2028182501"," 0.315713011"," 0.07777226","-0.2713212253"," 0.0485169303","-0.742088287"," 0.253368687","-1.186651e+00"," 0.102938370"," 0.257802340"," 0.72599908"," 0.360041774"," 0.030031611"," 0.0171024591","-0.625700123"," 0.395933365"," 0.175262106","-0.206832962"," 0.1045964841","-0.264740523","-0.037206391","-0.418409027"," 0.474226992"," 0.310707615","-0.288785321","-0.3915677898","-0.29445186"," 0.267426934","-0.242860869","-0.5988300845","-0.006204569"," 0.981640953"," 0.277428207","-0.2943142678",4,3,"W_7"
"W7_H2","-0.069354853"," 0.018755729"," 0.1671173559"," 1.00980174"," 0.3195365625","-0.419274046"," 0.029343835","-0.0470598766"," 0.332747932"," 0.099379211","-0.4596539903"," 0.200006628","-0.382577894","-0.430419654"," 1.241168517"," 0.083906187","-0.2479415065","-0.095179703"," 0.29534199"," 0.2413589976","-0.0009508931","-0.415011950"," 0.100701502","-1.731926e+00"," 0.046152130","-0.226427308"," 0.60322079","-0.160511091"," 0.033753002"," 0.0743204115","-0.021808266"," 0.302917361"," 0.095965349","-0.535184283","-0.0421065339","-0.082389617"," 0.085170799","-0.204435586"," 0.446417380"," 0.288414534","-0.307505225","-0.0109372540","-0.15259025"," 0.192047255"," 0.295927212","-0.3281168998"," 0.081421365"," 0.581332226"," 0.069193864","-0.1551413878",4,3,"W_7"
"W7_H4"," 0.626128179"," 0.356811839","-0.2755502495"," 1.05205749","-0.2427296339","-1.163063660"," 0.754698487","-0.0100240855","-0.077716981"," 0.649738805","-0.8639538074"," 0.079206360"," 1.006467703"," 0.651522919"," 1.093298937","-0.576484554","-1.5543827036"," 0.215464833"," 0.52413452","-0.0117507192"," 0.1093948084","-0.460690752"," 0.385298468","-1.814729e-01"," 0.715230721"," 0.243529191"," 0.53351735"," 0.851228884"," 0.116141802"," 0.0718323661","-0.852083801"," 1.121516294"," 0.201858314","-0.477149415"," 0.3277839973"," 0.124534315"," 0.311535716"," 0.357363991"," 0.822425598","-0.222041401","-0.465039353"," 0.1881171484"," 0.07580071"," 0.818243615"," 0.443752539","-0.6989806146","-0.034601336"," 0.063941046","-0.581497729","-0.7350547976",4,3,"W_7"
"W7_H6"," 0.406088887"," 0.090519569","-0.1207505982"," 1.05244464"," 0.1450520528","-1.057324675"," 0.102996343","-0.7023244418","-0.572936898"," 0.120363975","-0.7340098824"," 0.254786078","-0.003958876","-1.352267331"," 0.321600182","-0.378842872","-0.6289057697"," 0.006864363"," 0.67892845"," 0.2180494651","-0.1941836059","-0.655646445"," 0.475810888","-2.066673e+00"," 0.582204159","-0.395671866"," 0.42371125","-0.486872928","-0.366173163","-0.2446828579","-1.216671977"," 0.710597628"," 0.104871539","-0.633111581"," 0.0863139968","-0.106437944","-0.220555788"," 0.201548776"," 0.328346880","-0.074398425","-0.349035253"," 0.2245299257","-0.09543778"," 0.326731079"," 0.163079020","-0.2557164451"," 0.001115655"," 0.107752384","-0.331657167","-0.8405282381",4,3,"W_7"
"W7_H8"," 0.768881766"," 0.580240745","-0.3250341949"," 1.18058197","-0.3372981832","-1.095643533"," 1.092836318"," 0.0587649991"," 0.063728089"," 0.581308260","-1.0395818765"," 0.371158075"," 0.635260342"," 0.640287957"," 1.545339756","-0.824134657","-1.7278072132"," 0.151754048"," 0.86882560","-0.0612967272","-0.0478788966","-0.927424375"," 0.597612309","-4.530286e-01"," 0.618541382"," 0.320077831"," 1.30264354"," 1.003989173"," 1.152410138"," 0.2672453705","-1.239010220"," 1.544571490"," 0.622274298","-0.739164555"," 0.4588712675","-0.076184509"," 0.018623723"," 0.499898922"," 0.955433809","-0.150300263","-0.562912150","-0.1603974309","-0.15501034"," 1.339631027"," 0.625665817","-0.5431188669"," 0.162043656","-0.125613237","-0.639988186","-0.6343257460",4,3,"W_7"
"W7_H10"," 0.068050143","-0.146976331","-0.2929938119"," 0.78224387"," 0.1127308532","-0.339670720"," 0.103086442"," 0.4208523033"," 0.580041291"," 0.500075179","-0.4363370156","-0.003844772","-0.125058166"," 0.141733598"," 0.583489041","-0.364798957","-0.9229809698"," 0.352786278"," 0.04001783"," 0.3873531017"," 0.1312699522"," 0.178964209"," 0.703059973","-2.347385e+00"," 0.025439732"," 0.276652515"," 0.61327394"," 1.018942589","-0.083385703"," 0.1752430207","-0.626489005"," 0.298819545","-0.005326173","-0.282289079"," 0.2366200239","-0.132923816","-0.004165385","-0.154633021"," 0.542548707","-0.659424167","-0.364422979","-0.5036667398","-0.12448520"," 0.375957015"," 0.158426497","-0.2861795928"," 0.566730926"," 0.265138970","-0.113160805","-0.0331439558",4,3,"W_7"
"W7_H12"," 0.226112742"," 0.310847661","-0.4466425083"," 0.75318358"," 0.2778749671","-0.667052827"," 0.488418735"," 0.0867501321"," 0.372018864"," 0.225449479","-0.6775704658","-0.089769655"," 0.154437603"," 1.277160916"," 0.892704211","-0.558812508","-0.8929614097"," 0.136241915"," 0.02111293"," 0.1484667042"," 0.2293722206","-0.409250331"," 0.129268281","-1.868859e+00"," 0.332386531"," 0.024431584"," 0.56402747"," 0.725791375","-0.113723835"," 0.2337814305","-0.974418189"," 0.937556489","-0.088438367","-0.431159423"," 0.1275767442","-0.417405280"," 0.272881896"," 0.121430153"," 0.469710991","-0.745848850","-0.496387639","-0.2217604617","-0.32104685"," 1.562100681"," 0.697377664","-0.4343693802"," 0.400707881","-0.180346920","-0.501379156","-0.4389759572",4,3,"W_7"
"Staurosporine_H1"," 0.151460335"," 0.389469770"," 0.4863817385"," 0.53638397"," 0.0730580830","-0.555632340"," 0.296171209","-1.0847930649"," 0.426362602"," 0.789366495"," 0.7445384228","-0.370467188"," 0.151544025"," 0.020725293"," 0.686725096"," 0.085988870"," 0.0365342693"," 1.460407789"," 1.15366070"," 0.2334420482","-0.0893759857","-0.184392933"," 0.312088032","-5.020364e-01"," 0.048974931"," 0.600709864"," 0.07676512","-0.068172860"," 0.007658657","-0.9848395293","-0.535738125"," 1.040383596","-1.217710253","-0.732406617","-0.5971515223"," 0.097514473"," 0.179256424"," 0.642098552"," 0.222853313","-0.069386369"," 0.365375641"," 0.3364182634"," 0.67751398"," 0.281373217","-0.271658078","-0.0471356010","-1.081005648","-0.639373929"," 0.157947241","-1.0490072368",5,4,"Staurosporine"
"Staurosporine_H2"," 0.132678321"," 0.424432971"," 0.4797870090"," 0.37597378","-0.0310216916","-0.924414276"," 0.076172397","-1.0736721412"," 0.370233242"," 0.657056731"," 0.3136402095"," 0.079049394"," 0.171215694"," 0.017285295"," 0.729637790"," 0.002173771","-0.1373940486"," 0.861945691"," 1.25066355"," 0.3509443519","-0.2381817797"," 0.059368713"," 0.258622088","-2.070297e-01"," 0.026837967"," 0.483664341","-0.42127102"," 0.032676219"," 0.289219962","-0.8229760676"," 0.054509790"," 0.873298633","-0.872423700","-0.784022835","-0.3451090093"," 0.380895763"," 0.329310375"," 0.717914894"," 0.261592726","-0.678905998"," 0.272991102"," 0.3786505496"," 0.64575449"," 0.157622084"," 0.041603181"," 0.1870706989","-1.336130921","-0.654481885","-0.002503440","-1.1909913666",5,4,"Staurosporine"
"Staurosporine_H4"," 0.070029021"," 0.085399162"," 0.2779781282"," 0.39719160","-0.3184632960","-0.797826384"," 0.119129146","-0.6320348406","-0.240336131"," 0.279819223"," 0.0934381083","-0.300399371"," 0.294460080"," 0.331399243"," 0.250792411"," 0.383418973","-0.4618153994"," 1.161689356"," 0.81664872"," 0.3591886228","-0.2008295760"," 0.190361859"," 0.426526476"," 6.575915e-01","-0.025575086"," 0.354191837","-0.20923508"," 0.018109113"," 0.246538131","-0.4674614722"," 0.189883561"," 0.741151745","-0.810244623","-0.493278346","-0.0688017403"," 0.235835967"," 0.287550825"," 0.357491501"," 0.493298531","-0.475326381"," 0.538124241"," 0.2956434351"," 0.39755102"," 0.251768006"," 0.081632251","-0.3821245094","-0.967642259","-0.075129010","-0.189312340","-0.9261884920",5,4,"Staurosporine"
"Staurosporine_H6"," 0.004952358","-0.140044842"," 0.3059940113"," 0.42194562"," 0.1325624515","-0.806918817","-0.477440749","-1.0616116537","-0.498057607","-0.078870589"," 0.0752596871"," 0.326114061"," 0.154891221","-1.441187445","-0.035653705"," 0.331965054"," 0.1208793291"," 0.537737357"," 1.17072821"," 0.3414899312","-0.3173023326"," 0.157245306"," 0.395529438","-1.096436e+00"," 0.083337873","-0.005469496","-0.13593043","-1.035592702","-0.295401476","-0.9961150914","-0.199775669"," 0.679821716","-0.745774882"," 0.103625545","-0.2986633288"," 0.373461733"," 0.029640511"," 0.414686697"," 0.378447863","-0.643867048"," 0.484629473"," 0.4177293111"," 0.42966816","-0.204027366","-0.639378678"," 0.0460219198","-1.140527846","-0.459016158","-0.085121963","-1.0869873757",5,4,"Staurosporine"
"Staurosporine_H8"," 0.061963673","-0.214399778"," 0.1557445791","-0.44714879"," 0.0537055418","-0.742986838","-0.300427346","-0.4289553964"," 0.769032497"," 0.159155708"," 0.0869717584","-0.037720470"," 0.173383203"," 0.240194830"," 0.758179593"," 0.115248314"," 0.3388174101"," 0.303479340"," 0.94778864"," 0.1400252243","-0.0588640900","-0.366620721"," 0.461812502"," 1.077223e+00","-0.641359875"," 0.465167728"," 0.72800398"," 0.219941083"," 0.052918418","-0.7225626017","-0.054009186"," 1.029811199","-0.759123031","-0.186654265","-0.1502846228"," 0.304188735"," 0.125002502"," 0.242672638"," 0.487222192","-1.387439523"," 0.538611887"," 0.0240743302"," 0.47270778"," 0.121746953","-0.510836308"," 0.0625030871","-1.104322484"," 0.104828261"," 0.033992027","-0.3740082777",5,4,"Staurosporine"
"Staurosporine_H10","-0.059897290","-0.185153866"," 0.1847171945","-0.14483590"," 0.0008938315","-0.464985766","-0.165419791"," 0.4723451650"," 0.715472944"," 0.284765806"," 0.2414066332"," 0.011942276"," 0.426504094","-0.066162873"," 0.206665143"," 0.123865594"," 0.1574404118"," 0.610791571"," 0.43913972"," 0.7021017194"," 0.1563395065"," 0.518770784"," 0.282017114"," 2.707485e-01","-0.421091471"," 0.705860729"," 0.24163642"," 0.554204380","-0.138930636","-0.5259704551"," 0.173497472"," 0.941255296","-0.728174439"," 0.621024383"," 0.0007784737"," 0.155390746"," 0.149213768"," 0.102206752"," 0.371531017","-0.750591439"," 0.366735346","-0.0429038799"," 0.35148928"," 0.189703594","-0.160764119","-0.1471677285","-0.732918414","-0.010846951","-0.184007001","-0.5381789368",5,4,"Staurosporine"
"Staurosporine_H12","-0.216564202","-0.526412894","-0.5135580511","-0.95238872"," 0.6171378025","-0.637454426","-0.671407232"," 0.5744567335"," 0.747780104"," 0.169967444"," 0.2563648673"," 0.128382927"," 0.191854695","-0.072826587"," 0.826463255","-0.276232814"," 0.1772746000"," 0.409261043"," 0.76386837"," 0.3347800959"," 0.6379424812","-0.580015786","-0.313685890"," 1.138563e-01","-0.636475896"," 0.863896391"," 0.53177605"," 0.680194680","-0.194558259"," 0.3118063998","-0.056906788"," 0.577048511","-0.923167809"," 0.645126482","-0.1049672248"," 0.172994957"," 0.510401254","-0.322793889"," 0.489546607","-1.304894858","-0.112048867"," 0.0502331806","-0.23446345"," 0.515805495"," 0.064696398","-0.4085707143"," 0.082988737","-0.694561434","-0.911710320","-0.6524491861",5,4,"Staurosporine"
"Cyclosporine_H1"," 0.368769724","-0.186668032","-0.5493278956"," 1.03618738","-0.3280190325","-0.168244859","-0.019127933"," 0.2418416072","-0.128746076"," 1.207203960"," 0.3906016393","-0.458382618","-0.603237389"," 1.011293231"," 0.567738024","-0.230898091","-0.3257420363"," 1.468803921"," 0.01271036","-0.0238441940","-0.2280204764","-0.163520314","-0.163282930","-6.682196e-01","-0.471443952"," 0.115773031"," 0.84090836","-0.350059504"," 1.077081427","-0.1962380558","-0.387086292","-0.009671135","-0.413586060","-0.441926953","-0.1459370694"," 0.192195045"," 0.175566868"," 0.698488690","-0.498003247","-0.594195082"," 0.037364330","-0.2498273747"," 0.35800914","-0.115658197","-0.008889063","-0.3585328669"," 0.132391681","-0.588648464","-0.089352653","-0.4632963493",6,5,"Cyclosporine"
"Cyclosporine_H2"," 0.301373712","-0.092879603","-0.2536438966"," 0.56889482","-0.1620489114"," 0.050596795","-0.111764606"," 0.1150720025","-0.024315570","-0.010400623"," 0.1283068502","-0.228551152","-0.179946925"," 0.820602308","-0.021392405","-0.134930008","-0.3159018895"," 1.156333437","-0.14385907","-0.0980792128","-0.2575973797","-0.144862258","-0.289693636","-3.099673e-01","-0.285768714"," 0.260250739"," 0.82053621","-0.272796983"," 0.567851074","-0.2046128310","-0.347906550"," 0.121713987","-0.325968892"," 0.032754726","-0.0939163996"," 0.040653801"," 0.001567139"," 0.692894929"," 0.016625495","-0.160384831"," 0.204294988","-0.3034352649"," 0.04455787"," 0.020671084"," 0.026028574","-0.1564621043"," 0.110949573","-0.196589129","-0.407375531","-0.2625500087",6,5,"Cyclosporine"
"Cyclosporine_H4"," 0.230110721","-0.201378551","-0.4266984572"," 0.86984930","-0.2938187987","-0.060717685","-0.258404993"," 0.1977665357","-0.281645022"," 0.660655644"," 0.2177775033","-0.279410701","-0.400401608"," 0.138430164","-0.807298316"," 0.043294006","-0.4532272236"," 1.733084603","-0.23776087","-0.0478954715","-0.2182261493","-0.147200327","-0.123930758","-6.541599e-01","-0.356964695","-0.093777813"," 0.78003757","-0.148700622"," 0.888138666","-0.0988884726","-0.705967453"," 0.014148399","-0.182237621","-0.352455773"," 0.0449194158","-0.042274656"," 0.063472391"," 0.716722454","-0.267761257"," 0.150880083"," 0.209308160","-0.1369560572"," 0.15803175"," 0.046186257","-0.103588619","-0.3053732604"," 0.069416498","-0.271476573","-0.188562730","-0.2568822430",6,5,"Cyclosporine"
"Cyclosporine_H6"," 0.132608385","-0.075262884","-0.3909956274"," 1.12425231","-0.3631734960"," 0.056407880","-0.152834744","-0.1222954260","-0.020309413"," 0.986137848"," 0.2962774717","-0.236817419","-0.471021731"," 0.715920002"," 0.204068021","-0.116564631","-0.3053650517"," 1.378663308","-0.20493663"," 0.0438045738","-0.2534679237","-0.124828474","-0.159712311","-4.300806e-01","-0.488621173","-0.115624790"," 1.52972171","-0.621033282"," 0.718928821","-0.1404963449","-0.298503135"," 0.205066852","-0.370835519","-0.273096589"," 0.0142471212","-0.183727647","-0.111918986"," 0.642612011","-0.379625515","-0.076711533"," 0.221932274","-0.2480369305"," 0.54563196"," 0.020630396"," 0.054072978"," 0.1324635331"," 0.039324178","-0.499047918","-0.421098225","-0.1428514247",6,5,"Cyclosporine"
"Cyclosporine_H8"," 0.451804920","-0.117020541","-0.7871716053"," 1.09498767","-0.4097935683","-0.428965227"," 0.034053602"," 0.0840684005","-0.291178406"," 0.614465511"," 0.4070134351","-0.522232066","-0.437743609"," 0.887189978"," 0.291342553","-0.082911938","-0.2666571356"," 1.321718707","-0.05772741"," 0.1170046153","-0.0466821396"," 0.020854804","-0.347787148","-4.120048e-01","-0.371833631"," 0.103932223"," 1.00824053","-0.765208036"," 1.157288984"," 0.0664842334","-0.187916771"," 0.419453685","-0.088159762","-0.345510240","-0.0583877609"," 0.292400630"," 0.051011794"," 0.903940835","-0.468392943","-0.008102426"," 0.242647261","-0.1025562415"," 0.67345755"," 0.037001295","-0.362295947"," 0.0001095511"," 0.027307867","-0.694455205","-0.139183686","-0.3928775942",6,5,"Cyclosporine"
"Cyclosporine_H10"," 0.420260927","-0.107083905","-0.3391801897"," 0.68234926","-0.2534188556","-0.041466264","-0.141954576","-0.0496415135","-0.138223968"," 0.064715098"," 0.9350237795","-0.488510210","-0.243529239","-0.888085043"," 0.442125233","-0.076127985","-0.4388602734"," 1.165527244","-0.16879826","-0.0133105985","-0.1233335235","-0.056573572","-0.394763500","-3.783761e-01","-0.201801045"," 0.058488878"," 0.29061787","-0.317785538"," 0.754145881"," 0.0214493260","-0.438911970"," 0.311748702","-0.152620565","-0.450516598"," 0.0875413131"," 0.248816106"," 0.022969494"," 0.646114459","-0.161569934","-0.047044822"," 0.379874665","-0.3945122061"," 0.21049606","-0.125555573","-0.193284688","-0.4373431801"," 0.258721246","-0.634811173","-0.027095540","-0.2785156626",6,5,"Cyclosporine"
"Cyclosporine_H12"," 0.307436088","-0.105322297","-0.2355470781"," 0.76569290","-0.3534521808"," 0.039641491","-0.027635873"," 0.1516904722","-0.293779659"," 0.223141956"," 0.6025158924","-0.398115705","-0.301788877"," 0.787684362"," 0.072127788","-0.040945058","-0.4750854462"," 1.645456257","-0.23883171","-0.0828199278","-0.2968770674","-0.073384969","-0.081659826","-3.557226e-01","-0.091274235","-0.211490789"," 0.79002524","-0.345809057"," 0.909489570","-0.0091972990","-0.612866125"," 0.285604319","-0.082442121","-0.211894162"," 0.0890887543"," 0.252237062","-0.091225903"," 0.797861042"," 0.010506836"," 0.046169472"," 0.319921066","-0.2884829889"," 0.20801773"," 0.016259765","-0.111688344","-0.3521057173"," 0.117096079","-0.591677085"," 0.747687820","-0.0018244328",6,5,"Cyclosporine"
"Cyclosporine_H14"," 0.528734817","-0.153617292","-0.4464169400"," 0.67482146","-0.4641640930","-0.072540856"," 0.039200342"," 0.4651765554"," 0.170746347","-0.265849434"," 0.5230548925","-0.198027020","-0.322291559"," 0.634491646"," 0.418076491"," 0.045205538","-0.5225387117"," 1.516203183"," 0.00300129","-0.0380195722","-0.2130406814"," 0.026735266","-0.155929215","-1.633367e-01","-0.132529915"," 0.271377858","-0.29178863","-0.604063051"," 0.938848317","-0.1726178632","-0.133503265"," 0.147906236","-0.380174481","-0.422628335"," 0.0755344200"," 0.044485198"," 0.187010640"," 0.894922291","-0.131025569","-0.081840745"," 0.499326958","-0.3487963060"," 0.32156310"," 0.062736848"," 0.047507677","-0.2565025271"," 0.089307946","-0.276714414"," 0.057097767","-0.0560219689",6,5,"Cyclosporine"
"Colchine_H1","-0.105673326","-0.114105789","-0.2224055758"," 0.01690747"," 0.0994814451"," 0.462048410"," 0.403854158"," 0.0378423338","-0.218961137"," 0.047867413"," 0.2816925242","-0.134592973","-0.269873575","-0.195846122","-0.058918684"," 0.053869366"," 0.3687693052"," 0.489438438","-0.21153986"," 0.1751793580"," 0.3927940856","-0.237450158"," 0.433499658","-5.073316e-01"," 0.079060912","-0.279731923"," 0.10269607","-0.344198877","-0.092827463"," 0.0631308532"," 0.507413678","-0.254545609","-0.235865058"," 0.286665020","-0.1385838924"," 0.507042046","-0.180290664"," 0.101349226","-0.503513013","-0.196777767"," 0.124370121"," 0.1062068834"," 0.32814474"," 0.021291134","-0.162957356","-0.1613477293"," 0.079003030","-0.028682864"," 0.603751339","-0.3739392399",7,6,"Colchine"
"Colchine_H2","-0.062508419","-0.227446560"," 0.0021557398"," 0.16812422"," 0.0151746991"," 0.007970343"," 0.101005553","-0.0833811525"," 0.020436322"," 0.459418693"," 0.1549516809"," 0.006580137"," 0.012438173","-0.252976418","-0.096524182","-0.079970477"," 0.1453512720"," 0.023180707","-0.02230266"," 0.0176436540"," 0.2437528582","-0.122728100","-0.081499543","-2.181114e-01"," 0.091771746","-0.072426373"," 0.08665765","-0.114814631"," 0.101228047"," 0.2081927418"," 0.146819645","-0.148150204","-0.075005345"," 0.069288376","-0.1069164026"," 0.099166768"," 0.019860159","-0.030454709","-0.105938453"," 0.109063019","-0.074421924"," 0.3841286130"," 0.01323937","-0.292711270","-0.235683357","-0.0687264322","-0.022960508","-0.014569681"," 0.182258736","-0.1121759931",7,6,"Colchine"
"Colchine_H4","-0.001943864","-0.127412700","-0.1608943753","-0.24936428"," 0.0188305716","-0.190548201"," 0.060784888","-0.0285508915","-0.124935445"," 0.382663256","-0.0744895061","-0.193933279","-0.221143249","-0.391630702","-0.220609961"," 0.060325991","-0.0660763624"," 0.340624945"," 0.22523318"," 0.1091291863"," 0.1966023948","-0.008515589"," 0.138176431"," 5.790321e-02"," 0.125608230"," 0.112202956"," 0.07849881"," 0.063272767","-0.034487899"," 0.0001920367"," 0.053505392","-0.101030570"," 0.166159913"," 0.458122462","-0.0640055162"," 0.282316375"," 0.066159470"," 0.063331753"," 0.100272916","-0.122923683"," 0.167243319"," 0.3141391489"," 0.02199396","-0.101856280"," 0.321280667","-0.0388800825"," 0.092485672","-0.291973657","-0.064943306","-0.1974441942",7,6,"Colchine"
"Colchine_H6"," 0.069135065","-0.010508552","-0.0443723025","-0.27102785"," 0.0233595653"," 0.136865396"," 0.020061619","-0.1414984702","-0.128297409","-0.026437034"," 0.0483797817","-0.069683866","-0.261273490","-0.223963834","-0.411306302"," 0.079758079"," 0.0816906106"," 0.264665444","-0.09144410"," 0.0674087074"," 0.0779982997"," 0.051143917"," 0.062785099","-2.222190e-01","-0.162161949"," 0.006378068"," 0.11697526"," 0.067772953"," 0.122363745"," 0.0998776882"," 0.217322592","-0.095292764"," 0.176286679"," 0.152383566","-0.1197123903"," 0.055728423"," 0.037475831"," 0.172686235","-0.156555205","-0.065825485"," 0.131334886"," 0.2170973746"," 0.15672787"," 0.035291979","-0.006517744"," 0.0475669777"," 0.017804277","-0.187049967","-0.033119689","-0.1931018399",7,6,"Colchine"
"Colchine_H8","-0.009236766","-0.141578180","-0.0117455532"," 0.05182466","-0.0754419346","-0.060388887","-0.274205889","-0.2415768012"," 0.053740373"," 0.732641056","-0.0964305113","-0.062311738","-0.186291398"," 0.295196547"," 0.014233400","-0.094749909"," 0.0948203951"," 0.375007491"," 0.10751585","-0.2119445699"," 0.1282643129"," 0.041891064","-0.044355337","-7.868653e-02","-0.002320497","-0.021083768"," 0.50136961","-0.250615638"," 0.085592247"," 0.0312877940"," 0.005854509","-0.111748064","-0.073744520"," 0.260870885","-0.1922626586"," 0.139989052"," 0.115507536","-0.102463432"," 0.065035757","-0.063934396","-0.005619798"," 0.3386004902","-0.19097045","-0.004080893","-0.314184491"," 0.0761855908","-0.131461637","-0.213598050","-0.203505688","-0.2477878681",7,6,"Colchine"
"PMSF_H1"," 0.013878793","-0.079374456","-0.8655808065","-0.68370223"," 0.8409102365","-0.648449042"," 0.286440840","-0.5704677168"," 1.238583480","-1.468365438"," 0.0498737545","-0.113486045"," 1.296429254"," 0.346351105","-1.316666834"," 0.126167422","-0.5616809394"," 0.505998030"," 0.52669198"," 0.0545589886","-0.2734901042"," 1.042563122","-0.401780929"," 7.113856e-01"," 0.699883577"," 1.151577523"," 0.04572665","-0.213857006"," 0.213268243","-0.1321603609","-0.540312562"," 0.176376690","-0.193828717","-0.489547021"," 0.3121461246","-0.324927697"," 0.225651061"," 0.627845984"," 0.227747450"," 0.111671288"," 0.549787066","-0.7707462237"," 0.26615608"," 0.168072560"," 0.004621575"," 0.5297296592","-0.328247634","-0.781154877","-0.633311858"," 0.0745221001",8,7,"PMSF"
"PMSF_H2"," 0.055628060"," 0.042742422","-0.5273214005","-0.45443042"," 0.1443225284","-0.104669119"," 0.236612457","-0.0004724186"," 1.183216765","-2.171562075"," 0.2232006414"," 0.101320188"," 0.986072115"," 1.168068416","-1.515529087","-0.057129459"," 0.0742949641"," 0.647614079","-0.10724502"," 0.0825341954"," 0.2656502283"," 0.874152887"," 0.063067476"," 4.926996e-02"," 0.275779917"," 1.081724471","-0.80413318","-0.466035331","-0.330167741"," 0.0099572942"," 0.644419592"," 0.121783287"," 0.034017374","-0.016900251"," 0.4398165869","-0.060106917"," 0.043077084"," 0.789797744","-0.438827503","-0.303479333"," 0.291365991","-0.7718034762"," 0.19613816","-0.004318678"," 0.272955316"," 0.9048633670","-0.432690170","-0.461710281"," 0.338517793"," 0.1034927632",8,7,"PMSF"
"PMSF_H4"," 0.194715738","-0.100765683","-0.4869777049","-0.02321564"," 0.9076468858","-0.269766742","-0.258359429"," 0.2694533325"," 1.288858803","-2.789447931","-0.0597863967"," 0.107131899"," 0.830646412"," 1.097288781","-1.174879046"," 0.139871182"," 0.3451409858"," 0.742268086"," 0.02910867","-0.4564080427"," 0.2616051387"," 1.044797156"," 0.165604744"," 2.065003e-01"," 0.149486395"," 0.511494692","-1.09919451","-0.669657889","-0.333752233","-0.0656887381"," 0.249809628"," 0.128595724","-0.033005821"," 0.165717854"," 0.5889936345"," 0.055409324"," 0.072911523"," 0.969363820","-0.513303347","-0.692523272"," 0.231004049","-0.9670671936","-0.18971303","-0.073503359"," 0.251459649"," 1.2153349578","-0.456117629","-0.027607867","-0.129324679"," 0.0235981756",8,7,"PMSF"
"PMSF_H6","-0.149618302","-0.607675630","-0.4834849047"," 0.36144176"," 0.6394142237","-0.055234025","-1.110344088"," 0.8585530397"," 1.407769836","-2.032925353","-0.0740266415","-0.221053837"," 0.806970357"," 1.132796984","-1.126689570"," 0.150396251"," 0.7447600549"," 0.686568952","-0.20150151","-0.0581918247"," 0.3366256204"," 1.024786936","-0.090672680","-1.355819e-01","-0.004017084"," 0.075434660","-0.68730115","-0.436716843","-0.110369330"," 0.0523323291"," 0.518036426","-0.315224180","-0.033477844"," 0.174608263"," 0.4303486374"," 0.230927294"," 0.349007967"," 0.659723978","-0.449840772","-0.606506066"," 0.148631261","-0.5329419085","-1.00040539","-0.932430062"," 0.049626521"," 0.3911061764","-0.503982056"," 0.506436592","-0.482136088"," 0.0450024804",8,7,"PMSF"
"PMSF_H8","-0.217755924","-0.948421944","-0.8593286768"," 0.01537116"," 0.6255167060","-0.703781271","-1.290650719"," 0.5992667242"," 1.191626326","-1.749947951","-0.3738976787","-0.515678563"," 1.152427455"," 1.581226832","-1.075552006"," 0.187929414"," 0.7823721550"," 0.015973697"," 0.22409415","-0.4476317730"," 0.3012720528"," 0.928509579","-0.174095755"," 2.050688e-01"," 0.112801446"," 0.600022117","-0.41523750","-0.306027654"," 0.185427458","-0.0746006896"," 0.154235578","-0.448127151","-0.307111920"," 0.137265670"," 0.5020646541"," 0.295202257"," 0.519396682"," 0.685338591","-0.194396602","-1.153929902"," 0.194635420","-0.4623234038","-1.32569911","-1.459457434","-0.051064278","-0.4517709310","-0.413146522"," 0.011263351","-1.400104925","-0.4601279574",8,7,"PMSF"
"Leupeptine_H1","-0.079025754","-0.064057340"," 0.0604225251","-0.17476520"," 0.5744502123","-0.114396003","-0.027123961","-0.3131008607"," 0.042106324","-0.288297953"," 0.2467473818","-0.048548048"," 0.006256944","-0.226010684"," 0.202312008","-0.057527617","-0.2159496298","-0.278426928","-0.17057303"," 0.1262449524","-0.1742029304"," 0.196947220","-0.376392381"," 2.531044e-01"," 0.008930599","-0.346514026"," 0.04319766"," 0.094436020"," 0.150481798"," 0.3039501247","-0.356007187"," 0.277166288","-0.105034628"," 0.004087465"," 0.0082111872","-0.495004407","-0.070581388","-0.113305122"," 0.055064296"," 0.209893880","-0.037557568","-0.0824488525","-0.23348954"," 0.173901144"," 0.204857184","-0.1253969795"," 0.058915626","-0.141001983","-0.006631821"," 0.3803931140",9,8,"Leupeptine"
"Leupeptine_H2"," 0.023931270","-0.014012165"," 0.0798072013"," 0.27253556","-0.1665874613","-0.021462934"," 0.076351760","-0.0973786999","-0.111183823"," 0.405609251","-0.0894882327","-0.127049794"," 0.178472428"," 0.113985880","-0.019201157","-0.126906139","-0.5354608582","-0.131651765","-0.12223433"," 0.0005730812","-0.1133307523"," 0.007995550","-0.100417773"," 2.025806e-01"," 0.305191747"," 0.259359930"," 0.44254131"," 0.064789342","-0.187128185"," 0.1728680737"," 0.067320755","-0.002404116"," 0.194222929","-0.176961819"," 0.0265387805"," 0.142091012"," 0.020654029","-0.046461523","-0.001746518"," 0.074103703","-0.134619079"," 0.2111169976","-0.08541856","-0.028027162","-0.081885616","-0.1738713959"," 0.024196257"," 0.009207985"," 0.119386756"," 0.1153746174",9,8,"Leupeptine"
"Leupeptine_H4"," 0.100219197"," 0.033295023"," 0.1098522652","-0.05121864"," 0.4648729817"," 0.097039036","-0.048883045"," 0.1089489654","-0.054242586","-0.293669141","-0.1203030654","-0.034583439","-0.047992400","-0.095506849"," 0.229610418"," 0.191475442"," 0.1046713095"," 0.045566372","-0.06202353","-0.1490656298","-0.0129520056","-0.129306597"," 0.187146751","-1.789036e-01","-0.063093527","-0.116853237","-0.23375390","-0.268151269","-0.068776774","-0.1087587185","-0.057704724","-0.008275552"," 0.025100370","-0.014367431","-0.0227545112"," 0.193778991","-0.099380997"," 0.112393993","-0.061530416","-0.505474079","-0.166425080","-0.2378238957"," 0.05261353"," 0.138263084"," 0.055837182"," 0.2371580502"," 0.015076165"," 0.283789027","-0.246638523","-0.1480688399",9,8,"Leupeptine"
"Leupeptine_H6","-0.168978494","-0.053195305"," 0.2770947071"," 0.19712522","-0.1208444110"," 0.197899399","-0.114437687"," 0.1449672624"," 0.368045164"," 0.129108343"," 0.0609150793","-0.033055155"," 0.107950811"," 0.243379444"," 0.023427255","-0.134053859"," 0.2293748971","-0.165383742","-0.38552440"," 0.0570554275","-0.1373878363","-0.142142558","-0.147959948","-1.459285e-01","-0.037574865","-0.138164629"," 0.22149274"," 0.077802019","-0.091035227","-0.0072061837"," 0.093700151","-0.218308582","-0.104512863","-0.324135954","-0.0743491054","-0.062616578"," 0.024148491"," 0.007723352","-0.028156710","-0.075754675"," 0.050982547"," 0.0501396752","-0.03851279","-0.119429492","-0.110328317"," 0.0385103025","-0.182565572"," 0.104247249"," 0.053084497","-0.0427664012",9,8,"Leupeptine"
"Leupeptine_H8"," 0.032937468"," 0.090306974"," 0.0706460299"," 0.12714112","-0.7502315264"," 0.011024501"," 0.218587301"," 0.0368633085"," 0.055631488","-0.227081896","-0.0738502475","-0.096725224","-0.054169916"," 0.648959874","-0.047157232","-0.058672702"," 0.4307607040","-0.147977413"," 0.05211846"," 0.1094216265"," 0.0577350987","-0.087725629"," 0.237515369","-2.376401e-01","-0.098204803","-0.001319517","-0.40375286","-0.030471101"," 0.056235935"," 0.0371075898"," 0.141698460","-0.455811288"," 0.161489694","-0.032866845"," 0.0016601775"," 0.100274442","-0.144491150"," 0.178023307","-0.367761839"," 0.001885840"," 0.044496629"," 0.0392692684"," 0.38547365"," 0.047754117","-0.129686790"," 0.0895779402"," 0.012597922"," 0.128860601"," 0.099630781","-0.2739077017",9,8,"Leupeptine"
"Apicidin_H1","-0.046033850","-0.152660769","-0.0881573383"," 0.42361232","-0.3154575788","-0.362330965"," 0.114728596"," 0.1176269304"," 0.242785634"," 0.148722433","-0.1437833945","-0.391986361"," 0.398990715","-0.131452895","-0.210016771"," 0.265132638"," 0.4674031756"," 0.015410802","-0.05104866","-0.6581598984"," 0.1329562023","-0.017712779","-0.361331828"," 1.801633e-01"," 0.068904604"," 0.549714765"," 0.54906489"," 0.228392167"," 0.053285970"," 0.1403913072","-0.252879488"," 0.156436726","-0.175070908","-0.275873299","-0.0779897385","-0.030525585","-0.058418336","-0.050693098"," 0.287995817","-0.266035791"," 0.068526115","-0.2774035653"," 0.33743794","-0.134137473","-0.975569420","-0.4398151141","-0.133312539","-0.277841485","-0.405086355","-0.3381190403",10,1,"Apicidin"
"Apicidin_H2"," 0.215745718"," 0.092932462","-0.0195005799"," 0.20406740"," 0.2547604904"," 0.334973597"," 0.047734118","-0.0438163374"," 0.236634669","-0.229015519"," 0.1018407243"," 0.030000749","-0.142319922"," 0.314804537","-0.249744911","-0.020496270","-0.0389088918","-0.104005323","-0.12206749","-0.1066537571"," 0.1454657859"," 0.073379660"," 0.044398732"," 6.280053e-02","-0.299721379"," 0.143428296"," 0.14000745","-0.167280887"," 0.191614116","-0.0276359050"," 0.261053465"," 0.134016700","-0.133277731","-0.167390238"," 0.0564884230","-0.104576360","-0.112297771"," 0.173504492","-0.239117353","-0.518243183"," 0.146867027","-0.0303285916"," 0.21271822"," 0.049246359"," 0.257617131"," 0.0284447905"," 0.186491911"," 0.155583447","-0.080492227"," 0.0482312012",10,1,"Apicidin"
"Apicidin_H4"," 0.005308789","-0.006378377"," 0.0849241520","-0.13910695","-0.1828143805"," 0.270415805"," 0.130322138"," 0.2469944686"," 0.094283243","-0.180494530","-0.0887681299","-0.023424279"," 0.087927751"," 0.250165992","-0.029059499"," 0.158480302","-0.1391106407"," 0.100289782","-0.08977964","-0.0486034209"," 0.0485183726","-0.017546498","-0.041015982"," 1.758968e-01","-0.116944623"," 0.226119474"," 0.21836198"," 0.165083977","-0.004785416","-0.0928188859"," 0.123936555","-0.191969849"," 0.103417478"," 0.197780374","-0.0618355535","-0.188462948","-0.158564527","-0.183721735","-0.074848873","-0.082396778","-0.047230190","-0.0904176655"," 0.14803317","-0.165874468"," 0.005416684"," 0.0645282394","-0.102629367"," 0.200066856","-0.276712990"," 0.1242305559",10,1,"Apicidin"
"Apicidin_H6","-0.105196653","-0.003886237","-0.0525535891","-0.01944052","-0.0702033636"," 0.128324764"," 0.006989802"," 0.8434544377"," 0.220233033"," 0.014706495"," 0.2719806450"," 0.026764581"," 0.128979539"," 0.279001233","-0.094047854"," 0.105210041"," 0.1395551754","-0.150614554","-0.18771464"," 0.0388452056"," 0.3150737356"," 0.190832513","-0.217721365"," 2.054405e-01","-0.113246393"," 0.060674859","-0.02171584"," 0.101604314","-0.134150437"," 0.0491114132"," 0.142778478"," 0.166298229","-0.165035588"," 0.055619618"," 0.0150535712","-0.072105300","-0.085264897"," 0.008527172"," 0.037817282"," 0.090229931"," 0.145619452"," 0.0664819121"," 0.08162083"," 0.397962022"," 0.029559544","-0.1452639832","-0.037404738"," 0.094902201"," 0.272564577"," 0.2070862122",10,1,"Apicidin"
"Apicidin_H8","-0.131313769","-0.095638965","-0.1424497827"," 0.12274900","-0.0779911548"," 0.219433866","-0.125623344"," 0.4098764295"," 0.319424441"," 0.181936556"," 0.1818417379","-0.049326591","-0.062680794"," 0.230931288","-0.006186513","-0.005309758"," 0.0786439916"," 0.119365472","-0.09292746","-0.0710086263"," 0.1702683827"," 0.072349229","-0.169362791"," 5.889238e-02","-0.195416921"," 0.243815212"," 0.01017960","-0.054461980","-0.032942726"," 0.0575261487"," 0.271043085","-0.024705360","-0.048072549"," 0.174668355","-0.2707212887","-0.119042869","-0.071248713","-0.154298466"," 0.033709936"," 0.089811497","-0.019410451","-0.0577473002","-0.10529933"," 0.206301261"," 0.034238504"," 0.0513564785","-0.072419726","-0.066848241"," 0.096196841"," 0.0625640292",10,1,"Apicidin"
"Apicidin_H10"," 0.050572731","-0.038900026"," 0.0359040521","-0.05410608"," 0.2314391797"," 0.415370371","-0.012127554","-0.0433390023"," 0.150645252"," 0.059671706"," 0.0404969519"," 0.212242815","-0.218157391"," 0.090051272"," 0.183518252","-0.140623145"," 0.3566325947","-0.015198068","-0.15576070"," 0.1793598728"," 0.1845012387","-0.089534244"," 0.008424697","-2.540514e-02","-0.332373808","-0.009002542","-0.28205582","-0.024515086"," 0.111765351"," 0.1429936978"," 0.426237327"," 0.031676583","-0.265172974","-0.100357986"," 0.0409478639","-0.033175064","-0.085364384","-0.035432698","-0.056564499","-0.177403534"," 0.011270195","-0.1046635333"," 0.08694159"," 0.005048423"," 0.192416939"," 0.0498941053","-0.105489467"," 0.147942886"," 0.003855741","-0.0550401384",10,1,"Apicidin"
"Trichostatin_H1","-0.113532479"," 0.061456630"," 0.8131066103"," 0.30952096"," 0.1196125217"," 0.118976257"," 0.865147490"," 0.4693055248","-0.237501485","-0.288973583","-0.0455695214"," 0.491858627","-0.573250191"," 0.360978267","-1.262049862"," 0.383325087"," 0.2202865822"," 0.450136760","-0.52252414","-0.4999851145"," 0.6043252884","-0.356016492","-0.052457027","-1.517331e-01"," 0.869864019"," 1.072431022"," 0.09335618"," 0.543850093"," 0.341063698"," 0.0820749127"," 0.381839680"," 0.391969873","-0.640476754","-0.330300740","-0.9769134455","-0.108062646","-1.073009960"," 0.298571687"," 0.454066666"," 0.631451768","-0.210933914"," 0.0022339841"," 0.71826027"," 0.254174287"," 0.197514786"," 0.0552648001","-1.244880386"," 0.323096289","-0.279065539"," 0.4955563322",11,1,"Trichostatin"
"Trichostatin_H2"," 0.099077134"," 0.167781239"," 0.7689178886","-0.02132999","-0.3709153519"," 0.676020112"," 0.698739963"," 1.0243514379","-0.621181831"," 0.065360575","-0.2331888785"," 1.082836183","-0.268818625"," 0.934568862","-0.739966326","-0.187998259","-0.5500367302"," 0.559728626","-0.51727144","-0.8170219693"," 0.7677983175"," 0.117143138"," 0.616489894","-5.573247e-01"," 1.061580489"," 0.069166299","-0.35900203","-0.808440612"," 0.526275690","-0.2938361025"," 0.902558842"," 0.059111524","-0.275719195","-0.548846916","-0.4867079261","-2.158272784","-0.745450484"," 0.278944485","-0.862155186"," 0.984914100"," 0.196031156","-0.1378585146"," 0.23367988"," 0.724694922"," 0.079852463"," 0.4855152817","-0.996236575"," 0.629706344","-0.065911345","-0.1778295829",11,1,"Trichostatin"
"Trichostatin_H4","-0.014667208"," 0.020013907"," 0.8350129829","-0.12384553","-0.5031203580"," 0.384174731"," 0.310684404"," 1.0254172432","-0.449648696","-0.387151547","-0.4574481386"," 0.631657120"," 0.268485291"," 1.019903307","-0.821919329","-0.331042859","-0.5150278992"," 0.318134576","-0.31653171","-1.3266828549"," 0.9497754811","-0.016945039"," 0.200375690","-4.605196e-01"," 1.259675199"," 0.373002447","-0.25677510"," 0.014654459"," 0.561572012","-0.0676475615"," 0.100762306"," 0.159017714","-0.720682145"," 0.007877388","-0.5094563919","-1.645170464","-0.497571703"," 0.123100235","-0.849344322"," 0.701617623"," 0.293330029"," 0.1454012646","-0.37609752"," 0.572206830","-0.335600427"," 0.3578040337","-1.003904711"," 0.026875852","-0.420671846","-0.2886944240",11,1,"Trichostatin"
"Trichostatin_H6"," 0.034241838","-0.177940898"," 0.7007979449","-0.08534992","-0.5299229851"," 0.587833055"," 0.083367489"," 0.4936356427","-0.741608766"," 0.094708152","-0.2749166286"," 0.646753027"," 0.081685184"," 0.777790181","-0.362284966","-0.460162714","-0.2205337400","-0.169249787","-0.09751882","-1.3910294280"," 0.4995308121","-0.178185963"," 0.180610547","-4.630471e-01"," 0.998518603","-0.142269681","-0.26089721","-0.812144177"," 0.481728376","-0.4704632438","-1.196104592"," 0.092754022","-0.333861146"," 0.112281880","-0.5869148254","-1.179308410"," 0.080617541"," 0.091942557","-1.505657223"," 0.703490254","-0.314834403"," 0.1431951882","-0.07685575"," 0.063862461","-0.165744864"," 0.3447272435","-0.553031684"," 0.366053336","-0.031639545","-0.4852810858",11,1,"Trichostatin"
"Trichostatin_H8","-0.049319287","-0.118276968","-0.0374452382","-0.60144497","-0.0663582039"," 0.903791864"," 0.462180548"," 0.3124520012"," 0.085951843"," 0.132854474"," 0.2682621563"," 0.163395166","-0.005124380","-0.031519838","-0.130844080","-1.158834029","-0.4915322729"," 0.012706995","-0.03127859","-0.2425494131","-0.0521631900","-1.001509005"," 0.018221999"," 2.330158e-01"," 0.854688883"," 0.149981017","-0.29248781"," 0.048806143"," 0.199558188","-0.0899176926","-0.928175995"," 0.280212471","-1.283450294"," 0.142887311","-0.2938950703","-1.803965132"," 0.008544333"," 0.156708375","-0.189897971","-0.001188659","-0.185173722"," 0.0291894088"," 0.10782081","-0.289162588","-0.140209929","-0.1833129435","-0.215923930"," 0.039254718","-0.336569545","-0.0507105473",11,1,"Trichostatin"
"Trichostatin_H10"," 0.639604862"," 0.441104320","-1.3737206061","-0.78056625"," 0.3830591297"," 0.879043449"," 1.895970326","-1.0054166573"," 0.438876276"," 0.036181696","-0.3863775652"," 0.479274932"," 0.627590130"," 0.388078205"," 0.753224674","-1.618553716","-1.8787281572","-0.558533956"," 1.97743342"," 0.0222808615"," 0.2568078184","-1.516020475"," 0.304539073"," 4.976987e-02"," 0.123962887"," 0.348395298","-0.29028360"," 0.464307664"," 0.926256718"," 0.4765665260","-1.210684383"," 0.915811655","-0.252782985"," 0.721540113"," 0.2454423476","-1.912155018"," 0.167697573","-0.454369929","-0.894160997","-0.174843494","-0.430579486"," 0.2163576643"," 0.68062499","-0.900257065","-1.034340064","-0.3640616424","-0.300819896"," 0.411313046"," 0.401446064","-0.6298908526",11,1,"Trichostatin"
"Quinine_H1","-0.347293773","-0.688691618","-0.0142800317","-0.23269274"," 0.0133844396"," 0.186954272","-0.089348358"," 0.2001824981","-0.153774253"," 0.132901067","-0.0810305520","-0.226053632"," 0.171332473","-0.137941798","-0.460746983"," 0.248161154","-0.1462260531"," 0.462261054","-0.16715262","-0.1585148612","-0.0366470574"," 0.119772949"," 0.118478078","-1.984049e-01"," 0.023217979"," 0.016735566"," 0.22860332","-0.319200691"," 0.033814241","-0.1594318478"," 0.072043432"," 0.091617017","-0.060503623","-0.628609277","-0.4597919809"," 0.131315916"," 0.112152164"," 0.328502772"," 0.039002035"," 0.055531793"," 0.144811698"," 0.2699512324","-0.49233648","-0.229905974"," 0.055391438"," 0.0831835025","-0.017609746","-0.356289718","-0.248706648"," 0.1453664973",12,9,"Quinine"
"Quinine_H2","-0.463497395","-1.213104322"," 0.0358945028"," 0.21817362","-0.0539925242","-0.337312985","-0.772437706"," 0.0908464467","-0.676209633"," 0.301494129"," 0.0685060746","-0.525765977"," 0.154710262","-0.015392012","-0.668002755","-0.025087322","-0.1854820968"," 0.380006920","-0.36398183","-0.1131366047"," 0.1463490557"," 0.092545864","-0.024466015","-6.683668e-01","-0.016019299"," 0.157045662"," 0.33759786","-0.944296396"," 0.381152960"," 0.0580235450"," 0.280768513"," 0.140141624"," 0.012914074","-1.038542869","-0.4922120226"," 0.189865547"," 0.222397007"," 0.406113918"," 0.416705442","-0.393594708"," 0.013432896"," 0.4909903689","-1.44327117","-0.495116363"," 0.334000939","-0.2572850280"," 0.201445721","-0.638103709","-0.515773313"," 0.3700306910",12,9,"Quinine"
"Quinine_H4","-0.293353325","-0.162857750","-0.2464290383","-0.26135688"," 0.0637329587"," 0.268261870"," 0.018684855"," 0.3148543988","-0.607618772"," 0.026030107"," 0.0754758942","-0.243935750"," 0.470184394","-0.002636156","-0.543602757"," 0.232529741","-0.1087085189"," 0.441766486","-0.46163379"," 0.1783720001","-0.0815126838"," 0.641685558","-0.041581258","-1.923586e-01","-0.147260351"," 0.121076470","-0.08219568","-1.102285540"," 0.194433717"," 0.0217319413","-0.046038301","-0.176564010","-0.268588157","-0.236638341","-0.0463129321"," 0.252323965"," 0.151449245"," 0.424304810"," 0.291705653","-0.033019516"," 0.299430057","-0.0337462852","-0.81235758","-0.093111608"," 0.103482657"," 0.0357057013"," 0.302821910","-0.772466399","-0.255100703"," 0.3113707898",12,9,"Quinine"
"Quinine_H6","-0.397897513","-0.575413517","-0.2154585216"," 0.11503011"," 0.0397741929"," 0.125620078","-0.360102419"," 0.1502189884","-0.243181173"," 0.566463637","-0.1287116932","-0.319326445"," 0.168712305","-0.077838635","-0.230806894"," 0.104950808","-0.1556156363"," 0.203186220","-0.38502086","-0.1400109447"," 0.0214568727"," 0.176245874","-0.032618297","-1.460320e-01","-0.087603730"," 0.285259116","-0.09355346","-0.285497898"," 0.197603148","-0.2249826619"," 0.134992776","-0.029904857","-0.063815205","-0.289410252","-0.0965477658"," 0.170783641"," 0.155514114"," 0.233075312"," 0.298709593","-0.329042317","-0.048437604"," 0.0935947332","-1.02498966","-0.017128628"," 0.316296093","-0.0289865081"," 0.232444938","-0.246963009","-0.338127778"," 0.1400217245",12,9,"Quinine"
"Quinine_H8","-0.197379372","-0.379311723","-0.3960764700","-0.60082857","-0.2021020717"," 0.748198122","-0.323229003","-0.1241925316","-0.377714083"," 0.351086622","-0.2012086371","-0.119231282","-0.093948154","-0.468798443"," 0.270184902","-0.041616613"," 0.1592679278"," 0.535139140"," 0.40867148","-0.2714822568","-0.1180424241","-0.024411996","-0.129608090","-1.566880e-04","-0.440127734","-0.123480533","-0.39459568","-1.341288308"," 0.398765786","-0.5477562008","-0.038955653"," 0.185352888","-0.190552646","-0.018608163"," 0.1131283209"," 0.001313984"," 0.065361614"," 0.045640948"," 0.264365726"," 0.126736329"," 0.029894502"," 0.1408005965","-1.47273840","-0.294539495"," 0.308049084"," 0.1655059004"," 0.132874499","-0.279423420","-0.158117759","-0.2643285967",12,9,"Quinine"
"Quinine_H10","-0.333951259","-0.579695151"," 0.2384894444","-0.28455360"," 0.1572476488","-0.240791060","-1.391107981","-0.0538995020","-0.059107094"," 0.188325231"," 0.4880707068"," 0.077646563"," 0.435921981"," 0.215703717","-0.284253477","-0.178539353"," 0.1486341892"," 0.086285802","-0.58541119"," 0.1061405269"," 0.2883292955"," 0.246834056","-0.153165575","-1.360837e-01","-0.006180873"," 0.291554660","-0.26543910","-0.671861728"," 0.410467362"," 0.5409116054"," 1.031939255"," 0.101895118","-0.304829317","-0.314478791"," 0.0606885938"," 0.044231465"," 0.110471796"," 0.170737106"," 0.577471325","-0.104377952","-0.128207426"," 0.0412797417"," 0.06542312","-0.103302159"," 0.240658466","-0.0749559919"," 0.684173565","-0.205791018","-0.659679750"," 0.5519926341",12,9,"Quinine"
"Chloroquine_H1"," 0.288754930"," 0.619712631","-0.1697539857","-0.18322988","-0.0111172319","-0.218176785"," 0.777687675","-0.4806345117","-0.126431195","-0.053361471","-0.3788603225"," 0.130462748"," 0.598014243"," 0.187668054"," 0.734714411","-0.011314013","-0.5972850902"," 0.189446505"," 0.76720879"," 1.0388091543","-1.0398897461","-0.072557031"," 0.329879254"," 7.127255e-01"," 0.291294203","-0.115998091","-0.54947930"," 0.190127308","-0.304937713","-0.1449001387","-0.710381079","-0.508837814"," 0.331566056","-0.433426508"," 0.5756038762"," 0.572849803"," 0.081202403","-0.324498625"," 0.049036600"," 0.717647841","-0.115211334"," 0.0781243631"," 1.00526409","-0.090496258","-0.295545822"," 0.1611252069"," 0.099776835"," 0.273244895"," 0.383292923"," 0.4204489846",13,10,"Chloroquine"
"Chloroquine_H2"," 0.395957475"," 1.040327173","-0.3230574355"," 0.10547006"," 0.0357116336","-0.016484933"," 1.119489479"," 0.7410706490"," 0.401297782","-0.208504502"," 0.0143128714"," 0.072595756"," 0.412042739"," 0.219886835"," 0.267856886"," 0.158393828","-0.1071739001","-0.070097624"," 0.32966956"," 0.1506716443","-0.5275011189","-0.180751502"," 0.217398404"," 3.251598e-01"," 0.020276787","-0.451247140","-0.67215228"," 0.061486197","-0.109416383","-0.1071179127","-0.334089629"," 0.060437071","-0.002769146","-0.103897108"," 0.3249910593"," 0.435507205","-0.089281826","-0.047553379"," 0.014888952"," 0.320916599"," 0.197082612","-0.0188968303"," 0.98981705"," 0.241846191","-0.306596056"," 0.2093479741","-0.098204775"," 0.012744005"," 0.532544790"," 0.1398715199",13,10,"Chloroquine"
"Chloroquine_H4"," 0.358884026"," 0.263991858"," 0.2018160379"," 0.08956271","-0.1139334132"," 0.067442146"," 1.357247595","-0.4369343048","-0.690508790","-0.458871156"," 0.2921043567"," 0.375191224"," 0.516257642"," 0.298303662"," 0.593241177"," 0.003875656","-0.2971669109"," 0.047591193"," 0.52152987"," 0.1031526666","-0.6843316326","-0.287714163"," 0.151512664"," 2.310485e-01","-0.380257303","-0.266117385","-0.74809600","-0.014678145","-0.040373858","-0.1276199226","-0.345595483","-0.063730518"," 0.415113986","-0.217427364"," 0.2172861952"," 0.232181280","-0.117446865","-0.096423896","-0.174471774"," 0.135506218","-0.025059667","-0.0838515758"," 0.91641789"," 0.319969524","-0.293296147"," 0.1954239751"," 0.136795293"," 0.213480098"," 0.357096558","-0.1345790361",13,10,"Chloroquine"
"Chloroquine_H6"," 0.146772658"," 0.522224749","-0.0566514263"," 0.17122444"," 0.1357950299"," 0.093969242"," 1.358667290","-0.3629525847","-0.441142495"," 0.151524642"," 0.3117880330","-0.030504098"," 0.466332903"," 0.062064179"," 0.108182716"," 0.121391196"," 0.0999699204"," 0.322555762"," 0.09446799"," 0.0573445066","-0.3678109699","-0.129246202","-0.129001852","-2.528196e-01","-0.149433856","-0.168474200","-0.30589825","-0.100540311"," 0.194551600","-0.0927285207","-0.038474928"," 0.124035919","-0.254373292","-0.048436246"," 0.0300205820"," 0.039617317","-0.128313168","-0.062271793"," 0.076891044","-0.285631387"," 0.089385633","-0.1291048999"," 0.95017370"," 0.210170396","-0.155087149"," 0.0378174546"," 0.067009647","-0.037853934"," 0.285498115","-0.0291471247",13,10,"Chloroquine"
"Chloroquine_H8"," 0.227341775"," 0.398947155","-0.1395145240"," 0.18164758"," 0.1896992920"," 0.112293361"," 1.492036982","-0.5846124103","-0.162027358","-0.004076937"," 0.3052141138"," 0.088318757"," 0.304556728","-0.079454738"," 0.322094629"," 0.178537035"," 0.1090401214"," 0.304496140","-0.03036061"," 0.0552038068","-0.3942244403","-0.071630024"," 0.164510200","-4.287862e-01","-0.254642441","-0.076988512","-0.47609525"," 0.002506124","-0.292125348","-0.2053124536"," 0.208512945"," 0.188820729","-0.150048112","-0.467324816"," 0.0198006752"," 0.166235594","-0.106734301"," 0.095331253","-0.161533971","-0.250869430"," 0.101966365","-0.0036046462"," 1.89735797","-0.012427434","-0.280334744"," 0.0934133779"," 0.033659557"," 0.287704888"," 0.258009200","-0.0004346177",13,10,"Chloroquine"
"Chloroquine_H10"," 0.205346905"," 0.132287054","-0.1563373931"," 0.34863806","-0.0147619026","-0.320666067"," 0.697143473"," 0.1401873558","-0.366690222"," 0.012736456"," 0.2318943582"," 0.211991786"," 0.443829871"," 0.384171927"," 0.189829068"," 0.185444606","-0.4635605370"," 0.429549170"," 0.05723312","-0.0006840405","-0.1911884121"," 0.096469963","-0.103013508","-3.152631e-01"," 0.060408002"," 0.086964915","-0.31470380"," 0.057974008"," 0.210908281"," 0.0042131688","-0.150848531"," 0.113248722","-0.287333859","-0.375683388","-0.1423341191"," 0.074146205","-0.013782658"," 0.070667349"," 0.041979170","-0.391163085"," 0.130365510"," 0.0202672972"," 0.42101415"," 0.131220750"," 0.022621133"," 0.1221991506","-0.244627171","-0.193849125"," 0.031926563"," 0.2266856326",13,10,"Chloroquine"
"Febrifugine_H1","-0.154227847","-0.350887241","-0.0338404548","-0.05389102","-0.2061137781"," 0.240632844"," 0.093566507","-0.0631358961","-0.340060539"," 0.194840070","-0.0591256827","-0.099362574","-0.024586747"," 0.131183663","-0.172586509"," 0.097179230"," 0.0335826790"," 0.442063478","-0.63402797"," 0.0382705383","-0.0379817500","-0.058449615"," 0.063061896","-1.838662e-01","-0.298385447","-0.056078098"," 0.17824188","-0.094082911"," 0.042242297","-0.5154689781"," 0.107329793","-0.073628606","-0.066708717","-0.542009476","-0.3862445890"," 0.033345382"," 0.049275470"," 0.212495508","-0.039867404","-0.214272723","-0.053340118"," 0.2473953367","-0.26439742"," 0.159396971"," 0.084113984"," 0.1461495235","-0.176116717","-0.058031079","-0.418208664"," 0.0865596927",14,11,"Febrifugine"
"Febrifugine_H2","-0.087032220","-0.516283542","-0.1059665872"," 0.20424109"," 0.1628687739","-0.293878708","-0.311861240","-0.0457205800","-0.146622948","-0.070689673"," 0.1081044706","-0.106538908"," 0.295731079","-0.028257792","-0.158593777"," 0.275047049"," 0.3202076167"," 0.182007010","-0.34009012"," 0.2292003570"," 0.0438359691","-0.033560746"," 0.120270496","-1.811387e-01","-0.243152683"," 0.301827346"," 0.07465089"," 1.003471602"," 0.377259179","-0.5478273224","-0.250112981"," 0.764044684","-0.307167165","-0.564573119","-0.3120925672"," 0.113688089"," 0.119744288"," 0.184527093"," 0.623934133","-0.380345394"," 0.199331789"," 0.1476727977","-0.39117865"," 0.049634080"," 0.344524764","-0.1702583486","-0.307437937"," 0.660792482","-0.490538201"," 0.4047473783",14,11,"Febrifugine"
"Febrifugine_H4","-0.262465839","-0.501752044"," 0.0055933236","-0.12920775"," 0.2656768806"," 0.045162811","-0.414699871"," 0.0953546331","-0.242424508","-0.050566431"," 0.0160987028","-0.036243353"," 0.270385836","-0.174391043"," 0.063293908"," 0.095393222"," 0.2544308986"," 0.164610223","-0.45978674"," 0.1103649104","-0.1449857981"," 0.108684478"," 0.229057646","-5.779689e-02","-0.119876390"," 0.189772325","-0.01631205"," 0.488533297"," 0.075529836","-0.2179595145"," 0.105766234"," 0.437343162","-0.233083678","-0.296453492","-0.1990078067"," 0.088535029"," 0.031588659"," 0.122038477"," 0.440135478","-0.284255577"," 0.016415674"," 0.0562712879","-0.93839457","-0.007168981"," 0.145926954","-0.0780591023","-0.011548767"," 0.299908575","-0.785513996"," 0.2701100071",14,11,"Febrifugine"
"Febrifugine_H6","-0.053061393","-0.267548655","-0.0197313255","-0.03460419"," 0.3577656469"," 0.138935713","-0.076534472"," 0.0574777628"," 0.047311052","-0.278868060"," 0.0321368344"," 0.142518669"," 0.380629966"," 0.238239261","-0.064208675"," 0.116522729"," 0.4058808840"," 0.066688081","-0.51302325"," 0.2270640464"," 0.0543130204","-0.109771762"," 0.216925742","-2.161953e-01","-0.435853815"," 0.395189705"," 0.03076630"," 0.808114417"," 0.260142158","-0.5786787989"," 0.196729791"," 0.632465236","-0.456442171","-0.299028093","-0.1076010579","-0.039470353"," 0.094267892"," 0.079736836"," 0.414636980","-0.391862209","-0.090641764"," 0.0180187476","-0.15772626"," 0.462302341"," 0.497226789"," 0.1645789272","-0.153374072"," 0.666059410","-0.588814834"," 0.4022781596",14,11,"Febrifugine"
"Febrifugine_H8","-0.247752681","-0.481805837"," 0.0463614085","-0.37564735"," 0.3315119206"," 0.437476366","-0.048076738"," 0.4687780555"," 0.101836396","-0.525103068"," 0.1274146662"," 0.364334729"," 0.469929518"," 0.202367185","-0.092222595"," 0.284065139"," 0.3304955449"," 0.594845127","-0.68196381"," 0.1722871117"," 0.2785949179"," 0.041879346"," 0.119088149","-2.401378e-01","-0.609004734"," 0.496809100"," 0.30508702"," 0.865264372"," 0.416810647","-0.7742500128","-0.007691923"," 0.623739286","-0.311304667","-0.513099275","-0.1480379834"," 0.055000858","-0.085450994"," 0.130263782"," 0.458613045","-0.544008240"," 0.075397053","-0.1297745146","-0.65066373"," 0.205130990"," 0.310317642"," 0.4440169829","-0.240805601"," 0.602948030","-0.162743605"," 0.3543751731",14,11,"Febrifugine"
"Febrifugine_H10","-0.111138673","-0.353468579"," 0.3688180266","-0.04725068"," 0.0636667160","-0.125370207","-0.442669278"," 0.0497688058"," 0.222557149","-0.561948836"," 0.3690391931"," 0.402138204"," 0.682285257","-0.233674748","-0.458287013"," 0.090831004","-0.0240063457"," 0.415293996","-0.93675561"," 0.2425209870"," 0.2765143427"," 0.508586655"," 0.002233326","-3.915109e-01","-0.272143324"," 0.830463705"," 0.10336225"," 0.985522776"," 0.355377974"," 0.2628399827"," 0.729710179"," 0.300488737","-0.029107389","-0.669217288","-0.1013872343"," 0.183634512","-0.105525849"," 0.031049628"," 0.530340882","-0.708130503"," 0.026596398","-0.3492947166"," 0.13389155"," 0.322945375"," 0.257253689"," 0.0193193089"," 0.238400908"," 0.532911878","-0.528119373"," 0.5745130370",14,11,"Febrifugine"
"Artemisinin_H1","-0.261879583","-0.773980323"," 0.0260922021","-0.17967479"," 0.2944298406","-0.313614396","-0.122440451"," 0.3866038195","-0.334093527","-0.357950038","-0.2234398250","-0.077106756"," 0.065016740"," 0.231292669"," 0.105790457","-0.042981924"," 0.1108140305"," 0.553123060","-0.30346367"," 0.1695584716","-0.0388158527","-0.270060677"," 0.086552310","-1.255654e-01","-0.068210518","-0.048850781"," 0.17881224","-0.618891241"," 0.116474514","-0.4076015245"," 0.081546188"," 0.250984951","-0.035431435","-0.312645546","-0.3415766192","-0.061769387","-0.014732753"," 0.200864738"," 0.156953721"," 0.095528226","-0.135940816"," 0.3406025673","-0.75007664"," 0.276787907"," 0.189815748"," 0.2031403749","-0.148525451"," 0.231607231","-0.336758331"," 0.1031466155",15,12,"Artemisinin"
"Artemisinin_H2","-0.118565197","-1.044270880"," 0.0734313730","-0.16817839","-0.0195481154","-0.533402566","-0.781886023"," 0.6008754151"," 0.124005001","-0.113161146"," 0.0435482820","-0.457343608"," 0.621643668"," 0.390871328","-0.182591532"," 0.184315001","-0.2357193151"," 0.430553646","-0.38819309"," 0.2873049802"," 0.3365084930"," 0.011790700"," 0.098424556"," 1.249387e+00","-0.316615672"," 0.868896291"," 0.41747896","-0.220782504"," 0.440574503","-0.5320115910","-0.096989892"," 0.678022851","-0.047373281","-1.024947407","-0.4654241225"," 0.137406118"," 0.084693341"," 0.232511902"," 0.749966228","-0.210542882"," 0.203381421"," 0.4573088187","-1.05567989","-0.091940858"," 0.368098090","-0.1312697080","-0.399399980"," 0.238806357","-0.550099210"," 0.6048594189",15,12,"Artemisinin"
"Artemisinin_H4","-0.120136730","-0.544859533"," 0.0874340492"," 0.10826411"," 0.4219577397"," 0.407615329","-0.268262755"," 0.4729619025","-0.113968280","-0.155164176"," 0.0798288542","-0.098960246"," 0.190009090","-0.089358955","-0.161254272"," 0.082312494"," 0.3341096625"," 0.131296925","-0.41793514"," 0.2451047375"," 0.2726250217","-0.252994403"," 0.476735080","-2.951030e-01","-0.328058194"," 0.340845380"," 0.37133258","-0.277224145"," 0.309741364","-0.3481250061"," 0.516455614"," 0.518939875","-0.006518828","-0.579708013","-0.1194785391","-0.053441191"," 0.025495452"," 0.237562142"," 0.482904292","-0.217208758"," 0.022491275"," 0.0994495341","-0.72030139"," 0.447524016"," 0.528041227"," 0.2646493187","-0.262839564"," 0.410455909","-0.449416999"," 0.2078493701",15,12,"Artemisinin"
"Artemisinin_H6","-0.289244681","-0.236924310","-0.3419060997"," 0.54281300"," 0.2342518616","-0.049992758","-0.895470472"," 0.0610043657","-0.213627140","-0.005440901","-0.0568619306","-0.100704107"," 0.153879236"," 0.141480842","-0.067206636"," 0.112365995"," 0.2170052046","-0.013490997","-0.35562516"," 0.2439240673","-0.0239017380"," 0.296516596","-0.062000760","-8.187081e-02","-0.537234394"," 0.087803507","-0.19185821","-0.120926890"," 0.108265157","-0.4660421477"," 0.200918209"," 0.461761825","-0.570736644","-0.299950496","-0.2158760885"," 0.197717171"," 0.165468333","-0.051798625"," 0.342351242","-0.355416106","-0.036598571"," 0.0071543666","-0.95867736"," 0.264756935"," 0.482336462","-0.1515749724"," 0.314759007"," 0.306290211","-0.738003156"," 0.5403327903",15,12,"Artemisinin"
"Artemisinin_H8","-0.328692222","-0.294637686","-0.1947133604"," 0.13404691"," 0.6747100547","-0.159691515","-1.486057258"," 0.3802154386"," 0.635052979","-0.451454422"," 0.5528271371","-0.041710317"," 0.851381035"," 0.295793394","-0.047783748","-0.016045224"," 0.3277057576"," 0.178178703","-0.54443588"," 0.2430498105"," 0.1404182312"," 0.376687328","-0.196409673"," 1.884899e-01","-0.597512287"," 0.250997732","-0.40851671","-0.746741582"," 0.279985989","-0.7399337279"," 0.457671075"," 0.973653407","-0.499973592","-0.244245308","-0.0784149014"," 0.014216303"," 0.038778793"," 0.122020648"," 0.941055631","-0.282047673"," 0.248216426","-0.1353195943","-1.35831642"," 0.317496448"," 0.720038794"," 0.1451912653"," 0.039203530"," 0.105253128","-0.116843086"," 0.2823224872",15,12,"Artemisinin"
"Artemisinin_H10","-0.055087376","-0.135561529"," 0.0311418252"," 0.29999329"," 0.6868169497","-0.399534494","-1.011145423"," 0.0919440777"," 1.656505703","-0.746690832"," 0.1088838915"," 0.699945740"," 0.131593293"," 0.560048922"," 0.008141589","-0.602859045"," 0.5072194621"," 0.066545560","-0.64890774"," 0.0692902376","-0.1636113151"," 0.084532500"," 0.103801261"," 7.831404e-01","-0.316769727"," 0.346846105","-0.31943285","-0.177377579"," 0.358056247"," 0.1377077020"," 0.420165552"," 1.134453058","-0.703199550"," 0.103281944"," 0.5279659604","-0.127047630","-0.202081720"," 0.021723160"," 0.887467013","-0.392055266","-0.008710034","-0.2644711795","-1.20452025"," 0.495102636"," 0.466308910"," 0.0526798522"," 0.889346881","-0.027632947","-0.060951237"," 0.6828428735",15,12,"Artemisinin"
"MMV43TP1","-0.275157072","-1.919031212"," 0.1625214926"," 1.69046452"," 0.2435913510","-0.767356739","-1.452641489"," 0.6634830235"," 0.047810611"," 0.443278405","-0.2883134985","-0.254040168"," 0.449821543","-0.216690353"," 0.595018643"," 0.149545108"," 0.4154293582"," 0.600785037","-1.32560479","-0.7444330477"," 0.7787225806"," 1.254031063","-1.739294473","-9.048051e-01","-0.437158727"," 1.042886014"," 1.02389443","-0.031704732"," 0.532516448"," 0.5256420178"," 1.793529151"," 0.325571042","-0.820935275","-1.430894871","-0.5761844026"," 0.847785060"," 0.621605936"," 0.120507436"," 0.266881626","-2.018483648","-0.027499611"," 0.4490434621","-2.45684398","-0.468814604"," 0.382977624","-0.2046203049","-0.122923564"," 0.561640893","-1.819288493"," 0.5960154637",16,13,"MMV43"
"MMV43TP2"," 0.389011985"," 0.555952702"," 0.1186841805"," 0.40882794"," 0.0879613473","-0.254319301"," 0.368515126"," 0.6633683285"," 0.078009449","-0.563937672","-0.1278174197","-0.827377376"," 0.397910696"," 0.508783542","-0.236576519"," 0.025677010"," 0.1402604019"," 0.561748952","-0.33383061"," 0.3251363552"," 0.3633196345"," 1.076983481","-0.780007455","-7.124836e-01","-0.031451854"," 0.132996614"," 0.17397537"," 0.319404700","-0.061203338","-0.1073068981"," 0.643773985"," 0.583026873","-0.187193361","-1.048480845"," 0.0830977204"," 0.210301594"," 0.069484145"," 0.670591594","-0.145715228","-0.879987341"," 0.385907740","-0.2696149796"," 1.00415380"," 0.683499939"," 0.375202272","-0.2442782702","-0.064031513","-0.467914934"," 0.242124350","-0.0270013993",16,13,"MMV43"
"MMV48TP1","-0.203625718","-0.720467197"," 0.0681404219"," 0.69731787","-0.0951679264","-0.257202630","-0.403875153"," 0.2970138081","-0.577422675"," 0.176876685","-0.0920994168","-0.389498479"," 0.017275190","-0.528890153"," 0.670982199"," 0.152143694","-0.3843709507","-0.888057422"," 0.01787364","-0.3207311185"," 0.1801957024"," 0.122655249","-1.032036697","-8.831973e-01","-0.219553706","-0.026856647"," 0.98563006"," 0.203435000"," 0.450154331"," 0.1282132818"," 0.789242769"," 0.029740552","-0.320972352","-0.835569584","-0.4749281845"," 0.494266944"," 0.306998174","-0.145232768"," 0.476244064","-0.316914767","-0.192378423"," 0.2612403470","-0.49000247","-0.166499951","-0.078860196","-0.1714370771","-0.243014365"," 0.121312987","-0.592743387","-0.3525183740",17,13,"MMV48"
"MMV48TP2"," 0.350709662"," 0.440562359"," 0.1106589329"," 0.67998710"," 0.0115338926","-0.414696517"," 0.485069648"," 0.5552437510","-0.076454238","-0.480976849","-0.1136938473","-0.593431482"," 0.511102752"," 0.074536715","-0.136882411","-0.122356115","-0.3968974596"," 0.286702467","-0.06557708"," 0.1833180365"," 0.3520666734"," 0.628131651","-0.495578433","-9.042348e-01"," 0.105440428"," 0.111900673"," 0.49354025"," 0.228125548","-0.149640150","-0.0948032071"," 0.523488541"," 0.327334462"," 0.033975911","-0.999851863"," 0.0622728949"," 0.088594311","-0.105610817"," 0.462780806"," 0.018779912","-0.649922719"," 0.081549825","-0.0835902832"," 0.76910511"," 0.443798637"," 0.356311192"," 0.0438430198"," 0.028056656","-0.391869578"," 0.140822911"," 0.1623190010",17,13,"MMV48"
"DFMO_TP19"," 0.174430658"," 0.960711931"," 0.0239099543"," 0.17868972"," 0.1469677987","-1.169572230"," 1.633967356"," 0.7696907184"," 0.388862554"," 1.179576401"," 0.6609074078","-1.305234452"," 1.037305131"," 0.361795953","-1.191648115","-0.146638528"," 1.0497888544"," 1.126130567","-1.86563928"," 1.0161864200"," 0.0760246112"," 0.732361477"," 0.027541332","-2.342853e-01","-0.298273713"," 0.482910521","-0.17081222","-0.831360522","-0.071358125","-0.4268428045","-0.323992131"," 0.442153373"," 0.014978722","-3.501639837"," 0.0044123285"," 0.057500155","-0.273207452"," 0.511585960"," 0.127761764","-0.512883976"," 0.342164139","-1.0270749834"," 0.23638261"," 1.048062948"," 0.238240067","-0.5649608797","-0.193527390"," 0.045121127","-1.036930862"," 0.4748863921",18,14,"DFMO"
"DFMO_TP27","-0.096675517","-0.728719366"," 0.6860368831"," 0.46560877"," 0.1431955876","-1.502158049","-0.930395856"," 0.8468223106","-0.357733528"," 3.177751578"," 0.3615801732","-0.792909867"," 1.117386674"," 0.185306402","-2.682734115"," 0.447981120"," 1.2331944942"," 1.214635264","-2.43196180"," 0.3398496265"," 0.5154100218"," 0.642829574","-1.462564059","-2.171840e+00"," 0.047993595"," 0.731933507"," 0.18332974","-0.109346114"," 0.390553634"," 0.2166792521"," 0.134114217"," 0.012898587"," 0.310404014","-2.313839423","-0.9096723913"," 0.111490492"," 0.051173032"," 0.759304597"," 0.186082549","-1.466461350"," 0.221111608","-0.4986203450","-0.26107566"," 1.680908150"," 0.905818403"," 0.2482913963","-0.026760735","-0.070612109","-1.479569019"," 0.9918124024",18,14,"DFMO"
"DFMO_TP34","-0.283709648","-1.791328781"," 0.4579177250"," 0.39924445"," 0.2880162764","-0.943258661","-3.704243432"," 0.0791183100","-0.566557764"," 0.913119383","-0.1696369856","-0.751287742"," 1.083619873"," 0.407953669","-1.982098265"," 0.810863060"," 1.3628151274"," 1.208540769","-2.06214761"," 0.0550966311"," 0.3609984573"," 0.744439354","-0.941888413","-1.298264e+00","-0.036450075"," 0.493977366"," 0.09696059"," 0.167438426"," 0.554517791"," 0.3702205613","-0.045359013","-0.220108354"," 0.370695101","-1.781864214","-0.6468767530"," 0.490888247"," 0.188841058"," 0.348332760","-0.179685961","-1.162902455"," 0.406236866","-0.3499771417","-3.15623619"," 1.626559625"," 0.810839074","-0.0621104799","-0.069499281","-0.020038484","-2.048915720"," 0.9205644322",18,14,"DFMO"
"IonoTP1"," 0.377163633"," 0.577146074"," 0.0111968845"," 0.02186441"," 0.2241584998"," 0.179513470"," 0.921571428","-0.2061638167","-0.216786587","-0.162436361"," 0.2309939572"," 0.243419540","-0.076213048","-0.991562164"," 0.083937400"," 0.020713371","-0.0008665297","-0.236017162","-0.47283748"," 0.1212863626","-0.0514487430"," 0.065354860"," 0.129122018","-1.003434e-01","-0.024876883","-0.277940125","-0.49764827","-0.047057766"," 0.004175686"," 0.0383507019"," 0.070382372"," 0.191795246"," 0.016374142","-0.190903144"," 0.2493020528"," 0.025133874","-0.063569389"," 0.194989781","-0.120209643"," 0.070496008","-0.008244235"," 0.0109625108"," 1.11991925","-0.105559127","-0.521342691","-0.5098163713"," 0.191686829","-0.043140940"," 0.006529633","-0.0325756287",19,15,"Iono"
"IonoTP2"," 0.098505433"," 0.311851114","-0.0115394482"," 0.09183034"," 0.1702104536","-0.088801456"," 0.373186958","-0.2406660512","-0.000185653","-0.281276720","-0.0005571221"," 0.245757904"," 0.007365444","-2.537759995"," 0.135476076"," 0.023246122"," 0.0328935788","-0.202803561","-0.14334597"," 0.0697450183"," 0.0013380566","-0.017939960","-0.063610883","-2.271313e-02"," 0.008247210","-0.023453905","-0.06141009","-0.112303929"," 0.100399410"," 0.0158322469"," 0.033169517"," 0.223578207","-0.067456805"," 0.030768681"," 0.0531669833"," 0.005600677"," 0.066690011"," 0.059911449","-0.020382384"," 0.102816011","-0.009178910"," 0.0313414070"," 0.67667185","-0.126544123","-0.836659248","-0.9313517054","-0.002376034","-0.058883992"," 0.112994092","-0.0929600558",19,15,"Iono"
"IonoTP3"," 0.093464461"," 0.562504053"," 0.0416743221","-0.31250065"," 0.0637752828"," 0.001565019"," 0.445834589"," 0.3153114483"," 0.072473136","-0.740008296","-0.0827796113"," 0.446448215"," 0.071185389","-1.257439076","-0.093479745","-0.098570835","-0.0495156815","-0.042722762","-0.14861647","-0.1368766006","-0.0355974097","-0.016070006"," 0.077415097"," 1.890675e-01","-0.063617849"," 0.105435638"," 0.27596937"," 0.051602988","-0.055729560"," 0.0005911154"," 0.003848578","-0.055013563"," 0.029729619","-0.146127376","-0.0278614197","-0.064755579"," 0.048117912"," 0.162823996","-0.008762269","-0.341894335","-0.027091497","-0.1222835013"," 1.66070809"," 0.040863228","-0.321635121","-0.8848491813","-0.075583343","-0.407654530"," 0.143994632"," 0.0771303189",19,15,"Iono"
"IonoTP4"," 0.631064984"," 1.030015679"," 0.1063799661"," 0.02761350"," 0.0394900811"," 0.170453539"," 1.241414244","-0.1330963201","-0.113684882"," 0.218154389"," 0.0937038980","-0.133844093","-0.080960900","-1.781208933","-0.088535243","-0.039281998","-0.0721615005","-0.279454501"," 0.25685826"," 0.0161595392","-0.0284036450","-0.054522043","-0.097462681"," 2.886139e-02"," 0.041665506"," 0.049248384","-0.15288449","-0.338370249","-0.005795300","-0.1427907942"," 0.033458053"," 0.091157332"," 0.046958427","-0.192809167","-0.0334817156","-0.070225028"," 0.041901779"," 0.185675920","-0.102680689","-0.244205099"," 0.018398107"," 0.0002375021"," 2.18954478"," 0.502417624","-0.774974302","-1.6547790884","-0.016805679","-0.539042865"," 0.386833059","-0.1056576564",19,15,"Iono"
"IonoTP5"," 0.662901303"," 0.812178432","-0.0684146873","-0.39768760","-0.0291621003","-0.154919263"," 0.799382734","-0.1901187383"," 0.018567766"," 0.041588702"," 0.0799589613"," 1.097995490","-0.160439831","-1.728970663"," 0.003720381","-0.115310187","-0.2279705776","-0.979840106"," 0.17645833","-0.0354333748"," 0.0331495929","-0.083448088","-0.109400052"," 2.428369e-01"," 0.216269498"," 0.309160721","-0.07032302","-0.440275096","-0.256945941","-0.1251908052"," 0.033949030"," 0.070915516","-0.029197428","-0.366091267"," 0.0282746430","-0.062851747"," 0.002492292"," 0.221405267","-0.051450592","-0.616720969"," 0.131805078"," 0.2022255622"," 2.06431252"," 1.045306715","-1.600727153","-1.1615081338","-0.128285099","-0.208239500"," 0.701080955","-0.2597802544",19,15,"Iono"
