"","MAL13P1.301","MAL7P1.137","MAL7P1.18","MAL8P1.55","PF07_0049","PF10_0142","PF10_0215","PF10_0321","PF10_0374","PF11_0276","PF11_0354","PF11_0396","PF11_0471","PF11_0527","PF13_0081","PF13_0107","PF14_0062","PF14_0139","PF14_0238","PF14_0507","PF14_0512","PF14_0598","PF14_0642","PF14_0736","PFB0161c","PFB0530c","PFB0655c","PFB0745w","PFC0090w","PFC0885c","PFC0960c","PFD0625c","PFE0830c","PFE1320w","PFF0200c","PFF0610c","PFF0875w","PFF0940c","PFF1150w","PFF1315w","PFF1580c","PFI1020c","PFI1580c","PFI1770w","PFL0175c","PFL0585w","PFL1125w","PFL1240c","PFL1815c","PFL2235w","D_class","Class","Compound"
"HDATP1","-1.139620579"," 1.29754783"," 1.187050882","-0.507939951","-0.174824374","-0.278303885","-0.6812559840","-0.390101180"," 0.360651106"," 0.1538408047"," 1.682240e-01"," 1.045323687"," 2.865062e-01"," 0.79786161"," 0.044784972","-0.484307000","-0.84546545"," 0.8583952953"," 0.139804803","-0.9892701879"," 0.743544561"," 0.122721030","-1.038829259","-0.68234056"," 0.19559782","-0.160819862","-0.150006979","-0.614965888"," 0.746242952"," 0.915885348"," 0.0001286056"," 0.216384086","-0.269300522"," 0.325559059"," 0.39835576"," 0.330104665"," 0.3563599044","-0.802065346"," 0.421092401"," 0.426199970","-1.5726271488","-0.371870152"," 0.424406958","-1.399255866","-0.8728944983","-0.327746989"," 0.2215403578"," 0.957239806"," 0.539638795"," 0.4089081835",1,1,"HDA"
"HDATP1.1"," 0.295019713"," 0.19726455","-0.058054760"," 0.022605349","-0.765414947","-0.139930990","-0.1436921784"," 0.396992774","-0.192086718","-0.2139358620"," 1.204764e-01"," 0.236921855","-1.808552e-01"," 0.48435463","-0.068459571"," 0.263303291","-0.35516935"," 0.3722527518","-0.683072225"," 0.0918822852"," 0.204523015"," 0.394976646","-0.634430446","-0.78987942"," 0.13447649","-0.132207904"," 0.095652221"," 0.864540125"," 0.451847455","-0.210865612"," 0.0406545662","-0.527005780"," 0.209325329","-0.407432451","-0.05209524"," 0.001531456"," 0.4983639547","-0.339852665","-0.415638803"," 0.162643446","-0.3891369340","-0.279231749"," 0.124426896"," 0.822825317","-0.0994131748"," 0.239231113"," 0.1219869692"," 0.506278783"," 0.190073438","-0.0726791136",1,1,"HDA"
"HDATP2","-0.767490616"," 0.69273347"," 0.657141006","-0.269610247","-0.029958806","-0.178627302","-0.2330630401","-0.248007055"," 0.336350326"," 0.0356745885","-2.709832e-01"," 0.414070273"," 2.567236e-01"," 1.04950887","-0.796323986","-0.915594601","-0.50620868"," 0.6717640838","-0.286464150","-0.0452778323"," 1.007961234"," 0.608045003","-1.006491060","-0.86917547"," 0.39041528"," 0.105145659","-0.103291767","-0.252390372"," 0.321200863"," 0.353734514"," 0.0786063724","-0.171523750","-0.633127478"," 0.074610064"," 0.34289732","-0.027247997"," 0.3361640448","-0.412311696"," 0.100165532"," 0.488620319","-1.7140985879","-0.133228269"," 0.158916084","-0.815826435","-0.1320605797"," 0.090292887"," 0.2121158559"," 1.022780082"," 0.119704714"," 0.1267542425",1,1,"HDA"
"HDATP2.2"," 0.266236270"," 0.05674341","-0.261872206"," 0.092344466","-0.424767033","-0.023856034","-0.3486290673"," 0.064008282","-0.583802270"," 0.1485152109"," 1.876857e-01"," 0.417745916","-2.441114e-01"," 0.22345964"," 0.024319296"," 0.649806378"," 0.45165328"," 0.0923838327","-0.360382903","-0.0716882242"," 0.008465229"," 0.327162120","-0.288439576","-0.19473846","-0.17600151","-0.174602788","-0.012928384"," 0.487065086"," 0.295832531"," 0.065117021"," 0.1220187232","-0.458924923"," 0.163879485","-0.275722144","-0.03864190"," 0.088294448"," 0.3986275880","-0.322931787","-0.308264460"," 0.128456618","-0.5341031380","-0.340756348"," 0.458474418"," 0.704604255"," 0.0009130111","-0.064657138","-0.0775694509"," 0.144393534"," 0.362446880","-0.2606444551",1,1,"HDA"
"HDATP3","-0.073853254"," 0.32358145","-0.166752192"," 0.011999543"," 0.174885890"," 0.045738043","-0.1421995787","-0.180040072"," 0.299636637"," 0.0423042876"," 1.625406e-01"," 0.053970745"," 5.854469e-02"," 0.57564540"," 0.224319098"," 0.395607195","-0.14073363"," 0.3629786839","-0.217022395","-0.2326854304"," 0.052506073"," 0.223343629","-0.295197936","-0.22167348","-0.07919616","-0.157254289","-0.502590085"," 0.041741340"," 0.404895309"," 0.407237323","-0.1442935090","-0.266143226","-0.271607077"," 0.171522379","-0.42379332","-0.147470106"," 0.3114165011"," 0.155024473","-0.167358371"," 0.062136844","-0.3785843486","-0.292890226"," 0.088732827"," 0.697154160","-0.7006300639"," 0.412760235"," 0.1407920300","-0.034307608"," 0.513769332","-0.3260964084",1,1,"HDA"
"HDATP3.3"," 0.256021011"," 0.19817313","-0.585080019"," 0.075286479","-0.275179453"," 0.100085912"," 0.0128966301"," 0.017066044"," 0.235180556","-0.0787969064","-9.723738e-02"," 0.443242724","-2.633426e-02"," 0.37343813"," 0.235891282"," 0.506473231","-0.02917177"," 0.0792783920","-0.225830187","-0.1609041078"," 0.089038824"," 0.156775836","-0.278265362"," 0.03050965","-0.03083242","-0.109557876","-0.297151491"," 0.215382680"," 0.565712033","-0.115858651","-0.0470686137","-0.261776637","-0.034485810"," 0.284936535","-0.22959708","-0.072106864"," 0.1975745634","-0.242252790","-0.177457330"," 0.086620046","-0.1634506603","-0.385966995"," 0.186669420"," 1.475181931","-0.4599556726"," 0.173661835","-0.1349246735"," 0.046305963"," 0.231472004","-0.4245738873",1,1,"HDA"
"ACTTP1"," 0.099714810"," 0.20795556","-0.120705055"," 0.090494364"," 0.159182485"," 0.003673133"," 0.0659683970"," 0.334866878"," 0.193954445","-0.2667900881"," 9.973085e-02"," 0.091843058","-6.456441e-02","-0.72307727"," 0.058758380"," 0.416773959"," 0.54400965","-0.1375425846"," 0.218046497","-0.4502181951"," 0.094298509"," 0.452563391","-0.465218240"," 0.29621689"," 0.20618192","-0.086559267","-0.359666898","-0.091653215","-0.308834917"," 0.346979140","-0.2959197485","-0.301210567"," 0.498473689","-0.217367452","-0.23038200"," 0.371603352","-0.2977171072","-0.406401629"," 0.803219664","-6.183791401","-0.3204970310"," 0.066063032"," 0.166795968"," 0.147637208","-0.2855442308","-0.007333311","-0.1605330262"," 5.169503483"," 0.461946325"," 0.0392115457",2,2,"ACTd"
"ACTTP2","-0.331436344","-0.28549264"," 0.091426207","-0.162662785","-0.394066193"," 0.119321070"," 0.8222717733"," 0.304380160"," 0.196059729"," 0.1899025226"," 4.510038e-01"," 1.124838201"," 2.301977e-01","-0.15494751"," 0.565723851"," 0.739460338","-0.30274288","-0.3281281609","-0.043037473","-0.1818236578"," 0.226173758"," 0.224362210","-0.006808500","-0.56692329","-0.11805469"," 0.433886705"," 0.552425148","-0.142608439","-0.535363640","-0.107601058","-0.4457109033"," 0.634282497"," 0.525891603","-6.176028104"," 0.19230830","-0.462228489","-0.1599634264","-0.426614334"," 0.127128356","-0.159726077"," 0.1003543284","-0.145734076"," 0.325087233","-1.552235539"," 0.5994051494"," 0.069631995","-0.4246339569"," 5.997942107","-0.077739651","-0.2736963897",2,2,"ACTd"
"ACTTP3","-0.030341147","-0.15475977","-0.199208135","-0.481124063"," 0.065647051","-0.001960891","-0.1822575948"," 0.440726103"," 0.044743722","-0.0250411652"," 7.059190e-01"," 0.077163813"," 5.073681e-01","-0.42956604","-0.748118486"," 0.730064475","-0.62953485","-0.3730839028","-0.001583855","-0.0561970055"," 0.070678577","-0.226357033","-0.011000116","-0.40374009","-0.45568213"," 0.048219052"," 0.367586442"," 0.089384138"," 0.122444665"," 0.614331728"," 0.2346743051","-0.567633042"," 0.772520055","-5.705336255","-0.32470472","-0.045344622","-0.1839630876","-0.304255988"," 0.045918073"," 0.178574841","-0.8704659609"," 0.371032342"," 0.215742456","-0.623238744"," 0.4578829735"," 0.466539770"," 0.1273770879"," 1.710664889"," 0.440850715"," 0.7376116891",2,2,"ACTd"
"ACTTP4","-0.436293317","-0.21598459","-0.304166557","-0.317715455","-0.901170795","-0.390857919","-0.4702473797"," 0.198082830"," 0.023136419","-0.3483381201"," 9.270898e-01","-0.002367864"," 6.916912e-01"," 0.65874303"," 0.119066866"," 0.122386706","-0.30005961","-0.4885803176"," 0.046531070"," 0.1228238973","-0.017288375","-0.007060612"," 0.117741607","-0.86964723","-0.02000143"," 0.047717793"," 0.943819064","-0.508545720","-0.831785229"," 0.823804100"," 0.3940303423","-0.491856111"," 0.627438977"," 0.582676216"," 0.50405548","-0.403076390","-0.9761859059","-0.495965000"," 0.068443434","-4.965199369","-0.7022127800","-0.176488501"," 0.226389489","-0.068088641"," 0.0065862326"," 0.399245937"," 0.1046571388","-0.001024285"," 0.791864713"," 0.7244140186",2,2,"ACTd"
"ACTTP5","-0.008944454","-0.57657596","-0.065142651","-0.011312878","-1.583964446"," 0.098304807"," 0.0394236519"," 0.758529937","-0.230980675","-0.7782028541"," 7.026415e-01"," 0.528841735"," 5.615012e-01","-0.41246748"," 0.328303203","-0.373730089","-0.04181785","-0.5384471553","-0.078239365"," 0.6624793248","-0.151772788"," 0.590109476","-0.169054684","-0.42634133","-0.60030408"," 0.362514529"," 0.771791331","-0.210716285","-0.483878528"," 0.292725501"," 0.7584103183","-0.791084500"," 0.254140977"," 1.002223017"," 0.27602046","-0.829897719","-0.7183068260"," 0.329601589"," 0.213815151","-0.461780763"," 0.3230403856"," 0.228903480"," 1.092166899"," 0.560407097"," 0.2612021085"," 0.186779442","-0.5073698016"," 0.134499900"," 0.909883624"," 0.5824604946",2,2,"ACTd"
"ML_7_H1"," 0.903022832"," 0.12753518"," 0.632954151","-0.336581438"," 0.230201125","-0.041903173","-0.7556275603","-0.047648353"," 0.429883626","-0.1227028164"," 9.832920e-04"," 1.103574067"," 3.459243e-01","-0.22909618"," 0.048483217","-0.146971325"," 0.25922208"," 0.0376912549","-0.117300163"," 0.1452957353"," 0.379895218","-0.551759526"," 1.381613681"," 0.27389311"," 0.62947276"," 0.066694081","-0.053220096"," 0.080237620","-0.144204774"," 0.029709799"," 0.0455028572"," 0.499990264"," 0.578935481","-0.191097594","-0.11943690","-0.248523913","-0.5270685025"," 0.403855172"," 0.268154668"," 0.345755240"," 0.4952296680"," 0.162850426","-0.133391124","-0.401507350"," 0.4760497428"," 0.496007730"," 0.4478332455"," 0.370379919"," 0.595257992","-0.0300020457",3,3,"ML_7"
"ML_7_H2"," 0.469149804","-0.08024546"," 0.663620520","-0.365226849","-0.455903089","-0.030635484","-0.5371770934","-0.094424398","-0.771564077","-0.4376626580","-2.931120e-01"," 0.707418081","-3.154707e-02"," 0.01026495","-0.121780510","-0.294821274"," 0.02416091","-0.0421573157","-0.442216012"," 0.2862597865"," 0.330019211","-0.248671793"," 0.554136004"," 0.11309077"," 0.16794075"," 0.068330802"," 0.064791652"," 0.171218972","-0.338604673"," 0.599674062","-0.2195404949","-0.271198488"," 0.449969642","-0.168196094","-0.07693573"," 0.266298721","-0.2915469404"," 0.587611092"," 0.266985138"," 0.214634245"," 0.5001760824","-0.075010177","-0.427160781","-0.781485988"," 0.0185110092"," 0.279520042"," 0.4063370658"," 0.283242809"," 0.678687157","-0.0444875470",3,3,"ML_7"
"ML_7_H4","-0.190632310","-0.16066967"," 0.275564868","-0.516200372"," 0.768386430","-0.160281404","-0.6607541080"," 0.100136022","-0.073458398","-0.5766437492","-1.894228e-01"," 0.658844869","-1.374783e-01"," 0.27513931","-0.249566237"," 0.167502299","-0.31104959","-0.0354113212","-0.179439741"," 0.1630672370"," 0.331465592","-0.433005657"," 0.546061286"," 0.18560844"," 0.47686082"," 0.088726900","-0.088106013"," 0.818197236","-0.372847272"," 0.273255972"," 0.1192985050"," 1.594398105"," 1.213416542"," 0.082567322","-0.11370141","-0.031772346","-0.5193108223"," 0.372115055"," 0.368240967"," 0.118904513"," 0.3603679961"," 0.493830646","-0.474703296","-0.929332576"," 0.0859117548"," 0.402301541"," 0.2826126908"," 0.310235356"," 0.345192300","-0.1469767171",3,3,"ML_7"
"ML_7_H6","-0.919245379","-0.28061153"," 0.106295221","-0.729202968","-1.106018381","-0.437617622","-0.6327477586","-1.231663556","-1.764416657","-1.2319502419","-1.717537e-01"," 0.644083239","-3.297777e-02"," 0.12159641"," 0.029334792","-0.754142363","-2.27449121"," 0.1097126067","-0.272246140","-0.1772338978"," 0.142981167"," 0.258260546","-0.505467631","-0.53216641"," 1.59447775"," 0.207600987","-0.682804384"," 0.079776011","-0.319259023"," 0.048923911","-0.1191626761","-1.094302518","-0.066722840","-0.177605553","-0.11021971"," 0.085031323","-0.2440992810"," 0.218540413"," 0.278779186"," 0.278938841"," 0.1487371918","-0.690870456","-0.253845716","-0.126045206"," 0.0120531056"," 1.024697173"," 0.4742976275","-0.003775712"," 0.403963885","-0.0957716673",3,3,"ML_7"
"ML_7_H8"," 0.073533451","-0.44571008"," 0.557542475","-0.489777382"," 0.003505705","-0.185668577","-0.4753179774","-0.128943496"," 0.130867043","-0.3665274361","-5.355732e-02"," 0.512176658"," 3.988935e-01","-0.19370817","-0.845123260"," 0.145848496","-0.23606400","-0.0592360838"," 0.183755009"," 0.1829509456"," 0.182105168","-0.093613188"," 1.021705060"," 0.39061838","-0.12420454","-0.282925876","-0.556865676"," 0.998485394","-0.692163884"," 0.179345385"," 0.3728019250"," 0.436165887"," 0.511369695"," 0.217826672","-0.59523632"," 0.178879275","-0.3729004376"," 0.702340401"," 0.181241890"," 0.009409142"," 0.7086146560"," 0.680332349","-0.176805231","-0.997799009"," 0.0597601789"," 0.186623943"," 0.3450383570"," 0.163056681"," 0.275634124","-0.2422418135",3,3,"ML_7"
"ML_7_H10"," 0.625222224","-0.15455234","-0.277833182","-0.033275404","-0.002081693"," 0.349286291"," 0.0808028177","-0.167196021"," 0.113031397"," 0.1843105404","-3.758002e-02"," 0.780716224"," 4.539324e-01","-0.09822164"," 0.505959020","-0.177092871"," 1.54642700"," 0.4720747401","-0.375033517","-0.0336210677","-0.200110077"," 0.317929401"," 0.811057416","-0.72268443"," 0.09071059","-0.004171150","-0.533186310"," 0.302709826","-0.239386693"," 0.034367919","-0.1647012062"," 0.830148328"," 0.249181832","-0.021810387"," 0.08441433","-0.348379772","-0.4013984341"," 0.215380504"," 0.664940035","-0.065292766","-0.0165762571","-0.110411313","-0.489074230","-0.212565378","-0.4038362374"," 0.338890234"," 0.1651957528"," 0.349253206","-0.128382346"," 0.4894079767",3,3,"ML_7"
"ML_7_H12"," 0.236092031"," 0.39642105","-0.663256937"," 0.535274022","-0.073663259"," 0.246915564","-0.1250077398","-0.119392023","-0.211389295"," 0.0746798670","-1.963451e-01"," 0.645751087","-6.821059e-01"," 0.16686363"," 0.761136014","-0.083039494"," 0.91027936"," 0.5853544421","-0.355613456","-0.1362337807","-0.314273988"," 0.567249904"," 0.320529774"," 0.20482126"," 0.13887786"," 0.217214792","-0.943276239","-0.333340538"," 0.044308914","-0.305937477"," 0.0165690681"," 0.335215657"," 0.441012316"," 0.179185073","-0.04290429","-0.604580846","-0.3772800676"," 0.019291502"," 0.775359811","-0.254325581"," 0.3809721845","-0.538516137","-0.099655214"," 0.153311260","-0.2752158332"," 0.095608107"," 0.0309803746"," 0.448708514","-0.284297859"," 0.8933621329",3,3,"ML_7"
"W7_H1"," 0.026614959"," 0.48615030"," 0.141971935","-0.749701102"," 0.879894524","-0.023621757"," 0.3166145616","-0.096089928","-0.256344861","-0.0111713572","-4.135269e-01"," 0.128087995"," 3.147473e-01","-0.24931613","-0.498106929"," 0.213513281","-0.07802898","-0.1617610170"," 0.376996885"," 0.0677053843","-0.208396242","-0.645641675"," 0.360041774"," 0.30670843"," 0.30923241"," 0.194660900"," 0.155417691"," 0.180769737"," 0.103828210"," 0.487853431","-0.3210319394"," 0.147210980"," 0.382000436","-0.403477126","-0.29445186","-0.242860869","-0.5988300845"," 0.126818064"," 0.981640953"," 0.309100507"," 0.7495892373"," 0.322244552","-0.367013259","-0.818995472","-0.2352137321"," 0.706372525"," 0.0954296356"," 0.047067530","-0.013618220"," 0.3541413458",4,3,"W_7"
"W7_H2"," 0.195173342"," 0.40590131"," 0.029343835","-0.138785902","-0.261182489","-1.546185283"," 0.4306799437"," 0.109822733","-0.430419654","-0.0763029164","-5.372541e-01"," 0.047939210"," 1.513914e-02"," 0.27835493","-0.381798773"," 0.152837444"," 0.54528844"," 0.1244491686","-0.191013287"," 0.1334492975","-0.131577045","-0.255750754","-0.160511091"," 0.65240671"," 0.48051766","-0.009128471"," 0.093921091"," 0.345991450","-0.260154793"," 0.568603159","-0.2246797397","-0.301159875","-1.111561183","-0.346198723","-0.15259025"," 0.295927212","-0.3281168998"," 0.037961597"," 0.581332226"," 0.212868191"," 1.0743076663"," 0.184550957"," 0.163495038","-0.909990739","-0.1799466065"," 0.754804241"," 0.0842892024","-0.157145130"," 0.110691176"," 0.4709398231",4,3,"W_7"
"W7_H4"," 0.192321177","-0.53057946"," 0.754698487","-0.422667401"," 0.474750841","-0.766293271","-1.0364153169"," 0.338911963"," 0.651522919","-0.7047274232","-3.753940e-02"," 0.865105332","-3.486949e-02"," 0.20379192","-0.710534871"," 0.011838356","-0.59293354"," 0.0290620226","-0.170333358"," 0.2272026754"," 0.414266666","-0.636015495"," 0.851228884"," 0.26983017"," 0.20654708","-0.115376448","-0.378502021"," 0.573864134","-0.365511050"," 0.210436500"," 0.2108228101"," 0.858729514"," 1.435554510"," 0.094585239"," 0.07580071"," 0.443752539","-0.6989806146"," 0.786399033"," 0.063941046"," 0.330195469"," 0.6950625683"," 0.731718451","-0.606363354","-1.085396849"," 0.0494069380"," 0.182313462"," 0.4617643245"," 0.257298318"," 0.589193468","-0.3141499633",4,3,"W_7"
"W7_H6","-0.430018798","-0.20628119"," 0.102996343","-0.521748111","-0.896160186","-0.374396544","-0.8704342172","-1.118038192","-1.352267331","-1.4226675514","-5.097912e-02"," 0.809309227","-5.198079e-01"," 0.11948086"," 0.002017070","-0.420374139","-1.64330783"," 0.0822839857","-0.083233571","-0.0734768716"," 0.295669912","-0.129861213","-0.486872928","-0.71075580"," 1.63650672"," 0.196425680","-0.697507056"," 0.161035143","-0.327253364"," 0.081048724","-0.0249513943"," 0.902844594","-0.116810393","-0.145962933","-0.09543778"," 0.163079020","-0.2557164451"," 0.073810766"," 0.107752384"," 0.418354552"," 0.1576139930","-0.570474840","-0.226617123","-0.257345779","-0.0216143261"," 1.013501400"," 0.4700123689","-0.202412256"," 0.440030900","-0.0362822744",4,3,"W_7"
"W7_H8"," 0.017272038","-0.73776022"," 1.092836318","-0.388008021"," 0.323310635","-0.088051517","-0.5425592103"," 0.369471201"," 0.640287957","-0.4993376766","-1.165508e-01"," 0.808943546"," 2.274607e-01","-0.22135397","-1.122157001"," 0.033568920"," 0.40102712"," 0.0060824724","-0.055623989"," 0.1131859499"," 0.546817060","-0.348995600"," 1.003989173"," 0.60154519","-0.33363054","-0.601191303","-0.870758024"," 1.027575150","-0.687618824"," 0.167247724"," 0.2950615485"," 1.145159420"," 0.345736872"," 0.109196354","-0.15501034"," 0.625665817","-0.5431188669"," 0.948006612","-0.125613237"," 0.304381801"," 0.7613015676"," 1.021487140","-0.191017368","-0.995291470","-0.1261915078"," 0.154779226"," 0.3671986509"," 0.299207349"," 0.723506696","-0.6628448321",4,3,"W_7"
"W7_H10"," 0.265014620"," 0.37319084"," 0.103086442","-0.285231417","-0.119559142"," 0.207470911","-0.0127169812","-0.069437024"," 0.141733598"," 0.4483310878"," 3.553455e-02"," 0.367945505","-4.457661e-02"," 0.35577131","-0.179366545"," 0.428835919"," 0.18305244"," 0.3744504355","-0.195992758"," 0.1164749154","-0.081023066","-0.515143182"," 1.018942589","-0.42050346"," 0.27808960"," 0.080402966","-0.160597462"," 0.199864906","-0.369305800"," 0.682677769","-0.0588398509"," 0.065444292"," 0.568773769","-0.255550637","-0.12448520"," 0.158426497","-0.2861795928"," 0.115030142"," 0.265138970"," 0.067625140"," 0.4603664321","-0.234581148"," 0.183605025","-0.892987389","-0.7130873481"," 0.140390958"," 0.0621631916","-0.076398609","-0.021833149"," 0.0264484067",4,3,"W_7"
"W7_H12","-0.532095568","-0.12730859"," 0.488418735"," 0.169987295","-0.402310360","-0.597915616","-0.3804543344","-0.179747459"," 1.277160916"," 0.0334854346"," 6.402840e-01"," 0.431141747","-6.710196e-01"," 0.17280701","-0.353450445"," 0.139027377"," 0.41879828"," 0.3248386231","-0.157771881","-0.0812555023"," 0.092919645","-0.363096376"," 0.725791375"," 0.94872931"," 0.06374224","-0.050309346","-0.319772060","-0.439414600","-0.337020270"," 0.623588862"," 0.3512899976"," 1.901627727"," 0.888257759","-0.164469601","-0.32104685"," 0.697377664","-0.4343693802"," 0.454928994","-0.180346920"," 0.156974490"," 0.4657455931"," 0.391212546"," 0.325826477","-0.688410122","-0.1645287096","-0.051468887"," 0.1558614370"," 0.280042019"," 0.430642021","-0.1991766373",4,3,"W_7"
"Staurosporine_H1","-0.305302791"," 0.02342450"," 0.296171209"," 0.306753474"," 1.315074472","-0.281312600","-1.1385791891"," 0.186363842"," 0.020725293","-0.2000250435"," 4.193795e-02"," 1.573584570"," 7.329383e-01"," 0.10126437"," 0.407029886","-0.204927696","-1.12102244"," 0.7288323003"," 0.085547390","-0.5670485640"," 0.341924030"," 0.856799868","-0.068172860"," 0.70251494"," 0.18299717","-0.128131251"," 0.246020691","-1.428989319"," 0.020260163","-0.111434784"," 0.0150601250"," 0.695525296"," 0.257953634","-0.118935375"," 0.67751398","-0.271658078","-0.0471356010"," 0.306871499","-0.639373929"," 0.885325065","-0.1275833957"," 0.380953121","-0.701226225","-0.259000206"," 0.6183939416"," 0.312153428"," 0.6955402846"," 0.150619867"," 0.774909898"," 0.3384570222",5,4,"Staurosporine"
"Staurosporine_H2","-0.318148642","-0.51010318"," 0.076172397"," 0.385071168"," 0.732014318","-0.315575837","-1.2408494916"," 0.648965223"," 0.017285295","-0.2924997732","-1.337162e-01"," 0.993701485"," 6.440049e-01","-0.06652596"," 0.377366941","-0.203116482","-0.87619111"," 0.6741341181"," 0.183910751","-0.4652555992"," 0.605476145"," 0.950254493"," 0.032676219"," 0.12134046","-0.23118675","-0.837525301"," 0.054855158","-0.953605748","-0.353749425","-0.747041259"," 0.1577527188"," 1.727089455"," 0.150574317","-0.004595838"," 0.64575449"," 0.041603181"," 0.1870706989"," 0.380879280","-0.654481885"," 0.810711207","-0.1907997687"," 0.536456743","-0.574031788","-0.613525240"," 1.4463465144","-0.124735263"," 0.7281476430"," 0.354479531"," 1.021550412"," 0.3002620456",5,4,"Staurosporine"
"Staurosporine_H4","-0.261516836","-0.24688704"," 0.119129146","-0.185231210"," 1.300414068","-0.154811942","-1.2166776931"," 0.543316720"," 0.331399243","-0.4923902747"," 3.310172e-02"," 0.733505534"," 1.427798e-01","-0.01499715","-0.175042481","-0.077437928","-0.42262837"," 0.2076527042"," 0.568103756","-0.2979625501"," 0.535839901"," 0.129412639"," 0.018109113"," 0.08665778","-0.58183981","-0.344460002"," 0.302332778","-0.061446586","-0.273776312","-0.538721296"," 0.4088680647"," 0.478978363"," 1.013447029"," 0.437842360"," 0.39755102"," 0.081632251","-0.3821245094"," 0.216247386","-0.075129010"," 0.396767839","-0.2636191021"," 0.618812070","-0.409741997","-0.968657706"," 0.7864565560","-0.458317800"," 0.4263426665"," 0.457315209"," 0.402361775"," 0.0299415974",5,4,"Staurosporine"
"Staurosporine_H6","-1.044940602","-0.51668393","-0.477440749","-0.203150203","-0.065767886","-0.487182132","-1.3630180366","-0.756489716","-1.441187445","-1.3746064731","-1.428917e-01"," 0.820023946"," 5.661852e-02","-0.20357202"," 0.052600222","-0.220480110","-1.92258278"," 0.4232986234"," 0.271892683","-0.6206365519"," 0.672120463"," 0.638737636","-1.035592702","-0.88408342"," 0.71373485","-0.440306827","-0.312973735","-0.386620146","-0.252464474","-0.420504553"," 0.2554386597","-0.602205135","-0.061070740"," 0.314468295"," 0.42966816","-0.639378678"," 0.0460219198","-0.058426620","-0.459016158"," 0.759937415","-0.2284011368","-0.646019680","-0.371107226","-0.339588186"," 0.7419046192"," 0.353267750"," 0.4932081898"," 0.242507437"," 0.446084714"," 0.1800288128",5,4,"Staurosporine"
"Staurosporine_H8"," 0.107034901","-0.50425428","-0.300427346"," 0.260268429"," 0.491204839"," 0.165409304","-0.8708591264"," 0.709403542"," 0.240194830","-0.2240659454","-1.728167e-02"," 0.370418717"," 7.013768e-01","-0.17286456","-0.453583550","-0.281335965"," 0.48083737"," 0.3000967088"," 0.583408874","-0.4561412633"," 0.096403858"," 0.563830625"," 0.219941083","-0.22943037","-0.54282035","-0.738951600","-0.014933293"," 0.618668011","-0.885241049","-0.404843211"," 0.5017220640"," 0.494858740"," 0.684774023"," 0.549988872"," 0.47270778","-0.510836308"," 0.0625030871"," 0.171808324"," 0.104828261"," 0.044503143"," 0.3659025036"," 0.324027926","-0.299574119","-0.218255380"," 0.8679834764","-0.504364766"," 0.1517642496"," 0.347962440"," 0.267345930"," 0.3033074341",5,4,"Staurosporine"
"Staurosporine_H10"," 0.178203271","-0.31637549","-0.165419791"," 0.567391585"," 0.038912679"," 0.160787262","-0.8625891339"," 0.539555188","-0.066162873","-0.1741855024"," 8.508720e-02"," 0.467621109"," 4.305420e-01","-0.28372740"," 0.138538425","-0.159162393"," 0.31118749"," 0.2043296891"," 0.271007371","-0.2162743287"," 0.088147164"," 0.357787184"," 0.554204380","-0.77065030","-0.28601906","-0.567901743","-0.026222706","-0.727023726","-0.875348565"," 0.132630078"," 0.2138467012","-0.125656616"," 0.723490334"," 0.248439552"," 0.35148928","-0.160764119","-0.1471677285"," 0.758268023","-0.010846951","-0.385388831"," 0.3818183292","-0.292587674"," 0.256207874","-0.260217931"," 0.3834037569","-0.470185305"," 0.1274782525"," 0.456090129"," 0.320591218"," 0.2858707639",5,4,"Staurosporine"
"Staurosporine_H12"," 0.897049551","-0.14997383","-0.671407232"," 0.869703363"," 0.093618825"," 0.321095250","-0.4968765445"," 0.368502960","-0.072826587"," 0.3447915878"," 6.396202e-02","-0.288278209","-5.402333e-01","-0.09846165"," 0.223328512"," 0.069934039"," 1.40372350"," 0.3872587253"," 0.022264381","-0.1746092334","-0.394461093"," 0.373700232"," 0.680194680"," 0.07824448","-0.66117620","-0.507272674","-0.597607244"," 0.313551368","-1.068382827"," 0.381434877"," 0.1815900898","-0.252151704"," 0.643554862","-0.152787987","-0.23446345"," 0.064696398","-0.4085707143"," 0.343082851","-0.694561434","-0.803695759"," 0.5157839382","-0.141951421"," 0.232874457"," 0.347506482"," 0.2504674115","-0.333200141","-0.6854666544"," 0.618557016","-0.251279873"," 0.2818901042",5,4,"Staurosporine"
"Cyclosporine_H1"," 0.534321570","-0.31763037","-0.019127933"," 0.351592625","-0.598749750","-0.072962697"," 0.8582395208","-0.618310208"," 1.011293231"," 0.5536918648"," 3.668849e-02","-0.038759110","-7.432916e-01","-0.09113152","-0.352574549"," 0.276466361"," 0.53334317","-0.1292843193","-0.056557642"," 0.0004283695","-0.315848172","-0.482834482","-0.350059504","-0.39208312"," 0.85397466","-0.035305801"," 0.003949102","-0.050927536"," 0.428755611"," 0.041590570"," 0.9042688301","-0.549490755","-0.025175146","-0.320849699"," 0.35800914","-0.008889063","-0.3585328669","-0.235905602","-0.588648464"," 0.414815060","-0.1476513488","-0.642492254","-0.248407800","-0.963428418"," 0.2220170306"," 0.454601846","-0.0364205546"," 0.134264710","-0.063035787"," 0.0819549335",6,5,"Cyclosporine"
"Cyclosporine_H2"," 0.439474375","-0.24035186","-0.111764606"," 0.066956529"," 0.459584273"," 0.235279170"," 0.5309351879","-0.209887702"," 0.820602308"," 0.3747455503"," 9.899772e-02"," 0.128060625","-2.537130e-01","-0.07206720","-0.017825376","-0.066576384"," 2.39853461","-0.2311416695"," 0.001231259"," 0.1499717675","-0.093847001","-0.104181123","-0.272796983","-0.22142955"," 0.16189521","-0.104856702","-0.045612977","-0.018334511"," 0.281615743","-0.293555556"," 0.5884364153","-0.359128730","-0.027810496","-0.231042493"," 0.04455787"," 0.026028574","-0.1564621043","-0.417178372","-0.196589129"," 0.407085014","-0.2097764658","-0.243804826","-0.013069542","-0.753553010"," 0.0012386514"," 0.251098053"," 0.0095781844","-0.046863027"," 0.182856191"," 0.0970890367",6,5,"Cyclosporine"
"Cyclosporine_H4"," 0.947934758","-0.47777351","-0.258404993"," 0.271729244"," 0.168482062","-0.140183530"," 0.5720021036","-0.434260101"," 0.138430164"," 0.2589623617","-1.537388e-02"," 0.174246859","-5.617083e-01","-0.02071482","-0.531959743"," 0.373435115","-0.02225192","-0.3496186456","-0.165409475","-0.2489467499"," 0.247240544","-0.347097192","-0.148700622","-0.48192643"," 0.31268013","-0.118536201","-0.078506122"," 0.140221479"," 0.206497838","-0.127989883"," 0.6824334588","-0.360308675","-0.039029043","-0.097032104"," 0.15803175","-0.103588619","-0.3053732604","-0.122811052","-0.271476573"," 0.320058011","-0.7928143789","-0.439476249","-0.345514223","-1.203844624"," 0.2596530114"," 0.713014475"," 0.1283489539"," 0.153889092","-0.128515718","-0.1660990419",6,5,"Cyclosporine"
"Cyclosporine_H6"," 0.097244376","-0.06202557","-0.152834744"," 0.138493752"," 1.548381587"," 0.313266210"," 0.3368010081","-0.229945884"," 0.715920002"," 0.7520922343"," 1.235790e-01"," 0.478788201"," 1.143359e-02"," 0.46122859","-0.446316963"," 0.229433523"," 0.42453016"," 0.1659538531","-0.273719238"," 0.0334422752"," 0.001006265"," 0.196857882","-0.621033282","-0.68138704"," 0.94547548","-0.192524303","-0.211541264","-0.401020227","-0.186724553","-0.646028090"," 0.6087742909"," 0.892652717","-0.221213486","-0.154420046"," 0.54563196"," 0.054072978"," 0.1324635331","-0.027879948","-0.499047918"," 0.459766670","-0.4406217759","-0.190721093","-1.281399292","-0.612360511"," 0.3756577216"," 1.095250226"," 0.2355121718","-0.068989530"," 0.034490231"," 0.2546351331",6,5,"Cyclosporine"
"Cyclosporine_H8"," 0.191241732","-0.24655648"," 0.034053602"," 0.226891753"," 0.370403737"," 0.160280176"," 0.6751477823","-0.505120709"," 0.887189978"," 0.6111092999"," 6.131415e-02"," 0.472749064","-1.097054e-01"," 0.40509547","-0.460358801","-0.181980593"," 0.20548743","-0.0190590208","-0.473423386","-0.2106858523"," 0.219619300","-0.125165436","-0.765208036","-0.47061947"," 0.81754766","-0.269591518"," 0.058295029"," 0.012912096"," 0.279610676","-0.216892141"," 0.9106576393","-1.242450104"," 0.189794323","-0.215100090"," 0.67345755","-0.362295947"," 0.0001095511","-0.182483788","-0.694455205"," 0.488253743","-0.1537218003","-0.493421753","-0.543536489","-0.615715099"," 0.7368070043"," 0.924135761"," 0.3969853095"," 0.199500502"," 0.203225849","-0.1792813931",6,5,"Cyclosporine"
"Cyclosporine_H10"," 0.041424394","-0.18460713","-0.141954576","-0.025512784","-0.577000837"," 0.095479767"," 0.4565596620","-0.285738162","-0.888085043","-0.0389522242","-2.755299e-05"," 0.560971701","-9.911760e-01","-0.26952995","-0.345399317"," 0.038988467","-0.18486625"," 0.0352318651","-0.098025346","-0.1714412442"," 0.188013965","-0.335842777","-0.317785538","-0.03980896"," 0.21581124","-0.019406002"," 0.113773396","-0.188365301","-0.041494484"," 0.101182623"," 0.5224503116"," 1.076352749","-0.011209311","-0.686466489"," 0.21049606","-0.193284688","-0.4373431801","-0.212757592","-0.634811173"," 0.476858840","-0.0984575766","-0.207300949","-0.668750967","-0.711224564","-0.0931955010"," 0.034024507"," 0.1726433034"," 0.001299007","-0.051791741","-0.1189676399",6,5,"Cyclosporine"
"Cyclosporine_H12","-0.036182249","-0.32103885","-0.027635873"," 0.009696094","-0.546030211"," 0.047681246"," 0.5418580781","-0.386948918"," 0.787684362"," 0.1376658164"," 2.567451e-02"," 0.301506000"," 1.513714e-01","-0.24428952","-0.247212185","-0.196149922","-0.19107037"," 0.0517896545","-0.057432346","-0.0098952990","-0.077271815","-0.608928930","-0.345809057","-0.54077752"," 0.30643459","-0.167736866"," 0.198243158"," 0.622942624"," 0.086700881","-0.026817384"," 0.8362334266"," 1.905099677"," 0.068354902"," 0.015544407"," 0.20801773","-0.111688344","-0.3521057173","-0.369372097","-0.591677085"," 0.462882428","-0.8796582555","-0.497725493","-0.395527360","-0.952623256"," 0.4881952789"," 0.131809898"," 0.3076288982","-0.137465012","-0.158354127"," 0.1842434822",6,5,"Cyclosporine"
"Cyclosporine_H14"," 0.240327360","-0.26276193"," 0.039200342","-0.396092399"," 1.079522676"," 0.158370175"," 0.3423684816","-0.215522872"," 0.634491646","-0.3063227830"," 1.066702e-01"," 0.509495420"," 4.284675e-01"," 0.02271504","-0.466938664","-0.249376052","-0.17446317"," 0.0484043608","-0.242936526","-0.1441579915","-0.049854105","-0.503902599","-0.604063051","-0.44543022"," 0.05567250","-0.265651859"," 0.037082630"," 0.344149002","-0.036314951","-0.158360819"," 0.4771608593"," 0.911505789","-0.185368283","-0.167630476"," 0.32156310"," 0.047507677","-0.2565025271","-0.199502854","-0.276714414"," 0.868110687","-0.5614222236","-0.393717561"," 0.145908342","-1.128336231"," 0.1599606032"," 0.322012181"," 0.2907520879","-0.072555389"," 0.186265437"," 0.0715330982",6,5,"Cyclosporine"
"Colchine_H1"," 0.139473029","-0.15298956"," 0.403854158"," 1.276167983","-0.947654269","-0.046219912"," 0.3861502737","-0.953940954","-0.195846122"," 0.3305050796","-2.774540e-01","-0.111242732","-1.794988e-01","-0.10905529","-0.239889677"," 0.043484238"," 0.51722830"," 0.6271591246"," 0.009957927"," 0.1324549123","-0.015425519","-0.613349489","-0.344198877","-0.02654832"," 0.06416122","-0.310223959"," 0.096803335"," 0.187072576"," 0.263162245","-0.642026377"," 0.1023418652","-0.415951455","-0.354109296","-0.156422338"," 0.32814474","-0.162957356","-0.1613477293"," 0.232164160","-0.028682864"," 0.356034913"," 0.2286435028","-0.483420415","-0.046892813"," 0.133831041","-0.1467210796"," 0.746916962"," 0.0981316562"," 0.177471656"," 0.039463697"," 0.2041389200",7,6,"Colchine"
"Colchine_H2"," 0.390493278","-0.03130944"," 0.101005553"," 0.419731486","-0.755277016","-0.187857096","-0.0066210832","-0.478202152","-0.252976418"," 0.1059328564","-2.168370e-01","-0.121346287"," 8.400463e-05"," 0.02368665","-0.259651414","-0.023587092","-0.72233058","-0.0136593474"," 0.012236324"," 0.0601342235","-0.043855209","-0.138744033","-0.114814631"," 1.08162535"," 0.07482878","-0.210856650","-0.193098766","-0.001729327","-0.098539544","-0.336966165","-0.0622681665","-0.493737015","-0.135964769","-0.026349436"," 0.01323937","-0.235683357","-0.0687264322"," 0.319432536","-0.014569681","-0.089152529"," 0.1575859774","-0.009721513","-0.453754202","-0.087239654"," 0.1290880554"," 0.326543400"," 0.2038988320"," 0.055807730","-0.170248940","-0.0005861461",7,6,"Colchine"
"Colchine_H4"," 0.043622631","-0.07800997"," 0.060784888"," 0.710773690","-0.649978846","-0.088773160","-0.2805498312"," 0.822713146","-0.391630702"," 0.1141545599","-1.883436e-01","-0.299407900","-3.863080e-01","-0.04411301","-0.552525366"," 0.069342911"," 1.98556936"," 0.2111075974","-0.010256706"," 0.0256587689"," 0.161789594","-0.108161357"," 0.063272767"," 0.21303680","-0.11542391","-0.094931583"," 0.532116248","-0.014118552"," 0.094749696","-0.123547708","-0.0435233082","-0.228152981"," 0.143888248"," 0.052746566"," 0.02199396"," 0.321280667","-0.0388800825"," 0.386023068","-0.291973657"," 0.222218830"," 0.3544884479","-0.027672385","-0.238944723","-0.831240845"," 0.2347936363"," 0.057430712"," 0.1076474110"," 0.178234501","-0.259978390","-0.3679897614",7,6,"Colchine"
"Colchine_H6","-0.047084157"," 0.01428753"," 0.020061619"," 0.374309811","-0.008822754","-0.001548718"," 0.0558047354"," 0.424255232","-0.223963834"," 0.2772126922"," 1.129296e-02","-0.269678802","-9.375516e-02","-0.08741328","-0.161218964","-0.161577857"," 0.75376466"," 0.1017360527","-0.045216515"," 0.0238899401"," 0.141707834"," 0.407238008"," 0.067772953","-0.39756959"," 0.01566648","-0.079588660"," 0.471359935","-0.824453304"," 0.035809400","-0.229509679"," 0.2377843820","-1.122268259","-0.184502746","-0.058358009"," 0.15672787","-0.006517744"," 0.0475669777"," 0.081964293","-0.187049967"," 0.052255557","-0.6881867360","-0.076864303","-0.013893598","-0.169357606"," 0.1798944148"," 0.055801493"," 0.1055541984"," 0.063610849","-0.084338962","-0.0183049524",7,6,"Colchine"
"Colchine_H8"," 0.342314809"," 0.05402991","-0.274205889"," 0.479452555","-2.264615783","-0.085846397"," 0.0522233143"," 0.636204713"," 0.295196547"," 0.1286565564","-1.489069e-01","-0.184636755"," 5.210562e-01"," 0.03385067","-0.135885137"," 0.005259816"," 1.15356442"," 0.0436489645","-0.206312319"," 0.2052797954"," 0.073636254"," 0.230293979","-0.250615638"," 0.46923758"," 0.13605744","-0.065806356"," 0.594861208"," 0.247460384","-0.329669717","-0.148464995","-0.1092773970","-1.988357945"," 0.052659323","-0.192267319","-0.19097045","-0.314184491"," 0.0761855908"," 0.338802384","-0.213598050","-0.073106436"," 0.2184428658"," 0.030275654","-0.075988473","-1.050322751"," 0.2399465579"," 0.448486666","-0.1390234757"," 0.011354157","-0.212240486"," 0.0263691404",7,6,"Colchine"
"PMSF_H1"," 0.010929856"," 0.11920304"," 0.286440840","-0.931825776"," 0.902421028","-0.044215718","-1.8977231771","-0.255134546"," 0.346351105","-0.5628659170"," 2.931007e-01"," 0.722863190","-2.078275e-01","-0.09827255"," 0.077638462"," 0.640128812"," 0.29258307"," 0.8283549119","-0.177938987","-0.0311461301"," 0.866934076","-0.680145680","-0.213857006"," 3.84644282","-1.12694112"," 0.056561812"," 0.745572195"," 0.016223437"," 0.233900273"," 0.956079257"," 0.3528481326"," 2.563560599"," 0.217228657"," 0.567847553"," 0.26615608"," 0.004621575"," 0.5297296592","-0.195956916","-0.781154877"," 0.775843729","-0.3747949512","-0.270338089","-0.069425288","-1.758391643"," 0.1511184477","-0.415949085"," 0.0464888570"," 0.617832320"," 0.314158660","-0.4684300227",8,7,"PMSF"
"PMSF_H2"," 0.571197870"," 0.50772710"," 0.236612457","-0.289318523"," 0.120902739","-0.292601783","-0.8386997369"," 0.426742096"," 1.168068416","-0.2358017465"," 2.058361e-01"," 0.517246175"," 3.691546e-01","-0.22301942"," 0.818607611"," 1.654492451"," 0.85347032"," 1.5240822371","-0.266420837"," 0.1927717288"," 1.082786729","-0.189699704","-0.466035331","-1.38929132","-1.02193229","-0.551610968","-0.222260678"," 0.360381865"," 0.517526678"," 0.446383869"," 0.6032027617"," 0.759988147"," 0.244786254"," 0.619258430"," 0.19613816"," 0.272955316"," 0.9048633670","-0.356606904","-0.461710281"," 0.679745136","-2.5187360223","-0.544585008"," 0.453000202","-1.689570300","-0.2146908859"," 0.245898265"," 0.7723752617"," 0.573972467"," 0.390747126"," 0.1460586673",8,7,"PMSF"
"PMSF_H4"," 1.328755524"," 0.55856786","-0.258359429"," 0.244539577"," 0.358815209","-0.364560760","-1.0275592572"," 0.261636053"," 1.097288781","-0.3076845153"," 3.078365e-01"," 0.080015782"," 3.735628e-01","-0.29914901"," 0.769653919"," 1.847424578"," 2.67267570"," 1.1242459779","-0.624141637"," 0.0218548043"," 0.621256430","-0.325559541","-0.669657889","-0.56990103","-1.08711491"," 0.089129218"," 0.482431627"," 0.445545142"," 0.265872499"," 0.260106172"," 0.7105762498"," 0.423436295"," 0.128374279"," 0.676094305","-0.18971303"," 0.251459649"," 1.2153349578"," 1.510791857","-0.027607867"," 0.608731989","-3.0659389108","-0.570296697"," 0.557661532","-1.766578968"," 0.1139983701"," 0.046957631"," 0.6609513084"," 0.766675740"," 0.369424839","-0.2115674380",8,7,"PMSF"
"PMSF_H6"," 1.504749248"," 0.48059442","-1.110344088"," 0.112884235","-0.814499556","-0.615587919","-1.8320487362"," 0.077188300"," 1.132796984","-0.3210374001"," 6.202445e-02"," 0.149016446"," 7.974585e-01","-0.20141652"," 0.696626571"," 1.303150765"," 1.72605929"," 1.2695788673","-0.676706283"," 0.1000795213"," 0.477177116"," 0.030627461","-0.436716843","-0.60954986","-0.96825231","-0.138529110","-0.531912243"," 0.774787294"," 0.331242221"," 0.045348322"," 0.8229971224","-0.103943783"," 0.123024086"," 0.751487854","-1.00040539"," 0.049626521"," 0.3911061764","-0.463234220"," 0.506436592"," 0.491746725","-1.6293336417","-0.595281568"," 0.420423283","-2.569270151"," 0.4122693325"," 0.168590277"," 0.2205360162"," 0.827603376"," 0.208457459"," 0.5396839155",8,7,"PMSF"
"PMSF_H8"," 1.836233386"," 0.07380840","-1.290650719"," 0.142020360","-0.708295466","-0.558928178","-0.9745994518"," 0.178919183"," 1.581226832","-1.1699285283","-1.758687e-01","-0.189180405","-2.573908e-01","-0.38545607"," 0.605503836"," 1.406365214"," 0.68292616"," 1.3667471760","-0.919116954"," 0.3591186423"," 0.256167760","-0.345029816","-0.306027654","-3.41918827","-1.51093653","-0.399501117"," 0.029490662"," 0.330029584"," 0.215400599"," 0.388386697"," 0.9284082310"," 0.899045530"," 0.874683971"," 0.986288703","-1.32569911","-0.051064278","-0.4517709310","-0.391637931"," 0.011263351"," 0.526172624","-2.1584506176","-0.235366567"," 0.237772003","-1.024773883"," 0.8523428061"," 0.027882966","-0.2934216595"," 1.371165333","-0.193965853","-0.0652545079",8,7,"PMSF"
"Leupeptine_H1"," 0.134220514","-0.03709915","-0.027123961","-0.225964603"," 0.756354739","-0.205764771"," 0.8156653095","-0.283645908","-0.226010684"," 0.0409608295"," 1.766238e-01"," 0.148522306"," 2.749465e-02"," 0.21824459"," 0.507395792","-0.467759776","-0.73746548","-0.0860546259"," 0.246846898","-0.0710890843","-0.087566950","-0.701148579"," 0.094436020"," 5.41269832"," 0.44350027"," 0.263399877"," 0.397874289","-0.119386765","-0.443460739"," 0.325075701","-0.0972573120"," 2.497831088"," 0.060876189","-0.018725324","-0.23348954"," 0.204857184","-0.1253969795"," 0.196138440","-0.141001983","-0.208996897"," 1.0880265989"," 0.139254076","-0.110988197"," 0.009635037","-0.2624416366","-0.321669332","-0.0922418701"," 0.048819607"," 0.053551430","-0.0487781103",9,8,"Leupeptine"
"Leupeptine_H2","-0.126360703","-0.24803713"," 0.076351760","-0.067536499"," 1.235432753"," 0.095887077","-0.1728568011"," 0.396448116"," 0.113985880","-0.0964173973","-8.016070e-02"," 0.232868154"," 2.219783e-02","-0.01498185"," 0.058708626","-0.031216582","-0.96666943","-0.0784563059","-0.099617215"," 0.2132019012"," 0.183035360","-1.114752761"," 0.064789342"," 0.06565117","-0.07487721","-0.042793248","-0.767686546"," 0.178859930"," 0.170908768"," 0.239160920","-0.0166724012"," 2.244319343"," 0.001405488"," 0.114357099","-0.08541856","-0.081885616","-0.1738713959"," 0.114586779"," 0.009207985"," 0.015507067"," 1.2183225341"," 0.158306314","-0.043504375","-0.240709251"," 0.0415130344"," 0.026076594"," 0.0398841637"," 0.053121992","-0.006832737","-0.0078819266",9,8,"Leupeptine"
"Leupeptine_H4"," 0.120944387"," 0.19395502","-0.048883045","-0.122182491"," 1.171673364"," 0.193736237"," 1.3698873957","-0.459866845","-0.095506849","-0.0847212352"," 3.505507e-02","-0.139134729","-1.710000e-01","-0.01504191","-0.027770400","-0.031943361","-1.65145111"," 0.0225012825"," 0.067793022","-0.0262699212","-0.312981357","-0.182496806","-0.268151269","-1.17225111"," 0.22179388"," 0.275510467","-0.283288799","-0.138422377","-0.358390374","-0.206263817"," 0.1390274262","-0.490749262","-0.177106838","-0.025922044"," 0.05261353"," 0.055837182"," 0.2371580502"," 1.917517935"," 0.283789027"," 0.098580057","-0.6085715734","-0.219502183"," 0.057375756"," 0.020958981"," 0.0461410379","-0.050171197","-0.0010225999"," 0.120659167"," 0.075117566"," 0.1143838681",9,8,"Leupeptine"
"Leupeptine_H6"," 0.050214031","-0.27238158","-0.114437687"," 0.090396577","-0.454681498","-0.029177337"," 0.1455777753","-1.550566929"," 0.243379444"," 0.2478771973","-5.755810e-02"," 0.157708889"," 2.655696e-01"," 0.22195618"," 0.045143940","-0.284921483","-1.11723172","-0.1443647173"," 0.050042293"," 0.1377651175","-0.435860043"," 0.254233764"," 0.077802019"," 1.55414261"," 0.25060226","-0.015180842","-0.881232380"," 0.030610172","-0.087327106","-0.082836190"," 0.1391507988","-0.982218729","-1.817967849","-0.039250130","-0.03851279","-0.110328317"," 0.0385103025"," 0.067895180"," 0.104247249","-0.204638393"," 0.2700166162","-0.104531046","-0.045957662"," 0.351611798","-0.1023788108"," 0.286866870"," 0.0449820148","-0.042142973"," 0.024330947"," 0.4131805664",9,8,"Leupeptine"
"Leupeptine_H8"," 0.269760867","-0.23449863"," 0.218587301"," 0.344572914","-0.474368985"," 0.119080746"," 0.0628958284","-1.439116141"," 0.648959874"," 0.0387886244","-6.935570e-02","-0.002650383","-2.008119e-01","-0.03445676","-0.072552128","-0.042179178"," 0.10841354","-1.4573520606"," 0.015353652","-0.0163359866","-0.171826246"," 0.058210476","-0.030471101","-1.63193451","-0.38626470","-0.009098229","-1.036699560"," 0.013564859","-0.035508815","-0.160864452"," 0.2191252816"," 0.317605722"," 0.353338662","-0.012071834"," 0.38547365","-0.129686790"," 0.0895779402","-0.030146950"," 0.128860601"," 0.028035750"," 0.8792798045","-0.123855275"," 0.193165030"," 2.303088442","-0.1562286544"," 0.629349023"," 0.0876877389"," 0.104634918","-0.178511999","-0.0450265556",9,8,"Leupeptine"
"Apicidin_H1","-0.106116930","-0.38565346"," 0.114728596"," 0.012426441","-0.023230245"," 0.524002553","-0.3399180906","-0.084711913","-0.131452895"," 0.5379452546","-2.839852e-02"," 0.240396545"," 2.863321e+00"," 0.83674685"," 0.037359370"," 0.117718080"," 0.31034682"," 0.6967740006"," 0.023412706"," 0.1691715143"," 0.317451852","-0.651881570"," 0.228392167"," 0.52776052","-2.10230381"," 0.092129188"," 0.067596013","-0.137504352"," 0.127530698"," 0.049777499","-0.7566065801"," 0.161427835"," 0.130548534","-0.058450886"," 0.33743794","-0.975569420","-0.4398151141","-0.056287746","-0.277841485"," 0.175977715"," 0.2396286688"," 0.578050695"," 0.073367584","-0.402159929"," 0.4684019371","-0.041744869"," 0.2230235502"," 0.118340009","-0.367604753","-0.3045698140",10,9,"Apicidin"
"Apicidin_H2"," 0.222983623"," 0.22864082"," 0.047734118"," 0.180311711","-0.377057805"," 0.064318647"," 0.1466809682","-0.071220977"," 0.314804537"," 0.2003038535"," 2.543289e-01","-0.010404451"," 2.489296e-01","-0.23277073"," 0.074334706"," 0.208904981"," 0.23108506","-0.2563020005"," 0.106740899"," 0.0307763844","-0.307492113","-0.028816000","-0.167280887"," 0.04946379"," 0.05919705","-0.059106070"," 0.089180834","-0.124239770","-0.089903050"," 0.040918792"," 0.0621243365"," 1.699133526"," 0.092560675"," 0.088041208"," 0.21271822"," 0.257617131"," 0.0284447905","-0.114019204"," 0.155583447"," 0.088142968","-2.8397521643","-0.058869212"," 0.156761087","-0.187265975"," 0.0163349460","-0.152682119"," 0.1952622036"," 0.085437231"," 0.294558038","-0.1199081835",10,9,"Apicidin"
"Apicidin_H4"," 0.212014410"," 0.12834096"," 0.130322138"," 0.074252368"," 0.244857112"," 0.424903226","-2.3836505119"," 0.054418739"," 0.250165992"," 0.2375122874","-4.889962e-02","-0.104864066","-1.872437e-01","-0.05007718","-0.101911456"," 0.235450869"," 0.48358651","-0.0603930569","-0.033529306","-0.0888311597"," 0.054166368"," 0.005270804"," 0.165083977"," 0.23355850"," 0.07181638"," 0.091710401","-0.130422657","-0.006186897","-0.020240747","-0.003171246"," 0.0157105043"," 1.473803160"," 0.050496662"," 0.083800529"," 0.14803317"," 0.005416684"," 0.0645282394"," 0.044294943"," 0.200066856","-0.105310456","-2.0990793610"," 0.081146374"," 0.220362232"," 0.419552093"," 0.7096140749"," 0.157291738"," 0.0089846172"," 0.078385053","-0.096015427","-0.5911801022",10,9,"Apicidin"
"Apicidin_H6"," 0.111595306"," 0.24865115"," 0.006989802"," 0.385923610","-0.116583419"," 0.349294654","-0.3389115522"," 0.031611474"," 0.279001233"," 0.0295358493"," 9.980306e-02"," 0.189323996"," 2.068517e-01"," 0.39111169","-0.002748009"," 0.238737407"," 0.30069983"," 0.4994032565"," 0.261035443","-0.0246508994","-0.150214444","-0.309056789"," 0.101604314","-0.36348859"," 0.16003463"," 0.072392637"," 0.084644483"," 0.055421200","-0.031295548"," 0.027585335","-0.0663306804","-1.364906628"," 0.152471475"," 0.073700761"," 0.08162083"," 0.029559544","-0.1452639832","-0.056688102"," 0.094902201"," 0.049390062","-1.4418561878","-0.074575346"," 0.029183860"," 1.097151534","-0.0577544456","-0.168613662"," 0.1166880012"," 0.176168589"," 0.089413165","-0.2999894461",10,9,"Apicidin"
"Apicidin_H8"," 0.185332283","-0.12803071","-0.125623344"," 0.100764764"," 0.058600634"," 0.277069569","-0.8750008070","-0.195340146"," 0.230931288","-0.0003993728","-4.059426e-02"," 0.026225271"," 2.276716e-01"," 0.05860125","-0.131073412"," 0.144497253"," 0.02042737","-0.1760834826"," 0.158214892","-0.0580863612","-0.029853513"," 0.082310152","-0.054461980","-0.40576762"," 0.22204345"," 0.054869201","-0.133546244","-0.123780618","-0.218918297","-0.015505962","-0.0550728199","-0.013552160","-0.041377209"," 0.026968922","-0.10529933"," 0.034238504"," 0.0513564785"," 0.086818635","-0.066848241"," 0.059854514","-2.1700775745"," 0.092163717","-0.032470091","-0.919733496"," 0.1572336957"," 0.094531942"," 0.0454953840"," 0.125437024"," 0.049532351","-0.2853205822",10,9,"Apicidin"
"Apicidin_H10"," 0.358573445"," 0.24198340","-0.012127554"," 0.477181557"," 0.180391725"," 0.044389115"," 0.2045275905","-0.075428211"," 0.090051272"," 0.1922578996"," 1.253480e-01","-0.150327333"," 1.865372e-01"," 0.41621616"," 0.408454128","-0.129332032","-0.03902539","-0.0448418399"," 0.093985980"," 0.1153453797","-0.078136184"," 0.197059402","-0.024515086","-0.81408213"," 0.61923487"," 0.005957120","-0.177062604","-0.169076606"," 0.062309463","-0.149488362"," 0.1893335721"," 0.252253447","-0.121638010","-0.126098445"," 0.08694159"," 0.192416939"," 0.0498941053"," 0.035039216"," 0.147942886","-0.051934539"," 2.9224781558","-0.125479542"," 0.415942661"," 0.293980784","-0.0072587133"," 0.036126515"," 0.0851943105"," 0.016060088"," 0.081787829"," 0.4173485301",10,9,"Apicidin"
"Trichostatin_H1","-0.631435002"," 0.25660555"," 0.865147490"," 0.036020483","-0.003106470"," 0.249238311","-2.1038817313","-3.510955988"," 0.360978267","-0.0175759122","-1.252498e-01"," 0.786448497"," 9.181470e-01"," 0.02941299","-0.844357998","-0.073101136","-1.07126241"," 1.0841404340","-0.486700096"," 0.2814761014"," 0.827268962"," 0.848425935"," 0.543850093","-1.35220929"," 0.11422835","-0.059732357","-1.054905961","-0.379103530"," 0.238246240"," 0.140759235"," 0.3083136450","-0.108602734","-0.790642245"," 0.378462792"," 0.71826027"," 0.197514786"," 0.0552648001","-0.497655575"," 0.323096289"," 0.909585497"," 1.6418760099"," 0.336311162","-0.363440665","-2.117785834"," 0.6598979124"," 0.378681127"," 0.4978248199"," 1.837868893","-0.027670890"," 1.1208015928",11,10,"Trichostatin"
"Trichostatin_H2","-0.558716362"," 0.38117605"," 0.698739963"," 0.362521509","-0.579268671","-0.086107594"," 0.0044568323"," 0.058218405"," 0.934568862","-0.0349646920","-5.865181e-01"," 0.350138104"," 4.333690e-02"," 0.74300668"," 0.158418267","-0.644710858","-0.27237126"," 0.6324671578","-0.473172035"," 0.0042268675","-0.100813323"," 0.795985707","-0.808440612","-0.95430777"," 0.16132344","-0.040404403","-0.603826986","-0.141524190"," 0.009895266"," 0.069752170"," 0.1472426561"," 2.160914553"," 0.113396465"," 0.198669257"," 0.23367988"," 0.079852463"," 0.4855152817","-0.365543312"," 0.629706344"," 0.202908613","-2.1082718008","-0.138349078"," 0.349649990","-1.161740657"," 0.3345909849"," 0.117054213"," 0.1674679567"," 2.069131520","-0.074127527"," 0.7447705261",11,10,"Trichostatin"
"Trichostatin_H4"," 0.284808842"," 0.18476504"," 0.310684404","-0.274813715","-0.387862597","-0.442267969","-0.6651722672"," 0.239270422"," 1.019903307","-0.2926126232","-2.050277e-01"," 0.900630920","-1.238469e+00"," 0.88992957","-0.236398743"," 0.139240981"," 0.58134995"," 1.5100382182","-0.503976114"," 0.0719690941"," 0.548175810"," 0.932061789"," 0.014654459","-0.56456707","-0.26046250","-0.074414480","-0.325992094","-0.507600709","-0.075236604"," 0.012881753"," 0.3299504947","-0.638838514"," 0.048871936","-0.050201135","-0.37609752","-0.335600427"," 0.3578040337","-0.239289625"," 0.026875852","-0.055430003","-0.9168049297","-0.150360529"," 0.574819965","-0.185615994"," 0.5949990913","-0.023548710"," 0.0727552179"," 1.594681789","-0.096376136","-0.0718541497",11,10,"Trichostatin"
"Trichostatin_H6","-0.291943248"," 0.03434118"," 0.083367489"," 0.315234017","-0.499608284","-0.428401096"," 0.5557788941"," 0.036302868"," 0.777790181"," 0.1575782167","-3.616861e-01"," 0.426787815","-2.970312e-01"," 0.91778883"," 0.206338023"," 0.248587938","-0.42916820"," 0.8476458734","-0.468672663"," 0.1251079492","-0.144683955"," 1.740780696","-0.812144177"," 0.17913068","-0.08681562","-0.035503284","-0.496368824"," 3.601403794","-0.581290864"," 0.207910372"," 0.1855641182","-0.220822015"," 0.193739060","-0.098939048","-0.07685575","-0.165744864"," 0.3447272435","-0.006156540"," 0.366053336","-0.378484171","-1.9695494441","-0.133939596"," 1.738911334"," 0.466796723"," 0.7113585860"," 0.328266156","-0.0164752526"," 1.420970745"," 0.017125590"," 0.3433664844",11,10,"Trichostatin"
"Trichostatin_H8","-0.167446273"," 0.01564661"," 0.462180548"," 1.036689282","-0.094795813","-0.180485936","-0.6366377824"," 0.322281321","-0.031519838","-0.0862875647"," 5.766579e-03"," 0.451551023","-3.594913e-02"," 0.07805134"," 0.288053416"," 0.613691195"," 0.57946269"," 0.7417386532"," 0.186576295"," 0.3117227407","-0.234053316"," 0.976199637"," 0.048806143"," 0.97501088"," 0.39744027"," 0.721493496","-0.549629217"," 0.121457431","-0.474704772","-0.327460958"," 0.7140342361","-0.382858287","-0.015788579","-0.362661184"," 0.10782081","-0.140209929","-0.1833129435"," 0.065301341"," 0.039254718","-0.845873924"," 0.8659511687","-0.105156513"," 0.397569032"," 1.269219971","-0.1548979845"," 0.015180788","-0.3014193992"," 0.702262788"," 0.310958258","-0.2912936252",11,10,"Trichostatin"
"Trichostatin_H10"," 0.249969566"," 0.30368328"," 1.895970326"," 1.052610106"," 0.677224333","-0.857080573","-2.7986705982","-0.090839423"," 0.388078205"," 0.1939575496"," 7.966816e-02","-0.285038409","-5.934020e-01"," 0.82944140"," 0.452213084"," 2.158461352"," 1.97329247","-0.3495410680"," 0.400876847","-0.8969482020","-0.219034931","-0.348281474"," 0.464307664"," 0.27963635"," 0.76475697"," 1.732731361"," 2.724704878"," 2.087829741","-0.835150469","-0.401564139"," 0.4084058949","-0.138044939"," 0.281393853","-1.537844489"," 0.68062499","-1.034340064","-0.3640616424"," 0.443034194"," 0.411313046","-1.556044038"," 0.4878648848","-0.875446236"," 0.093583394"," 1.421004732","-1.5288206923","-0.241109304","-0.6855787807"," 0.926674930","-0.227833918"," 0.0671175198",11,10,"Trichostatin"
"Quinine_H1","-0.154976180"," 1.17447656","-0.089348358","-0.027044347"," 0.278466481","-0.295673831"," 0.0143396954","-0.060897291","-0.137941798"," 0.1374924445","-1.620041e-01","-0.030116374","-8.963921e-02"," 0.11751721","-0.162646847","-0.216227939","-0.14999378"," 0.3499702270","-0.503658864"," 0.2384254601"," 0.392191919"," 0.024609997","-0.319200691","-0.35639242","-0.60141891","-0.666211646"," 0.068367075"," 0.091986357"," 0.147437905"," 0.322409248","-0.5545050754"," 1.034873672"," 0.063244832"," 0.214942441","-0.49233648"," 0.055391438"," 0.0831835025"," 0.052412545","-0.356289718"," 0.159318849","-0.4232316368","-0.416975346","-0.316488575","-1.313968867"," 0.1993528578"," 0.304048212","-0.2105417116"," 0.398851150"," 0.190396761"," 0.2198281061",12,11,"Quinine"
"Quinine_H2","-1.246044623"," 1.16904561","-0.772437706","-0.620081029"," 0.355823269","-0.204571755"," 0.1002248818","-0.402236566","-0.015392012"," 0.2771960010","-8.093278e-01"," 0.291478532"," 2.599227e-01"," 0.11530719","-0.975240700","-1.114650546","-0.59435242"," 0.1716092838","-0.939724020"," 0.4580792008","-0.482013955","-0.721556798","-0.944296396","-0.91504153","-0.68158462","-0.908945432"," 0.043048335"," 0.305768728","-0.076765806","-0.071653419","-0.7359084310"," 0.590820214"," 0.178675659"," 0.333419466","-1.44327117"," 0.334000939","-0.2572850280"," 0.359584068","-0.638103709"," 0.214791367","-0.6472005201","-0.470093996","-2.006250073","-2.284363870"," 0.0201398528"," 0.265048763","-0.2774978739"," 0.213465654"," 0.252071191"," 0.2055852069",12,11,"Quinine"
"Quinine_H4","-1.188802424"," 0.28225925"," 0.018684855","-0.449176177"," 0.611826707","-0.004413790","-0.0191756216","-0.148982592","-0.002636156"," 0.0836806711"," 3.262806e-01"," 0.271651863"," 3.344625e-03","-0.16096226","-1.078306102","-1.125047008","-0.22092518"," 0.2793867180","-0.353762375"," 0.1850673390","-0.423004847","-0.932659565","-1.102285540","-0.47317621","-0.43866739","-0.174418312"," 0.244782161","-0.078116583"," 0.211466634","-0.207479059","-0.1077864252"," 0.369404455"," 0.390925278"," 0.298202053","-0.81235758"," 0.103482657"," 0.0357057013"," 0.057181712","-0.772466399"," 0.488711774","-0.3786594042"," 0.166002922","-1.366742401","-1.398686586"," 0.4322231704"," 0.047624918","-0.4275865515"," 0.111851600"," 0.478459099"," 0.1320848751",12,11,"Quinine"
"Quinine_H6","-0.911891444"," 0.93187402","-0.360102419","-0.071038669"," 0.398579079","-0.493859520"," 0.0335779916","-0.220810264","-0.077838635"," 0.4763995706","-1.030150e+00"," 0.196269219"," 1.753573e-01","-0.29244820","-0.743579146","-1.166540753","-0.02619485"," 0.3641566080","-0.690022303"," 0.2120766232"," 0.314218670","-0.463613680","-0.285497898","-0.81039561","-0.51288577","-0.463867078","-0.103345021"," 0.327183732","-0.278584785"," 0.078116048","-0.5149932887"," 1.663917322"," 0.131337866"," 0.128978199","-1.02498966"," 0.316296093","-0.0289865081"," 0.438588970","-0.246963009"," 0.376930832","-1.1351584869"," 0.428458158","-1.151940415","-1.336301155","-0.1182339091","-0.001441020","-0.6988026104"," 0.045249564"," 0.225998359"," 0.0055396068",12,11,"Quinine"
"Quinine_H8","-1.236269829"," 0.80503459","-0.323229003"," 0.204603148"," 0.024304951","-0.514051535","-0.2125408752","-0.085708685","-0.468798443","-0.0088054041","-4.741929e-01","-0.147703939"," 1.119943e-01","-0.35751133","-1.068603108","-0.465277690","-0.49615505"," 0.5094591579","-0.879346743"," 0.2032252747","-0.212627775"," 0.010129604","-1.341288308","-0.46691392"," 0.47909247"," 0.181846002"," 0.117516702"," 0.078237279","-0.330000886","-0.511254026"," 0.0241869166","-0.411979001"," 0.253496545","-0.198138183","-1.47273840"," 0.308049084"," 0.1655059004"," 0.243238130","-0.279423420"," 0.122839583","-0.1665449827"," 0.321232642","-1.225534388","-0.849388964","-0.4111308813","-0.006339976","-0.9394288882","-0.335294957","-0.014693257","-0.0802559430",12,11,"Quinine"
"Quinine_H10","-1.243723920"," 0.18400721","-1.391107981","-1.177532164"," 0.495179851","-0.208510704","-0.0450287945","-0.179929655"," 0.215703717"," 0.4939610848","-3.358157e-02"," 0.448935622"," 4.403618e-01"," 0.42182832","-1.721516987","-0.742199776","-0.18773914"," 0.2521041116","-0.204166589","-0.0183126038"," 0.467982158","-0.015187184","-0.671861728"," 0.36144184","-0.58062736","-0.315196454"," 0.289135184"," 0.100280150"," 0.044443974","-0.148930611","-0.8514786809"," 1.802853178"," 0.421013643"," 0.337487677"," 0.06542312"," 0.240658466","-0.0749559919","-0.133294520","-0.205791018"," 0.600784374","-1.0714145608"," 0.225493907","-1.743925782","-1.168797899"," 0.6239744182","-0.339551162","-0.9611286773","-0.133773806"," 0.448533542"," 0.3447237315",12,11,"Quinine"
"Chloroquine_H1","-0.547742624"," 0.03577139"," 0.777687675","-0.813642991"," 0.081785983"," 0.072023980","-0.0408064720"," 0.236192019"," 0.187668054","-0.4771524692"," 1.096633e+00","-0.034201460","-9.425453e-01","-0.84969202","-0.104759484"," 0.463637426"," 0.32263819","-0.6439024619"," 0.351507412","-0.6240501806"," 0.461807089","-0.474300544"," 0.190127308"," 0.05181450"," 0.10323947"," 0.071984288","-0.043690058"," 0.283147040"," 0.511916645","-0.604878148"," 0.4107508104","-0.129452601","-0.003174510"," 0.495709216"," 1.00526409","-0.295545822"," 0.1611252069","-0.313748435"," 0.273244895","-0.246746798"," 0.4389820086","-0.354895831"," 0.867982150","-0.306761843","-0.2324745486"," 0.195839966","-0.2426533133","-0.438141407","-0.040452048","-0.0319940018",13,12,"Chloroquine"
"Chloroquine_H2","-0.766843740"," 0.30741601"," 1.119489479","-0.645715747"," 0.229525413","-0.100562250","-0.1928367509"," 0.294592028"," 0.219886835","-0.3449296238"," 1.493226e+00"," 0.149412659","-2.714793e-01","-0.27104526","-0.497174704"," 0.237549868"," 0.13135404","-0.4363685192"," 0.585947217","-0.4509652530","-0.220723020","-0.402082798"," 0.061486197","-0.17855964"," 0.09073693"," 0.136454281"," 0.139632297"," 0.010651975"," 0.447222527","-1.018366766"," 0.9081330877"," 0.225799425"," 0.156423438"," 0.352017980"," 0.98981705","-0.306596056"," 0.2093479741","-0.250300572"," 0.012744005","-0.132869917"," 0.0614512992","-0.550022548"," 0.171454602","-0.546049168","-0.8709282084"," 0.281432540","-0.0686067628","-0.158819651"," 0.119325538"," 0.0986889677",13,12,"Chloroquine"
"Chloroquine_H4","-0.554334535","-0.02398272"," 1.357247595","-0.524205913","-0.090617916"," 0.149162598","-0.2831333835"," 0.050188810"," 0.298303662"," 0.3181949940"," 4.628015e-01"," 0.037454896","-3.716822e-01","-0.34236547","-0.123479377"," 0.157414407","-0.70466547"," 0.0795035407"," 0.316235804","-0.4049839083","-0.194422551","-0.322026468","-0.014678145","-0.45078441"," 0.23038385"," 0.146367834"," 0.134647571","-0.281577460"," 0.304711013","-0.833059120"," 0.2808077105","-0.136505044"," 0.182709574"," 0.212124727"," 0.91641789","-0.293296147"," 0.1954239751","-0.413643729"," 0.213480098"," 0.038184237","-0.2871241365","-0.173233714"," 0.023330178","-0.664488768","-0.3519394981"," 0.023133968","-0.2503515712","-0.297729216"," 0.068681200","-0.2429043577",13,12,"Chloroquine"
"Chloroquine_H6","-0.240821062"," 0.19811105"," 1.358667290","-0.104409142"," 0.175942670","-0.167897049"," 0.0715549404","-0.106729382"," 0.062064179"," 0.0037669944"," 5.271289e-01"," 0.230252966","-1.608428e-01"," 0.11488827","-0.313133118","-0.178006312","-0.12213514"," 0.0007237533"," 0.245420799","-0.4377752308","-0.203440365","-0.624283169","-0.100540311","-0.24741298"," 0.15301941"," 0.050095262"," 0.189762526","-0.285523871"," 0.011197007","-0.790194079"," 0.2125589817"," 0.012908497"," 0.270141236"," 0.113629635"," 0.95017370","-0.155087149"," 0.0378174546","-0.084309617","-0.037853934","-0.071612258"," 0.0185020472","-0.067868206"," 0.081305828","-0.098617380","-0.3117556028"," 0.014753446"," 0.0202726096","-0.179188377"," 0.180073817"," 0.3309759739",13,12,"Chloroquine"
"Chloroquine_H8","-0.425543869"," 0.23092045"," 1.492036982","-0.119789367"," 0.201193586","-0.141606779","-0.0890612417","-0.178227088","-0.079454738"," 0.2011235670"," 8.915009e-01"," 0.008622820","-9.810381e-02","-0.05593670","-0.024538001","-0.144817389","-0.81758282","-0.1178709624"," 0.097210860","-0.2980139502"," 0.098371153","-0.879454738"," 0.002506124","-0.30913341"," 0.37615616"," 0.019688686"," 0.006646517","-0.294659548"," 0.033979602","-0.488070383"," 0.2239188419","-0.018739148"," 0.175209639"," 0.173087650"," 1.89735797","-0.280334744"," 0.0934133779","-0.083580179"," 0.287704888"," 0.094516629","-0.2349846226","-0.211719435","-0.108776311","-0.269453738","-0.2948755943"," 0.386258270"," 0.1840105692","-0.004650298"," 0.309703134"," 0.1971833130",13,12,"Chloroquine"
"Chloroquine_H10","-0.686890061"," 0.04691292"," 0.697143473","-0.374170739"," 0.066377224","-0.275212852","-0.2265671368","-0.018755330"," 0.384171927","-0.0732196875"," 5.200558e-01"," 0.340551148","-8.040176e-01"," 0.33913180","-0.223367096","-0.099214678","-0.12602125"," 0.0768836000"," 0.135952440","-0.5756560672","-0.021982273","-1.670509894"," 0.057974008","-0.40874741"," 0.01647239"," 0.064520955"," 0.240015962","-0.186028530"," 0.034576551","-0.308282007","-0.1073768743","-0.273421543"," 0.245145774"," 0.259439090"," 0.42101415"," 0.022621133"," 0.1221991506"," 0.144397416","-0.193849125"," 0.197577090","-0.5939651733"," 0.101714720","-0.420176566","-0.645536457"," 0.1144855980","-0.329600455"," 0.1239969041"," 0.094553779"," 0.190195083"," 0.1244595425",13,12,"Chloroquine"
"Febrifugine_H1"," 0.385739270"," 1.47349016"," 0.093566507"," 0.394844476"," 0.108370525","-0.172948589"," 0.1780203960","-0.040977015"," 0.131183663"," 0.0456936616","-2.356782e-01","-0.096187724"," 2.071658e-02"," 0.80312921"," 0.102326644"," 0.397574359"," 0.47643577"," 0.2523203850"," 0.019994691"," 0.0872023385"," 0.277013837"," 0.203833373","-0.094082911","-0.32198787","-0.97157256","-0.744557547","-0.021078061"," 0.080318547","-0.125861848"," 0.262954780","-0.4877906263"," 1.275522767"," 0.029463912"," 0.092184557","-0.26439742"," 0.084113984"," 0.1461495235"," 0.070886473","-0.058031079","-0.144122049","-0.3061568975","-0.280730223"," 0.366241145","-0.677654832","-0.0601653221"," 0.254137313","-0.5281541099"," 0.339770371"," 0.002412559"," 0.2748736635",14,13,"Febrifugine"
"Febrifugine_H2","-0.099853370"," 1.51386588","-0.311861240","-0.361915138"," 0.198062959","-0.403253122"," 0.0601215533","-0.299373030","-0.028257792"," 0.3497468519","-2.017962e-01"," 0.541632335"," 4.568695e-02","-0.01124025"," 0.037999421","-0.122068993","-0.15351432"," 0.2017051128","-0.078566519","-0.3115985314","-0.918764421","-0.164337852"," 1.003471602","-0.66949748","-1.11594909","-0.500103594"," 0.138443346","-0.092682296","-0.055113210"," 0.334577164","-0.5716927861"," 1.856268158"," 0.086331565"," 0.240465111","-0.39117865"," 0.344524764","-0.1702583486"," 0.093103381"," 0.660792482","-0.045011975"," 0.2488489062","-0.457916412"," 0.989202275"," 0.108888171","-0.2774123567"," 0.508258317"," 0.1013094845"," 0.200577863"," 0.100089061"," 0.8230896651",14,13,"Febrifugine"
"Febrifugine_H4","-0.372193737","-0.03369500","-0.414699871","-0.410974879"," 0.230115220","-0.350504979"," 0.2804644879","-0.173476679","-0.174391043"," 0.3308714058"," 3.474276e-01"," 0.304820059","-1.119779e-02"," 0.54804164","-0.002777157","-0.068225912","-0.07751749"," 0.3762859768","-0.241643389","-0.1714644960","-0.233157067","-0.132053790"," 0.488533297"," 0.12835023","-0.82388048","-0.231867810"," 0.105194802","-0.154985833","-0.109489147"," 0.013145183","-0.7562091984"," 1.595126754"," 0.304419034"," 0.098177583","-0.93839457"," 0.145926954","-0.0780591023"," 0.108267120"," 0.299908575"," 0.088805610"," 0.5161992501","-1.291068199"," 0.583864492"," 0.411294110","-0.7335163466"," 0.748228955","-0.5802531305"," 0.041016131"," 0.185188802"," 0.1828480687",14,13,"Febrifugine"
"Febrifugine_H6"," 0.512673221"," 0.20069542","-0.076534472"," 0.026526674"," 0.120959008","-0.536742810"," 0.1840527975","-0.161118009"," 0.238239261"," 0.5148770036"," 2.797329e-01"," 0.254635051"," 3.703109e-01"," 0.65849293"," 0.381951488","-0.340631367"," 0.13108514"," 0.3892013319","-0.129830013","-0.1904232205","-0.794821815","-0.042471753"," 0.808114417","-0.05122531","-0.53545616","-0.610114339","-0.111723725","-0.013355835","-0.208964293"," 0.429376264","-0.4124889270"," 0.965075699","-0.086147346"," 0.030787101","-0.15772626"," 0.497226789"," 0.1645789272"," 0.103859310"," 0.666059410","-0.016080874"," 0.2895883183","-0.047828444"," 0.560622643"," 0.039753999","-0.4858998977"," 0.331134083","-0.0820281946"," 0.088328340"," 0.257192246"," 0.5842304567",14,13,"Febrifugine"
"Febrifugine_H8"," 0.259818948"," 0.79414046","-0.048076738"," 0.120345437","-0.423933765","-0.013891504"," 0.0003545284","-0.082305696"," 0.202367185"," 0.6654860195","-2.322657e-01"," 0.158641444"," 2.032270e-01"," 0.45715112"," 0.517620454"," 0.066445176"," 0.28722516"," 0.5625590640","-0.412576115","-0.1772477016","-0.110876814","-0.180663751"," 0.865264372","-0.39578377","-0.49759623","-0.491234278"," 0.149660063","-0.306715022"," 0.017894351"," 0.367310739","-0.3540495277"," 1.440297787"," 0.272710344"," 0.045419349","-0.65066373"," 0.310317642"," 0.4440169829","-0.190551587"," 0.602948030"," 0.011974943","-0.8110266666","-0.057358285"," 0.419657857"," 0.301846478"," 0.0655925611"," 0.345829139","-0.2738906119"," 0.056931108"," 0.150244876"," 0.3648834020",14,13,"Febrifugine"
"Febrifugine_H10"," 0.049685871"," 0.48768426","-0.442669278","-0.262352950","-0.348310958"," 0.058653445","-0.0663356617"," 0.079589342","-0.233674748"," 0.6024862019"," 5.400914e-02"," 0.234039779"," 5.685582e-01"," 0.17613108"," 0.471559786"," 0.098016471"," 0.17037260"," 0.3809258624","-0.126445171","-0.0083694193"," 0.165666145","-0.407240143"," 0.985522776","-0.29315756","-1.02443604","-0.644373801"," 0.297683175","-0.089245835"," 0.019908087"," 0.091449038","-0.5948390605"," 0.949121883"," 0.613674815"," 0.327034443"," 0.13389155"," 0.257253689"," 0.0193193089","-0.204763094"," 0.532911878"," 0.521328279","-0.5182547016","-0.327550491"," 0.025376699","-1.018883950","-0.8541341063"," 0.085477175","-0.4909499861"," 0.070211564"," 0.508819596"," 0.6570059322",14,13,"Febrifugine"
"Artemisinin_H1","-0.102408951"," 1.20481360","-0.122440451","-0.493860422"," 0.180630523","-0.293439804"," 0.1728170344"," 0.130769818"," 0.231292669"," 0.5392741829"," 6.594687e-02","-0.085064440","-3.528470e-02"," 0.09677241"," 0.196407914"," 0.451795651"," 0.03375973"," 0.3102478671","-0.666408410"," 0.0541554709"," 0.651475463"," 0.259449302","-0.618891241","-0.13601776","-0.67169884","-0.255606751","-0.180130392","-0.339870424"," 0.135357659"," 0.378597871","-0.5779591341"," 2.117934740","-0.044976809","-0.008356121","-0.75007664"," 0.189815748"," 0.2031403749","-0.112136769"," 0.231607231","-0.280156473"," 0.1032283012","-0.435881692"," 0.867261776","-0.951798654","-0.1683006597"," 0.412463444","-0.0706684534"," 0.127360443"," 0.051794656"," 0.4054599130",15,14,"Artemisinin"
"Artemisinin_H2","-0.159547759"," 1.12057659","-0.781886023","-0.737711191","-0.350943216","-0.122786479","-0.3781517196","-0.099942613"," 0.390871328"," 0.7992865899","-2.855845e-01"," 0.371683379"," 1.517153e-02","-0.31632388"," 0.409571138","-0.123331373","-0.30926355"," 0.0703713780","-0.410141648"," 0.0929154606"," 0.331690692","-0.396463749","-0.220782504","-1.17944014","-0.90384254","-0.336013851"," 0.023786388","-0.588223740"," 0.181397586"," 0.850906195","-0.6276617126"," 1.079758113"," 0.348634633"," 0.174951846","-1.05567989"," 0.368098090","-0.1312697080"," 0.067680380"," 0.238806357"," 0.113053427","-0.5166489453","-0.464538582","-0.369208635","-0.945021510","-0.0188955211"," 0.580643291","-0.2220129207"," 0.355791372"," 0.044197061"," 0.0217876278",15,14,"Artemisinin"
"Artemisinin_H4","-0.237972812"," 0.41319611","-0.268262755"," 0.207217867","-0.581720966","-0.074155839"," 0.0126222526","-0.321062195","-0.089358955"," 0.7220697228"," 1.975199e-01"," 0.441124912"," 3.977042e-01"," 0.62043725"," 0.215066399"," 0.250121528"," 0.56207675"," 0.3222404661","-0.162362227"," 0.1884632742"," 0.734203250","-0.097087736","-0.277224145","-0.63002901","-0.24958429","-0.165078773","-0.274423641","-0.245266170","-0.371790859"," 0.214972316","-0.5391458525"," 1.212924582","-0.069351806"," 0.042544483","-0.72030139"," 0.528041227"," 0.2646493187"," 0.138160449"," 0.410455909"," 0.002608074"," 0.7343194500","-0.319521820"," 0.280741360","-0.834851045","-0.4532536930"," 0.705143628"," 0.1010668804"," 0.193381491"," 0.123572543"," 0.0862738926",15,14,"Artemisinin"
"Artemisinin_H6","-0.870419663","-0.12849750","-0.895470472","-0.247640223"," 0.223006239","-0.261546730"," 0.0764554964","-0.325206607"," 0.141480842"," 0.4712823496","-8.356244e-01"," 0.547716697"," 5.836192e-01"," 0.43210829","-0.699030630","-1.306606697"," 0.34368602"," 0.6104029029","-0.428784834","-0.3005261943"," 0.115868619","-0.176398291","-0.120926890","-0.17723629"," 0.15234980","-0.720327761"," 0.110527820"," 0.032613488"," 0.069373787"," 0.299389509","-0.5651518223"," 1.689623237","-0.354489224"," 0.031157622","-0.95867736"," 0.482336462","-0.1515749724"," 0.059125961"," 0.306290211"," 0.239731893"," 0.2536374968","-0.934635194","-0.526587279","-1.432498383"," 0.8045454349"," 0.895799020"," 0.2657489384","-0.108310139"," 0.580306371"," 0.4609066026",15,14,"Artemisinin"
"Artemisinin_H8","-0.030395372"," 0.05327299","-1.486057258","-0.694130231"," 0.891838511","-0.802657915","-0.8439131282"," 0.029985326"," 0.295793394"," 0.7944425863","-3.280293e-02"," 0.437189658"," 1.571380e-01"," 0.03167296","-0.099392621"," 0.012164713"," 0.08298223"," 0.6474107523","-0.798919250","-0.4119599918"," 0.252295152"," 0.053436210","-0.746741582","-0.54080012","-0.13107756"," 0.144372598"," 0.406339573","-1.042279838","-0.138472595"," 0.118754598","-0.4467495514"," 0.858801086"," 0.280313170"," 0.147779252","-1.35831642"," 0.720038794"," 0.1451912653","-0.018115820"," 0.105253128"," 0.257397031","-0.6217378273"," 0.223490652","-1.745145121","-1.391546183"," 0.2904974063"," 0.749444249"," 0.3192076558","-0.060494136"," 0.437223626","-0.1059776698",15,14,"Artemisinin"
"Artemisinin_H10","-0.082502645","-0.14133888","-1.011145423","-1.661082491"," 0.242364875","-0.405998775","-1.7675804799"," 0.258894580"," 0.560048922"," 1.2026780369"," 1.305865e+00"," 0.726191270","-8.486994e-01","-0.16094106","-0.454568599","-0.357115661"," 0.74761998"," 0.7756162000"," 0.188360188","-1.1637853847"," 0.425261653","-0.115843086","-0.177377579"," 0.19073128","-0.10284662"," 0.045207589"," 0.592802408","-0.522028646","-0.728081661","-0.619027037","-0.2564270515"," 1.046909637","-0.175180496"," 0.041339552","-1.20452025"," 0.466308910"," 0.0526798522","-0.775004317","-0.027632947","-0.050555084","-0.0126730906"," 0.354607882","-1.016524190","-0.189085238"," 0.5574905964"," 0.683988139"," 0.2092626330"," 0.027980228"," 0.519099536","-0.6475725569",15,14,"Artemisinin"
"MMV43TP1","-0.465150322","-0.66163415","-1.452641489"," 0.501267498","-0.233526133"," 0.075269566"," 0.5144080364","-0.316486158","-0.216690353"," 0.3652092908","-5.098276e-01"," 0.485617130"," 1.015832e+00","-0.91326730","-0.375661447","-0.175439324","-0.21952929"," 1.2186269494","-0.437946540"," 0.5728335887"," 0.507124158"," 0.243462748","-0.031704732","-0.63633379","-1.33854459","-0.211122549"," 0.723367833"," 0.288963114","-2.677411896"," 1.207804869","-0.6836596315"," 0.726928323"," 0.638344739"," 0.809436781","-2.45684398"," 0.382977624","-0.2046203049"," 0.097252660"," 0.561640893"," 0.411022961"," 0.3702106221"," 0.846487938"," 0.116214671"," 0.199328129","-0.0860099795"," 0.253710832"," 0.5956552050"," 0.611069578"," 0.338604768"," 0.7972246560",16,15,"MMV43"
"MMV43TP2"," 0.118076935"," 0.13839007"," 0.368515126","-0.312918918"," 0.437870152"," 0.105510104","-0.5268281997"," 1.629705087"," 0.508783542"," 0.0211681216"," 4.573690e-01"," 0.591830096"," 2.235774e-01"," 0.30734326","-0.196818318"," 0.411840241"," 0.26250494"," 0.6773227389"," 0.441453739"," 0.2089361681"," 0.040389863","-0.741063137"," 0.319404700"," 0.32329265","-0.29350961","-0.206292457"," 0.152245490"," 0.481721776","-0.293848721"," 0.009280420"," 0.3770449091"," 1.314977243"," 0.171387854"," 0.510207275"," 1.00415380"," 0.375202272","-0.2442782702"," 0.301170302","-0.467914934"," 0.585942062"," 0.0168250006"," 0.003554326","-0.111605957","-0.254417135"," 0.4284278283","-0.391457090"," 0.6527995539"," 0.159078341"," 0.219955880"," 0.4860177111",16,15,"MMV43"
"MMV48TP1","-0.614809998","-0.70366447","-0.403875153","-0.064342057","-0.282820733"," 0.269461051"," 0.3375183905"," 0.075768765","-0.528890153"," 0.4490325875","-4.799651e-02"," 0.106072457"," 2.111788e-01"," 0.11684375"," 0.003770784"," 0.219544124","-0.26248638","-0.0370532573","-0.104043034"," 0.2506960139","-0.058378306","-0.302345816"," 0.203435000","-0.08010986"," 0.29292747"," 0.347948660","-0.192319751","-0.334916854","-2.945437123"," 0.847008064","-0.2738900226"," 0.084822497"," 0.056434036"," 0.607317183","-0.49000247","-0.078860196","-0.1714370771"," 0.010228671"," 0.121312987"," 0.195403522"," 1.2719671348"," 0.076200430"," 0.614680385"," 0.924277010"," 0.1935619328"," 0.117880187","-0.0540166124"," 0.006397278"," 0.141351301"," 0.5804991338",17,15,"MMV48"
"MMV48TP2"," 0.413159412"," 0.09510796"," 0.485069648","-0.246162821"," 0.340655629"," 0.023311678","-0.1570206528"," 1.128993013"," 0.074536715","-0.0313715786"," 2.443424e-01"," 0.199820671","-1.336481e-02"," 0.01492680","-0.278710952"," 0.168096649","-0.10133991"," 0.4951569387"," 0.254060689"," 0.0893656145"," 0.012858849","-0.044120713"," 0.228125548"," 0.19064662","-0.26784624","-0.099564436","-0.146295554"," 0.037588843","-0.568859238"," 0.252469793"," 0.1338650383"," 1.285296532"," 0.046951417"," 0.252826600"," 0.76910511"," 0.356311192"," 0.0438430198"," 0.198363920","-0.391869578"," 0.328491686"," 0.3281695800","-0.045331798"," 0.108035480"," 0.022409532"," 0.2449619459","-0.198828155"," 0.3641562450"," 0.013301207"," 0.179132383"," 0.4086355490",17,15,"MMV48"
"DFMO_TP19"," 1.057722440","-0.90498275"," 1.633967356","-0.518144277"," 0.848323846","-0.244230979","-0.0059991026"," 0.421471548"," 0.361795953","-0.0999209022","-9.347180e-01"," 0.240444332","-3.088439e-01"," 0.21830169","-0.063426941"," 0.145613837","-0.89834240"," 0.2410514024"," 1.023635695"," 0.2882903251"," 0.497459177","-0.787467567","-0.831360522","-0.01771248","-0.58494928","-0.706440988"," 0.207706201","-0.116434952","-0.023981974"," 0.739245284"," 0.2254443619"," 0.184847570","-0.034483992"," 0.287761212"," 0.23638261"," 0.238240067","-0.5649608797","-0.124387027"," 0.045121127"," 0.095328547"," 1.3052372691"," 0.068279152"," 1.239730602","-0.660537485"," 0.3549095152"," 0.157547055"," 0.4957506464"," 0.182837715","-0.034059546"," 0.6087954683",18,16,"DFMO"
"DFMO_TP27","-0.426907398","-0.60915756","-0.930395856","-0.938374693"," 1.899733519"," 0.167721154","-0.3910041660"," 0.291830727"," 0.185306402"," 0.5571494779","-7.466297e-01"," 0.174524695"," 4.160372e-01","-0.46550564","-0.521042512","-0.753157733","-0.02270545"," 0.4806839085"," 1.373573731","-0.2151010635"," 0.659254242","-0.948940058","-0.109346114"," 0.02970099","-1.68968951","-0.965463170"," 0.342179500"," 0.139622257"," 0.254904711"," 0.496573109"," 0.4536579087"," 0.924538665","-0.081680707"," 0.356053561","-0.26107566"," 0.905818403"," 0.2482913963","-0.161811935","-0.070612109"," 0.627182634","-0.0719806031"," 0.439754511","-0.007627319","-0.065467907"," 0.9880935473","-0.073168576"," 0.9539086319"," 0.283129086"," 0.398816733"," 0.8464992036",18,16,"DFMO"
"DFMO_TP34"," 0.132993349","-0.42135035","-3.704243432","-0.867715291","-0.230559878","-0.140225572","-0.2880035194","-0.036349415"," 0.407953669"," 0.5527564513","-1.400494e+00","-0.017415881"," 6.575943e-01"," 0.07210091","-0.855425600","-0.667951124","-0.11508694"," 0.5244722220"," 1.219915079","-0.1212227057"," 0.477823277","-0.636054068"," 0.167438426","-0.09464925","-1.55844750","-1.008700337"," 0.041523636"," 0.256762505"," 0.212593905"," 0.207217745"," 0.5098931227"," 0.126584711"," 0.159439474"," 0.456178868","-3.15623619"," 0.810839074","-0.0621104799","-0.008234905","-0.020038484"," 0.587870996","-0.3108942809"," 0.542795245","-4.128061955","-0.276207669"," 0.7350267903","-0.065228787"," 1.0177108030"," 0.520084723"," 0.116252484"," 1.0244497929",18,16,"DFMO"
"IonoTP1","-0.303496709","-0.16504821"," 0.921571428"," 0.075496610","-0.041222258","-0.072985142"," 0.0486404220","-0.063827855","-0.991562164","-0.0058320161"," 2.572038e-01"," 0.149643659"," 5.333502e-02","-0.03258383"," 0.033945967"," 0.036048966","-0.09057450","-0.1741695852"," 0.496069136"," 0.0497018360","-0.056496093"," 0.168543361","-0.047057766"," 0.10620247"," 0.40122788","-0.204993606","-0.003888195","-0.040518765","-0.025936595","-0.175692217"," 0.2074497346"," 0.011089399"," 0.160325946"," 0.020518937"," 1.11991925","-0.521342691","-0.5098163713","-0.052849155","-0.043140940","-0.027606899"," 0.0099697104","-0.049114159"," 0.369681195"," 0.002287887","-0.0594870832"," 0.024410036"," 0.2791459136"," 0.073468104"," 0.229983845"," 0.2062306664",19,17,"Iono"
"IonoTP2","-0.020934601"," 0.04269025"," 0.373186958","-0.007948337","-0.047703297","-0.012014851"," 0.0251159114","-0.014743449","-2.537759995","-0.0259827176"," 2.363751e-01","-0.035689822","-5.577578e-01","-0.03345902","-0.019199077"," 0.055803621","-0.09809628","-0.1542798041"," 0.188642324"," 0.0087001924"," 0.032290392","-0.050010729","-0.112303929"," 0.03711668"," 0.29848353"," 0.118932872","-0.019501126","-0.053959962","-0.019419145","-0.037546706"," 0.3563196161"," 0.006755387"," 0.019554622","-0.058439383"," 0.67667185","-0.836659248","-0.9313517054","-0.133023830","-0.058883992","-0.092781357","-0.0008595063","-0.017915761","-0.225596253"," 0.055521656"," 0.0340244016","-0.116398122"," 0.0274396636","-0.077456666"," 0.240588290","-0.6028210208",19,17,"Iono"
"IonoTP3"," 0.060431327","-0.19319159"," 0.445834589"," 0.049085645"," 0.062829422","-0.076442328"," 0.0313463464","-0.008892358","-1.257439076"," 0.0307760929"," 3.701497e-01"," 0.530911067","-1.141774e+00"," 0.09081499"," 0.056522777"," 0.255540702"," 0.20391916","-0.0794128400"," 0.377395492"," 0.1056785112","-0.004610651","-0.130177142"," 0.051602988"," 0.14791805","-0.49588542"," 0.226792377"," 0.004630613"," 0.057896951","-0.223581631"," 0.124508082"," 0.1244754330"," 0.272478590"," 0.120775100","-0.079617300"," 1.66070809","-0.321635121","-0.8848491813","-0.284177405","-0.407654530","-0.067321227"," 0.0263020250","-0.024236861"," 1.263585537"," 0.033964355","-0.0253959069","-0.397623095","-0.2399923242","-0.007302336"," 0.049843175"," 0.0157414598",19,17,"Iono"
"IonoTP4"," 0.029733459","-0.47187710"," 1.241414244","-0.093119866","-0.073116479","-0.011736389"," 0.1095482032"," 0.025810379","-1.781208933","-0.6975924430"," 6.420265e-01"," 0.245883506","-5.939339e-01","-0.08261760"," 0.014507627","-0.019803409","-0.12003888","-0.2406145036"," 0.025824556","-0.0037327876"," 0.013344457","-0.067032174","-0.338370249"," 0.10996720"," 0.20264071"," 0.154827879","-0.047507149","-0.054404365","-0.174656965","-0.037380690"," 0.2071945367","-0.080566761"," 0.081708211","-0.171187173"," 2.18954478","-0.774974302","-1.6547790884","-0.025658153","-0.539042865","-0.114185490"," 0.0374579634","-0.011686686"," 0.938733864"," 0.052777038","-0.0721148973"," 0.672855997","-0.2822383176","-0.121448249"," 0.085729953","-0.1161001305",19,17,"Iono"
"IonoTP5","-0.046146647","-1.25951417"," 0.799382734"," 0.023983185"," 0.113168389","-0.082770990","-0.0130319662"," 0.188800913","-1.728970663","-1.1230784683"," 6.985281e-01"," 0.308605389","-1.035778e+00","-0.05027297"," 0.085730192"," 0.025372187"," 0.10183401","-0.3667612750","-0.122920284","-0.0561861230"," 0.136136747","-0.099069809","-0.440275096"," 0.02693716"," 0.08898605"," 0.324262041","-0.047636210","-0.078008455","-0.168858813","-0.154468144","-0.0067367132","-0.489231224"," 0.109176030","-0.183919524"," 2.06431252","-1.600727153","-1.1615081338"," 0.250705064","-0.208239500","-0.095796632"," 0.1751015162","-0.038482515"," 0.616633709"," 0.135143180","-0.1682478025"," 0.907732674","-0.0004322202","-0.089376616"," 0.017011252"," 0.0535854502",19,17,"Iono"
