"","MAL13P1.124","MAL13P1.179","MAL13P1.206","MAL13P1.262","MAL7P1.171","MAL7P1.18","MAL7P1.75","MAL7P1.94","PF07_0074","PF10_0111","PF10_0374","PF11_0079","PF11_0087","PF11_0162","PF11_0214","PF11_0260","PF11_0290","PF11_0435","PF13_0032","PF13_0095","PF13_0170","PF13_0219","PF14_0071","PF14_0112","PF14_0593","PF14_0642","PF14_0713","PF14_0730","PFA0330w","PFB0295w","PFB0920w","PFC0090w","PFC0400w","PFC0760c","PFD0470c","PFE0165w","PFE0430w","PFE0450w","PFE0815w","PFE1280w","PFE1340w","PFE1390w","PFF0200c","PFF0875w","PFF0965c","PFF1150w","PFF1280w","PFL0580w","PFL2055w","PFL2200w","D_class","Class","Compound"
"HDATP1"," 0.433662985"," 0.5515956443"," 0.41888770","-0.3671411713"," 1.0986047434"," 1.187050882","-0.054218921","-0.457378200","-0.389071015","-1.487559756"," 0.360651106","-0.294204417"," 0.301635020","-0.516830830","-0.203295425","-0.0253834277"," 0.668513304","-0.308104350"," 0.201150734","-0.80491905"," 0.317417156"," 0.509321778","-0.2101276035"," 4.570213e-02","-0.3077459455","-1.038829259"," 0.620033954","-0.255077818","-0.001461922"," 0.4137182599"," 0.870640108"," 0.746242952"," 0.325972146","-0.005928679","-0.253557920"," 0.880615369","-0.222908349","-0.593935729"," 0.674259154","-1.365175371","-1.633028e-01"," 0.4444442211"," 0.39835576"," 0.3563599044","-0.478279948"," 0.421092401","-0.635553305","-0.611344225","-0.413034542"," 1.30768437",1,1,"HDA"
"HDATP1.1"," 0.280499154"," 0.1461847853","-0.41935989","-0.2894859560"," 0.7158679690","-0.058054760","-0.131819785","-0.522025311","-0.111138149","-0.633727446","-0.192086718"," 0.224010944"," 0.168115840","-0.523295718","-0.442711350","-0.1149349879"," 0.574073188"," 0.329926137"," 0.466493970","-0.10213417"," 0.387759870"," 0.325873840","-0.2766123472"," 4.050540e-01","-0.0812724550","-0.634430446"," 0.397851621","-0.705360715"," 0.256740357"," 0.5397152189"," 0.249238590"," 0.451847455","-0.238625189"," 0.206776190","-0.030586764"," 0.770591714","-0.014381658","-0.298466210","-0.258748444","-0.564258305"," 1.190556e-02"," 0.1748496199","-0.05209524"," 0.4983639547","-0.148950566","-0.415638803","-1.008338781"," 0.040175970","-0.181543288"," 0.29301562",1,1,"HDA"
"HDATP2"," 0.048089475"," 0.9930801433"," 0.18569011","-0.1402458472"," 1.0212943515"," 0.657141006"," 0.197998040","-0.496400129","-0.626236412","-0.876430172"," 0.336350326","-0.165898715"," 0.227377058","-0.325536560","-0.673523934","-0.2008701571"," 0.895404992","-0.491562924"," 0.166184429","-0.08537403"," 0.126651284"," 0.762477237","-0.0320706501"," 2.585260e-01","-0.2071628043","-1.006491060"," 0.474317856","-0.131707440","-0.379668486"," 0.6124485833"," 1.055087763"," 0.321200863"," 0.085675271","-0.177801575","-0.267457132"," 0.797107494","-0.053630205","-0.443509705"," 0.396614609","-1.125006747","-7.917846e-02"," 0.1410786752"," 0.34289732"," 0.3361640448","-0.702122986"," 0.100165532","-0.333904415","-0.345528719","-0.272233055"," 0.64507826",1,1,"HDA"
"HDATP2.2"," 0.140786520","-0.0869376888","-0.30096464"," 0.0197604449"," 0.6287404846","-0.261872206","-0.273809503","-0.416542136"," 0.183895550","-0.852838207","-0.583802270","-0.033178064"," 0.029850579","-0.549825769","-0.384945457","-0.0941353215"," 0.292268026"," 0.326038814"," 0.408103549"," 0.01037766"," 0.327736655"," 0.090720209","-0.3962903509"," 2.681862e-01"," 0.0087855788","-0.288439576"," 0.142750514","-0.639835157"," 0.470872460"," 0.3496740876"," 0.162085881"," 0.295832531","-0.407308948"," 0.290240110"," 0.145920192"," 0.578470147"," 0.063478788","-0.003735549","-0.549648851","-0.564096538","-1.474216e-03"," 0.1487170903","-0.03864190"," 0.3986275880","-0.108909882","-0.308264460","-0.533089422"," 0.097326640","-0.371966641"," 0.17463479",1,1,"HDA"
"HDATP3"," 0.138395010"," 0.1742445028","-0.09165820","-0.1497778116"," 0.3156029362","-0.166752192","-0.129954689","-0.343272557","-0.060321485","-0.760770922"," 0.299636637"," 0.069105998"," 0.038216343","-0.370204638"," 0.097135830","-0.5905272703"," 0.809560808"," 0.066694768"," 0.091114282"," 0.39657541"," 0.600264820"," 0.162140764","-0.1362982653","-2.393189e-02"," 0.1612558049","-0.295197936"," 0.031763690","-0.634904699"," 0.271075749"," 0.6481549987","-0.206905018"," 0.404895309","-0.549613356"," 0.217844716"," 0.082196575"," 0.599975750","-0.352555848","-0.224811295","-0.167398141","-0.441467308"," 6.563746e-02","-0.1240985853","-0.42379332"," 0.3114165011","-0.273132967","-0.167358371","-0.015863803"," 0.133635142","-0.296141523"," 0.11691643",1,1,"HDA"
"HDATP3.3","-0.054201196"," 0.0505991429","-0.08781566","-0.1290632515"," 0.4871663800","-0.585080019","-0.349566925","-0.398380811"," 0.156994231","-0.606772983"," 0.235180556"," 0.160004317"," 0.105608191","-0.414262924","-0.181908677","-0.2212965711"," 0.317616432"," 0.240540678"," 0.222055543"," 0.05478049"," 0.090393441"," 0.240992923","-0.2160239878"," 3.460524e-02"," 0.0304369571","-0.278265362"," 0.244406860","-0.908919612"," 0.393822862"," 0.2100477968","-0.120033313"," 0.565712033","-0.498981075","-0.024300364"," 0.245310110"," 0.471157589","-0.275298057","-0.404357832","-0.255129742","-0.504903578","-4.188021e-02"," 0.0877587268","-0.22959708"," 0.1975745634"," 0.077842944","-0.177457330","-0.855607358"," 0.091309016","-0.254091796"," 0.60405988",1,1,"HDA"
"ACTTP1"," 0.202264094"," 0.0434920475"," 0.17112167"," 0.3877332147"," 0.5289123976","-0.120705055","-0.820423906","-0.275225525","-0.091782120","-0.609712455"," 0.193954445"," 0.109697423"," 0.620290456","-0.235787031","-0.003324658"," 0.2869779368","-0.009197840"," 0.240826377","-0.763157584"," 0.24425936"," 0.166078215"," 0.327610209"," 0.4751231229","-7.380054e-05","-0.4054104938","-0.465218240"," 0.164831810","-0.518705977"," 0.092452247","-0.1999888999"," 0.037003421","-0.308834917","-0.174481381","-0.663367371"," 0.125725619"," 0.052327009","-0.008737414","-0.083220159","-0.231498675"," 0.387670853","-1.711199e-01","-0.0383707790","-0.23038200","-0.2977171072"," 0.229857353"," 0.803219664"," 0.086195238","-0.064025358","-0.156420851"," 0.22426203",2,2,"ACTd"
"ACTTP2","-0.516225196"," 0.4564693785","-0.43599932"," 0.5074935419"," 0.8395176549"," 0.091426207"," 0.408114538","-0.039491402"," 0.408005432","-0.689272531"," 0.196059729","-0.252069499","-0.221971960"," 0.432540499"," 0.181163489"," 0.5406945381"," 0.088458114"," 0.137528182","-0.081602112","-0.10529164"," 0.026828976","-0.080928775"," 0.6385050838"," 3.799954e-01","-0.3738045995","-0.006808500","-0.274203555"," 0.171843543","-0.532766521","-0.3646658101"," 0.040347006","-0.535363640"," 0.822321581","-0.325205250"," 0.624834718","-0.028936559"," 0.513967092"," 0.086051965"," 0.137784124","-0.263355253"," 5.419662e-02"," 0.8000469601"," 0.19230830","-0.1599634264","-0.139954989"," 0.127128356","-0.132768927","-0.170197943","-0.218710957","-0.10447507",2,2,"ACTd"
"ACTTP3","-0.427260943"," 0.0128850864","-0.30056712"," 0.7990526794"," 1.7138364861","-0.199208135","-0.220853391","-0.230819720"," 0.107888686","-0.587621610"," 0.044743722","-0.211682415"," 0.850917394","-0.103406810","-0.033592423","-0.4169283821","-0.409861874"," 0.815280224"," 0.484218778"," 0.08971356"," 0.057951347"," 0.519285891","-0.2516767123"," 2.849938e-01","-0.5771330069","-0.011000116","-0.070902547"," 1.128508797"," 0.293640542"," 0.2542751270","-0.226985499"," 0.122444665","-0.286903536"," 0.055098121","-0.137897916","-0.100173613"," 0.243268039"," 0.264957997","-0.097697549","-0.517773150","-3.024591e-01"," 0.0393737712","-0.32470472","-0.1839630876","-0.028275360"," 0.045918073","-0.263698745","-0.274986334","-1.144299839"," 0.27599636",2,2,"ACTd"
"ACTTP4"," 0.061328012"," 0.8316955429","-0.57964395"," 0.7683048076"," 2.0315786669","-0.304166557","-0.204925245","-0.542966036","-0.450211569","-0.338768202"," 0.023136419","-0.699352264"," 0.681495240","-0.195246744"," 0.453495762"," 0.2242594186","-0.605867636"," 0.502594695"," 0.231544036","-0.11671821","-0.335294876"," 0.382644153"," 0.2082600495","-1.554440e-01"," 0.0645917702"," 0.117741607","-0.396171107"," 1.910645734"," 0.031444066","-0.0435794938"," 1.649281812","-0.831785229"," 0.583532321"," 0.063397851","-0.235841689","-1.070786885"," 0.382978540"," 0.653691754","-0.019515594","-0.714992465"," 1.670119e-01"," 0.1564631947"," 0.50405548","-0.9761859059","-0.226318937"," 0.068443434","-0.325758400","-0.394823362","-1.086733887","-0.13374600",2,2,"ACTd"
"ACTTP5","-0.027316587"," 0.3110504492","-0.84301290"," 0.9088081485"," 1.7589585086","-0.065142651","-0.755973024","-0.504935400","-0.329116191","-0.330549868","-0.230980675","-0.196548145"," 0.826672943","-0.222687062"," 0.315384374","-0.1171552495","-0.713872028"," 0.700895802"," 0.374782289","-0.11218169","-0.474843514"," 0.749434146","-0.0979932438"," 1.405340e-01"," 0.1124342728","-0.169054684","-0.271164784"," 1.355824243","-0.163155933","-0.1688868393","-0.113886181","-0.483878528","-0.229487896","-0.027218233"," 0.389050712","-1.641621932"," 0.507265175"," 0.523071746","-0.286613800","-1.004229432"," 1.062842e-02"," 0.0863522231"," 0.27602046","-0.7183068260","-0.338780739"," 0.213815151","-0.153506930"," 0.199079675","-0.691063453"," 0.17532678",2,2,"ACTd"
"ML_7_H1"," 0.409124218","-0.0005416435"," 0.73024941","-0.1244146313","-0.2273399040"," 0.632954151","-0.283183109","-0.262173633","-0.011927297"," 0.571617868"," 0.429883626","-0.488758760"," 0.830442205"," 0.216839594"," 0.509459074","-0.6594917718"," 0.208474426"," 0.464243833","-0.380534941"," 0.32858807"," 0.286811063","-0.651797419"," 0.0220144752","-4.451680e-01"," 0.5090079699"," 1.381613681"," 0.182821488","-1.034930999"," 0.112542775","-0.9277023397","-0.852103192","-0.144204774","-1.170097348"," 0.278858958"," 1.051945582","-0.163281493","-0.789166281","-0.328237371"," 0.307033474","-0.788327959"," 2.475465e-01","-0.5488825432","-0.11943690","-0.5270685025"," 0.036587662"," 0.268154668","-0.002444691"," 0.543334485","-0.008355227"," 0.76929046",3,3,"ML_7"
"ML_7_H2"," 0.289426667","-0.0151109074"," 1.03413592"," 0.0514703070","-0.1617336985"," 0.663620520","-0.129984659"," 0.009530188"," 0.118442476"," 0.587889281","-0.771564077","-0.606171269"," 0.972002181"," 0.155531423"," 0.321909105","-0.7273651437","-0.089542080"," 0.700419903","-0.195098816"," 0.23222129"," 0.330525932","-0.360244118"," 0.0290571433","-7.605009e-01"," 0.5832715422"," 0.554136004"," 0.493172238","-0.597597940"," 0.110777540","-1.1307077494","-0.857354611","-0.338604673","-1.202790976"," 0.318116496"," 1.357396584"," 0.289974538","-0.441921460","-0.331284288","-0.156452290","-0.981579835"," 2.405135e-01","-0.6066606283","-0.07693573","-0.2915469404"," 0.013916170"," 0.266985138","-0.452815216"," 0.478752651","-0.331524896"," 0.67288379",3,3,"ML_7"
"ML_7_H4"," 0.318901060"," 0.2964812339"," 0.91656917","-0.1430563105","-0.2058749238"," 0.275564868","-0.601936462","-0.070465804","-0.093388293"," 0.544740200","-0.073458398","-0.816578738"," 0.802190426"," 0.211657490"," 0.328421925","-0.8934721568"," 0.306688898"," 0.744104562","-0.441591622"," 0.26670151","-0.015455475","-0.342030066"," 0.1429218295","-5.905855e-01"," 0.3587773880"," 0.546061286"," 0.133268916","-0.859856909","-0.121917335","-0.9265466196","-0.864147999","-0.372847272","-1.235541646"," 0.155998063"," 0.996883997"," 0.213451872","-0.387677248","-0.303406842","-0.201303135","-0.712542990"," 4.272374e-01","-0.5577325993","-0.11370141","-0.5193108223"," 0.002945456"," 0.368240967","-0.325850227"," 0.283255920"," 0.054535993"," 0.69849072",3,3,"ML_7"
"ML_7_H6"," 0.286227967"," 0.2662182279"," 1.03802016"," 0.2423608064"," 0.0853227855"," 0.106295221"," 0.041894735"," 0.311798572","-0.580935533"," 0.220283225","-1.764416657","-0.549712449"," 0.147572239"," 0.152569113"," 0.306055111","-0.4512291488","-0.015150452"," 0.717952340","-0.279930869"," 0.42339367"," 0.536312885","-0.451319525"," 0.0497333649","-4.800860e-01"," 0.2978964138","-0.505467631","-0.182076438","-1.050083685","-0.098053448","-0.8466543611","-1.351453812","-0.319259023","-0.710279012"," 0.133272008"," 0.868033005"," 0.219724599","-0.316791699","-0.242099801","-1.021341058","-0.060022757"," 9.014643e-01","-0.9221943670","-0.11021971","-0.2440992810"," 0.104381456"," 0.278779186","-0.339529391"," 0.354230052"," 0.598337250"," 0.68136782",3,3,"ML_7"
"ML_7_H8"," 0.622939985","-0.3645635330"," 1.07607143"," 0.0373611352","-0.2757285699"," 0.557542475","-0.334271435","-0.461735523"," 0.165536393"," 0.403319084"," 0.130867043","-0.456213418"," 1.015098814"," 0.150747516"," 0.368481582","-0.9057537583","-0.083541792"," 0.325631903","-0.036647826"," 0.45864650","-0.055853861","-1.062262709","-0.2909634298","-3.493134e-01"," 0.7294473121"," 1.021705060"," 0.436365522","-1.257125588","-0.317721859","-1.0895598986","-0.848971006","-0.692163884","-1.291195056"," 0.256157391"," 1.173670548","-0.282261152","-0.363785258"," 0.012336529"," 0.017416062","-0.654274469","-1.581374e-01","-0.5785350741","-0.59523632","-0.3729004376"," 0.132604737"," 0.181241890","-0.616983869"," 0.395662710","-0.429432973"," 0.62349574",3,3,"ML_7"
"ML_7_H10"," 0.031672403"," 0.1091032431"," 0.76391411","-0.0866852967"," 0.2676309602","-0.277833182","-1.095684195","-0.472691613","-0.328343084"," 0.306431697"," 0.113031397"," 0.001412483"," 0.499226751"," 0.048759277","-0.613944606","-0.1253045338","-0.082943995"," 0.050599313"," 0.045756509"," 0.37150330"," 0.070226418"," 0.584015666","-0.2352898889","-1.912675e-01"," 0.1772376697"," 0.811057416","-0.013715842","-0.024649326","-0.121146763","-0.4534516042"," 0.079236512","-0.239386693","-0.331160969"," 0.184197782"," 0.123998360"," 0.463074033","-0.442357266","-0.174509032"," 0.196531148","-0.547102285"," 4.449116e-01"," 0.2382384539"," 0.08441433","-0.4013984341","-0.240007799"," 0.664940035","-0.536041274"," 0.330279442","-0.146350872"," 0.00460641",3,3,"ML_7"
"ML_7_H12","-0.028342590","-0.2452678539"," 0.18441603","-0.0298477317"," 0.3932845271","-0.663256937","-0.664382691","-0.576443598","-0.196534826"," 0.416217943","-0.211389295","-0.212604724"," 0.922826256","-0.076409470","-0.619337119","-0.0105086399","-0.438193967"," 0.379436571","-0.104775552"," 0.45639820","-0.003164535"," 0.036435451","-0.1995876659"," 1.234333e-01"," 0.0317914625"," 0.320529774","-0.480901590"," 0.587506623","-0.319293822","-0.2672222332"," 0.014704928"," 0.044308914","-0.069227063","-0.141513899","-0.081238093","-0.348654145","-0.616879131"," 0.067595522","-0.162205019","-0.448145872"," 4.336043e-01"," 0.3421999305","-0.04290429","-0.3772800676","-0.418539798"," 0.775359811","-0.525374507"," 0.335266933","-0.184396550"," 0.29462643",3,3,"ML_7"
"W7_H1","-0.140843916"," 0.1200263051"," 1.07372771"," 0.2895592693","-0.1900077936"," 0.141971935","-0.321159320"," 0.145640562"," 0.271906673"," 0.302822530","-0.256344861","-0.556193720"," 1.090731751"," 0.221904038"," 0.372782881","-0.2028182501"," 0.315713011","-0.037545005","-0.615600863"," 0.07777226"," 0.088545420","-0.742088287"," 0.4095480067","-1.283533e-01"," 0.2715840478"," 0.360041774"," 0.030031611","-0.625700123","-0.598702068","-0.5524961969","-0.772896776"," 0.103828210","-0.911240055","-0.418409027"," 0.064369248"," 0.310707615","-0.288785321","-0.373962589"," 0.043662861","-0.514028184"," 4.166988e-01","-0.2139118202","-0.29445186","-0.5988300845","-0.006204569"," 0.981640953"," 0.277428207"," 0.266513959"," 0.514590579"," 0.50871613",4,3,"W_7"
"W7_H2","-0.069354853"," 0.1671173559"," 1.00980174"," 0.3195365625","-0.1275046403"," 0.029343835","-0.276907741"," 0.515985536"," 0.332747932"," 0.099379211","-0.430419654","-0.567980871"," 1.241168517"," 0.039429935"," 0.144638550","-0.2479415065","-0.095179703"," 0.279203807","-0.452209575"," 0.29534199"," 0.218632665","-0.415011950"," 0.3768251942","-1.646073e-01"," 0.3404046390","-0.160511091"," 0.033753002","-0.021808266","-0.313130563","-0.6613862193","-0.928064137","-0.260154793","-0.592913182","-0.204435586"," 0.041925184"," 0.288414534","-0.307505225","-0.427203887","-0.119036174","-0.579880111","-6.024883e-01","-0.5611080404","-0.15259025","-0.3281168998"," 0.081421365"," 0.581332226"," 0.069193864"," 0.500656884"," 0.439395940"," 0.81311082",4,3,"W_7"
"W7_H4"," 0.626128179","-0.2755502495"," 1.05205749","-0.2427296339","-0.1344862559"," 0.754698487","-0.292562450","-0.097420120","-0.077716981"," 0.649738805"," 0.651522919","-0.786596017"," 1.093298937"," 0.454964639"," 0.625547528","-1.5543827036"," 0.215464833"," 0.930868101","-0.318024728"," 0.52413452"," 0.116438661","-0.460690752","-0.3049667113","-6.513317e-01"," 0.7299856759"," 0.851228884"," 0.116141802","-0.852083801"," 0.017734237","-0.9661500880","-1.129833463","-0.365511050","-1.408097371"," 0.357363991"," 1.757089749","-0.222041401","-0.465039353","-0.025494322"," 0.184211039","-0.860144089"," 1.786248e-01","-0.5268126795"," 0.07580071","-0.6989806146","-0.034601336"," 0.063941046","-0.581497729"," 0.536567349","-0.205017875"," 0.64409164",4,3,"W_7"
"W7_H6"," 0.406088887","-0.1207505982"," 1.05244464"," 0.1450520528"," 0.0005939862"," 0.102996343"," 0.045461588"," 0.085618731","-0.572936898"," 0.120363975","-1.352267331","-0.619697742"," 0.321600182"," 0.054485484"," 0.499516606","-0.6289057697"," 0.006864363"," 1.010274245","-0.282130517"," 0.67892845"," 0.699508379","-0.655646445","-0.0365299371","-4.168990e-01"," 0.3996933173","-0.486872928","-0.366173163","-1.216671977","-0.184015978","-0.7384327597","-1.482456116","-0.327253364","-0.774093755"," 0.201548776"," 1.275041600","-0.074398425","-0.349035253","-0.075711904","-1.392801471"," 0.044447831"," 7.348697e-01","-1.3557794062","-0.09543778","-0.2557164451"," 0.001115655"," 0.107752384","-0.331657167"," 0.362255515"," 0.456161128"," 0.72326249",4,3,"W_7"
"W7_H8"," 0.768881766","-0.3250341949"," 1.18058197","-0.3372981832","-0.5632764211"," 1.092836318","-0.128367014","-0.280976043"," 0.063728089"," 0.581308260"," 0.640287957","-0.269592076"," 1.545339756"," 0.370578327"," 0.612621308","-1.7278072132"," 0.151754048"," 0.497128177","-0.010779895"," 0.86882560"," 0.108724481","-0.927424375","-0.6824345593","-7.784649e-01"," 0.8755045709"," 1.003989173"," 1.152410138","-1.239010220"," 0.071396871","-0.9412280766","-1.120226781","-0.687618824","-1.671028126"," 0.499898922"," 1.973724075","-0.150300263","-0.562912150"," 0.067872431","-0.391026047","-0.703375258","-4.264894e-01","-0.8669825930","-0.15501034","-0.5431188669"," 0.162043656","-0.125613237","-0.639988186"," 0.720643913","-0.596373724"," 0.57377861",4,3,"W_7"
"W7_H10"," 0.068050143","-0.2929938119"," 0.78224387"," 0.1127308532","-0.1180141418"," 0.103086442","-0.758148177","-0.410422505"," 0.580041291"," 0.500075179"," 0.141733598"," 0.431891569"," 0.583489041","-0.511612236","-0.299062334","-0.9229809698"," 0.352786278"," 0.162470247"," 0.137057638"," 0.04001783","-0.034135851"," 0.178964209"," 0.2824104965","-1.369292e-01"," 0.1544511711"," 1.018942589","-0.083385703","-0.626489005","-0.573124984","-0.9440550734","-0.944428485","-0.369305800","-1.042046723","-0.154633021"," 0.110424416","-0.659424167","-0.364422979","-0.411608131","-0.194258044"," 0.013698317"," 2.457125e-01","-0.5057807920","-0.12448520","-0.2861795928"," 0.566730926"," 0.265138970","-0.113160805"," 0.600901893"," 0.319523105"," 0.20285799",4,3,"W_7"
"W7_H12"," 0.226112742","-0.4466425083"," 0.75318358"," 0.2778749671","-0.2903239078"," 0.488418735","-0.033804866","-0.307126160"," 0.372018864"," 0.225449479"," 1.277160916"," 0.078062445"," 0.892704211"," 0.120982976","-0.173511093","-0.8929614097"," 0.136241915"," 0.438123692","-0.099433582"," 0.02111293"," 0.222782763","-0.409250331","-0.2128845858","-3.364588e-01"," 0.5046630668"," 0.725791375","-0.113723835","-0.974418189","-0.116703648","-0.6881613844","-1.101935602","-0.337020270","-1.284844311"," 0.121430153"," 1.238355113","-0.745848850","-0.496387639"," 0.058639805"," 0.252681375","-0.509766225","-1.203511e-01","-0.4667522154","-0.32104685","-0.4343693802"," 0.400707881","-0.180346920","-0.501379156"," 0.837012238","-0.241735475"," 0.11710607",4,3,"W_7"
"Staurosporine_H1"," 0.151460335"," 0.4863817385"," 0.53638397"," 0.0730580830"," 0.0235254814"," 0.296171209","-0.193231874"," 0.120273950"," 0.426362602"," 0.789366495"," 0.020725293","-1.017808819"," 0.686725096"," 0.605947479"," 0.147652696"," 0.0365342693"," 1.460407789"," 1.013402912","-1.206067988"," 1.15366070"," 1.006196741","-0.184392933","-0.1200778847","-7.874631e-01"," 0.2180301372","-0.068172860"," 0.007658657","-0.535738125"," 1.153872225","-0.2183534513","-0.209142034"," 0.020260163"," 0.482262193"," 0.642098552"," 0.757715046","-0.069386369"," 0.365375641","-0.043726844"," 0.151440897","-0.112724108"," 5.127875e-01","-0.0243415011"," 0.67751398","-0.0471356010","-1.081005648","-0.639373929"," 0.157947241"," 0.457207086"," 0.769998250","-0.07316901",5,4,"Staurosporine"
"Staurosporine_H2"," 0.132678321"," 0.4797870090"," 0.37597378","-0.0310216916"," 0.2617060543"," 0.076172397"," 0.349711550"," 0.586765314"," 0.370233242"," 0.657056731"," 0.017285295","-1.332148220"," 0.729637790"," 0.504010456"," 0.265198102","-0.1373940486"," 0.861945691"," 1.237952525","-0.566839326"," 1.25066355"," 0.787813777"," 0.059368713","-0.6657257516","-1.081739e+00"," 0.4211562508"," 0.032676219"," 0.289219962"," 0.054509790"," 1.353953203","-0.4935007031"," 0.144078722","-0.353749425"," 0.285278172"," 0.717914894"," 1.021308508","-0.678905998"," 0.272991102"," 0.250673951"," 0.317328423"," 0.021000156"," 5.792641e-02","-0.1845435482"," 0.64575449"," 0.1870706989","-1.336130921","-0.654481885","-0.002503440"," 0.485632274"," 0.007393349"," 0.33914833",5,4,"Staurosporine"
"Staurosporine_H4"," 0.070029021"," 0.2779781282"," 0.39719160","-0.3184632960"," 0.3375863893"," 0.119129146","-0.014190384"," 0.145686841","-0.240336131"," 0.279819223"," 0.331399243","-1.223104318"," 0.250792411"," 0.534219067"," 0.471978313","-0.4618153994"," 1.161689356"," 1.136284958","-0.854097290"," 0.81664872"," 0.040710175"," 0.190361859","-0.1888429674","-8.277430e-01"," 0.1231651563"," 0.018109113"," 0.246538131"," 0.189883561"," 0.518785550","-0.7623583925"," 0.244426466","-0.273776312","-0.149159395"," 0.357491501"," 0.226353240","-0.475326381"," 0.538124241"," 0.270970535","-0.050962039","-0.358278416"," 1.075813e-01"," 0.0606282179"," 0.39755102","-0.3821245094","-0.967642259","-0.075129010","-0.189312340","-0.133268171","-0.033081473"," 0.21192037",5,4,"Staurosporine"
"Staurosporine_H6"," 0.004952358"," 0.3059940113"," 0.42194562"," 0.1325624515"," 0.5560368841","-0.477440749"," 0.726477845"," 0.543559474","-0.498057607","-0.078870589","-1.441187445","-0.965163038","-0.035653705"," 0.151663511"," 0.080480947"," 0.1208793291"," 0.537737357"," 1.196854755","-0.747216872"," 1.17072821"," 0.862047247"," 0.157245306","-0.3610452682","-7.830628e-01","-0.1293076525","-1.035592702","-0.295401476","-0.199775669"," 0.713391563","-1.0872605947","-0.429865893","-0.252464474"," 0.553467512"," 0.414686697"," 0.393991919","-0.643867048"," 0.484629473"," 0.349684506","-0.726345133"," 0.204268255"," 5.877940e-01","-0.3164742993"," 0.42966816"," 0.0460219198","-1.140527846","-0.459016158","-0.085121963"," 0.032626463"," 0.673245384"," 0.76930610",5,4,"Staurosporine"
"Staurosporine_H8"," 0.061963673"," 0.1557445791","-0.44714879"," 0.0537055418"," 0.3198252662","-0.300427346"," 0.278448001"," 0.115849479"," 0.769032497"," 0.159155708"," 0.240194830","-0.552776967"," 0.758179593","-0.257051900"," 0.091222885"," 0.3388174101"," 0.303479340"," 0.673566141","-0.851538678"," 0.94778864"," 0.278119217","-0.366620721","-0.1497320255","-2.587804e-01","-0.3384177957"," 0.219941083"," 0.052918418","-0.054009186"," 0.509465367","-1.0511837590"," 0.111421384","-0.885241049"," 0.390404870"," 0.242672638"," 0.035410037","-1.387439523"," 0.538611887"," 0.602222545","-0.129192750","-0.336397912"," 9.808222e-02"," 0.2933269556"," 0.47270778"," 0.0625030871","-1.104322484"," 0.104828261"," 0.033992027","-0.105976309","-0.046963207"," 0.07658413",5,4,"Staurosporine"
"Staurosporine_H10","-0.059897290"," 0.1847171945","-0.14483590"," 0.0008938315"," 0.4446775567","-0.165419791"," 0.523584992"," 0.018961723"," 0.715472944"," 0.284765806","-0.066162873","-0.206961203"," 0.206665143","-0.345657870","-0.559848651"," 0.1574404118"," 0.610791571"," 0.614897123"," 0.249313607"," 0.43913972"," 0.705971689"," 0.518770784","-0.3735363522","-3.398417e-01"," 0.0219538802"," 0.554204380","-0.138930636"," 0.173497472"," 0.388134165","-1.5572772091","-0.179099805","-0.875348565"," 0.059895593"," 0.102206752"," 0.099916806","-0.750591439"," 0.366735346"," 0.596062432"," 0.269002403","-0.086324848"," 2.191226e-01"," 0.3366777758"," 0.35148928","-0.1471677285","-0.732918414","-0.010846951","-0.184007001"," 0.194455467"," 0.045229367","-0.19412403",5,4,"Staurosporine"
"Staurosporine_H12","-0.216564202","-0.5135580511","-0.95238872"," 0.6171378025"," 0.0286660334","-0.671407232"," 0.103387676","-0.489143552"," 0.747780104"," 0.169967444","-0.072826587"," 0.059223269"," 0.826463255","-0.631756226","-0.417168826"," 0.1772746000"," 0.409261043"," 0.002388495"," 0.274416430"," 0.76386837"," 0.480316870","-0.580015786","-0.0761395253"," 3.467657e-01","-0.0837182870"," 0.680194680","-0.194558259","-0.056906788","-0.326334444","-1.2722967574","-0.470390493","-1.068382827"," 0.037412200","-0.322793889","-0.283158347","-1.304894858","-0.112048867"," 0.639333330"," 0.117035107","-0.111286635"," 1.278239e-01"," 0.9786075894","-0.23446345","-0.4085707143"," 0.082988737","-0.694561434","-0.911710320"," 0.011909157","-0.145843712","-0.02173066",5,4,"Staurosporine"
"Cyclosporine_H1"," 0.368769724","-0.5493278956"," 1.03618738","-0.3280190325","-0.0005270903","-0.019127933","-0.609683422","-0.562276351","-0.128746076"," 1.207203960"," 1.011293231"," 0.464967693"," 0.567738024","-0.667060140","-0.115201564","-0.3257420363"," 1.468803921","-0.534622181","-0.549730021"," 0.01271036"," 0.579388199","-0.163520314","-0.2029452511"," 4.551929e-01"," 0.0915364930","-0.350059504"," 1.077081427","-0.387086292"," 0.178437305","-0.3365286350","-0.016688593"," 0.428755611","-1.063427845"," 0.698488690","-0.483973372","-0.594195082"," 0.037364330"," 0.006803604","-0.428859299"," 0.803765989"," 3.702836e-01","-0.0553646451"," 0.35800914","-0.3585328669"," 0.132391681","-0.588648464","-0.089352653","-0.026874022"," 1.822190523","-0.28077751",6,5,"Cyclosporine"
"Cyclosporine_H2"," 0.301373712","-0.2536438966"," 0.56889482","-0.1620489114","-0.1385454763","-0.111764606","-0.805358409","-0.350511621","-0.024315570","-0.010400623"," 0.820602308"," 0.623298879","-0.021392405","-0.329289406"," 0.246462681","-0.3159018895"," 1.156333437","-0.145645502","-0.424618242","-0.14385907"," 0.027800614","-0.144862258","-0.0480112260"," 6.815847e-01"," 0.3083563964","-0.272796983"," 0.567851074","-0.347906550"," 0.058902783","-0.1286670860","-0.087090313"," 0.281615743","-0.389414728"," 0.692894929","-0.507752804","-0.160384831"," 0.204294988","-0.166717396","-0.021445492"," 0.570764068"," 7.810819e-02","-0.2310184599"," 0.04455787","-0.1564621043"," 0.110949573","-0.196589129","-0.407375531","-0.354781215"," 1.021442272","-0.12035211",6,5,"Cyclosporine"
"Cyclosporine_H4"," 0.230110721","-0.4266984572"," 0.86984930","-0.2938187987","-0.3739454678","-0.258404993","-0.781774851","-0.402702353","-0.281645022"," 0.660655644"," 0.138430164"," 0.567973954","-0.807298316","-0.435031542"," 0.070179988","-0.4532272236"," 1.733084603","-0.210581382","-0.460035069","-0.23776087"," 0.413768312","-0.147200327","-0.1561865269","-2.903683e-02"," 0.4062751036","-0.148700622"," 0.888138666","-0.705967453","-0.065232826","-0.1753244545","-0.055480465"," 0.206497838","-0.675505467"," 0.716722454","-0.465510978"," 0.150880083"," 0.209308160","-0.002305715","-0.265417593"," 0.820195897"," 3.441568e-01","-0.1400351192"," 0.15803175","-0.3053732604"," 0.069416498","-0.271476573","-0.188562730","-0.073641472"," 1.575244678"," 0.36719950",6,5,"Cyclosporine"
"Cyclosporine_H6"," 0.132608385","-0.3909956274"," 1.12425231","-0.3631734960","-0.3388458662","-0.152834744","-0.729128962","-0.423831972","-0.020309413"," 0.986137848"," 0.715920002"," 0.353732952"," 0.204068021","-0.184148542"," 0.560326917","-0.3053650517"," 1.378663308"," 0.038967276","-0.599196639","-0.20493663","-0.237414492","-0.124828474","-0.1778226264","-2.141715e-02"," 0.2443172492","-0.621033282"," 0.718928821","-0.298503135","-0.014608490","-0.3400793290"," 0.430375514","-0.186724553","-0.197418542"," 0.642612011","-0.088812782","-0.076711533"," 0.221932274","-0.164114950","-0.427243223"," 0.726265968"," 1.197579e-01","-0.3042739821"," 0.54563196"," 0.1324635331"," 0.039324178","-0.499047918","-0.421098225"," 0.016606343"," 1.194052334"," 0.13177850",6,5,"Cyclosporine"
"Cyclosporine_H8"," 0.451804920","-0.7871716053"," 1.09498767","-0.4097935683"," 0.0681407066"," 0.034053602","-0.780870223","-0.764609094","-0.291178406"," 0.614465511"," 0.887189978"," 0.177384511"," 0.291342553","-0.180798629","-0.232132139","-0.2666571356"," 1.321718707","-0.049188646","-0.387107064","-0.05772741"," 0.448957390"," 0.020854804","-0.5078058901"," 1.488347e-01"," 0.3446686744","-0.765208036"," 1.157288984","-0.187916771"," 0.388388494","-0.3418191253"," 0.210262294"," 0.279610676","-0.767435430"," 0.903940835","-0.268585894","-0.008102426"," 0.242647261","-0.212382303","-0.137160585"," 0.744241025"," 1.795227e-01","-0.1137695740"," 0.67345755"," 0.0001095511"," 0.027307867","-0.694455205","-0.139183686","-0.235779271"," 0.496306934"," 0.11638677",6,5,"Cyclosporine"
"Cyclosporine_H10"," 0.420260927","-0.3391801897"," 0.68234926","-0.2534188556","-0.0173362178","-0.141954576","-0.696164061","-0.444600635","-0.138223968"," 0.064715098","-0.888085043"," 0.419796554"," 0.442125233","-0.156474425"," 0.069506692","-0.4388602734"," 1.165527244","-0.087875929","-0.485703465","-0.16879826"," 0.373311854","-0.056573572","-0.2216285274"," 1.338874e-01"," 0.1906254695","-0.317785538"," 0.754145881","-0.438911970"," 0.168101394","-0.2737580468"," 0.030080617","-0.041494484","-0.514321947"," 0.646114459","-0.310342083","-0.047044822"," 0.379874665","-0.095238741","-0.263905549"," 0.269536950"," 1.015369e-01","-0.0997282845"," 0.21049606","-0.4373431801"," 0.258721246","-0.634811173","-0.027095540","-0.289925212"," 0.942643200"," 0.09215938",6,5,"Cyclosporine"
"Cyclosporine_H12"," 0.307436088","-0.2355470781"," 0.76569290","-0.3534521808","-0.3974784541","-0.027635873","-0.625692700","-0.409933053","-0.293779659"," 0.223141956"," 0.787684362"," 0.475463730"," 0.072127788","-0.309144764"," 0.271409832","-0.4750854462"," 1.645456257","-0.138901274","-0.450294739","-0.23883171"," 0.235594843","-0.073384969","-0.0983098309"," 2.280839e-01"," 0.1095067433","-0.345809057"," 0.909489570","-0.612866125"," 0.110580701","-0.4135848546","-0.157297061"," 0.086700881","-0.455576091"," 0.797861042","-0.395091529"," 0.046169472"," 0.319921066","-0.224863047","-0.130535161"," 0.288513537"," 3.290546e-02","-0.2393163659"," 0.20801773","-0.3521057173"," 0.117096079","-0.591677085"," 0.747687820","-0.371385447"," 1.271568136"," 0.15931013",6,5,"Cyclosporine"
"Cyclosporine_H14"," 0.528734817","-0.4464169400"," 0.67482146","-0.4641640930","-0.2246667634"," 0.039200342","-0.621857459","-0.637665569"," 0.170746347","-0.265849434"," 0.634491646"," 0.021317453"," 0.418076491","-0.486115316"," 0.181753023","-0.5225387117"," 1.516203183","-0.056244331","-0.591296977"," 0.00300129"," 0.120255784"," 0.026735266","-0.3340917720"," 1.284038e-02"," 0.0776350408","-0.604063051"," 0.938848317","-0.133503265"," 0.411158074","-0.6357977563","-0.034931189","-0.036314951","-0.559113190"," 0.894922291","-0.033999459","-0.081840745"," 0.499326958","-0.019739670","-0.217616148","-0.577474422"," 2.966969e-02","-0.2521744762"," 0.32156310","-0.2565025271"," 0.089307946","-0.276714414"," 0.057097767","-0.234843336"," 1.084759910"," 0.16779295",6,5,"Cyclosporine"
"Colchine_H1","-0.105673326","-0.2224055758"," 0.01690747"," 0.0994814451"," 0.4528711799"," 0.403854158","-0.620774812","-0.557801375","-0.218961137"," 0.047867413","-0.195846122"," 0.002395310","-0.058918684","-0.259148708"," 0.054212609"," 0.3687693052"," 0.489438438","-0.141840555"," 0.171546114","-0.21153986","-0.284824847","-0.237450158","-0.4904694396","-3.944865e-02"," 0.5396383528","-0.344198877","-0.092827463"," 0.507413678"," 0.262904423"," 0.2867754462"," 0.214717362"," 0.263162245"," 0.580927888"," 0.101349226","-0.226383989","-0.196777767"," 0.124370121","-0.021935793"," 0.238573894"," 0.257512880"," 3.159327e-01","-0.3692140454"," 0.32814474","-0.1613477293"," 0.079003030","-0.028682864"," 0.603751339"," 0.298366829"," 0.274174556"," 0.28824489",7,6,"Colchine"
"Colchine_H2","-0.062508419"," 0.0021557398"," 0.16812422"," 0.0151746991"," 0.0430039228"," 0.101005553","-0.139124810","-0.151136628"," 0.020436322"," 0.459418693","-0.252976418","-0.102846388","-0.096524182"," 0.041000649","-0.188071545"," 0.1453512720"," 0.023180707","-0.199229659"," 0.019691425","-0.02230266","-0.042958017","-0.122728100","-0.1261524201","-1.145368e-01"," 0.2397125382","-0.114814631"," 0.101228047"," 0.146819645","-0.086705610","-0.0647755137"," 0.060881760","-0.098539544"," 0.482748675","-0.030454709","-0.141251816"," 0.109063019","-0.074421924"," 0.038213757"," 0.290097017"," 0.190288363"," 3.465024e-01","-0.2197578773"," 0.01323937","-0.0687264322","-0.022960508","-0.014569681"," 0.182258736"," 0.091614678"," 0.290492169"," 0.02589517",7,6,"Colchine"
"Colchine_H4","-0.001943864","-0.1608943753","-0.24936428"," 0.0188305716"," 0.1419696071"," 0.060784888","-0.257673193","-0.132741774","-0.124935445"," 0.382663256","-0.391630702"," 0.079767047","-0.220609961"," 0.159456490","-0.119140232","-0.0660763624"," 0.340624945","-0.039350692","-0.401212685"," 0.22523318"," 0.071737432","-0.008515589"," 0.0509103930","-1.357577e-01"," 0.2454836022"," 0.063272767","-0.034487899"," 0.053505392"," 0.148146853","-0.0825718271","-0.070824115"," 0.094749696"," 0.049852150"," 0.063331753","-0.104830158","-0.122923683"," 0.167243319"," 0.073469499"," 0.234459037","-0.073962003"," 1.613721e-01","-0.0882998317"," 0.02199396","-0.0388800825"," 0.092485672","-0.291973657","-0.064943306","-0.116210192"," 0.536493729"," 0.06155435",7,6,"Colchine"
"Colchine_H6"," 0.069135065","-0.0443723025","-0.27102785"," 0.0233595653"," 0.3169188854"," 0.020061619","-0.034641290","-0.059244819","-0.128297409","-0.026437034","-0.223963834"," 0.060222206","-0.411306302","-0.152226270"," 0.054895094"," 0.0816906106"," 0.264665444","-0.064694649","-0.055186028","-0.09144410","-0.076027027"," 0.051143917"," 0.0152668149"," 1.716051e-01"," 0.3242793308"," 0.067772953"," 0.122363745"," 0.217322592"," 0.149107142"," 0.0252398836"," 0.093067870"," 0.035809400"," 0.065437993"," 0.172686235","-0.165164784","-0.065825485"," 0.131334886"," 0.175716484"," 0.028557897","-0.150249800"," 1.294614e-01","-0.1398266728"," 0.15672787"," 0.0475669777"," 0.017804277","-0.187049967","-0.033119689","-0.055305173"," 0.069246584","-0.10073225",7,6,"Colchine"
"Colchine_H8","-0.009236766","-0.0117455532"," 0.05182466","-0.0754419346"," 0.0695576815","-0.274205889","-0.167929020","-0.063705514"," 0.053740373"," 0.732641056"," 0.295196547"," 0.146336725"," 0.014233400","-0.020071092","-0.099909009"," 0.0948203951"," 0.375007491","-0.199866208","-0.202004463"," 0.10751585","-0.125451707"," 0.041891064","-0.1276111481","-1.004836e-01"," 0.1291088501","-0.250615638"," 0.085592247"," 0.005854509"," 0.008623166","-0.1036781512"," 0.108545804","-0.329669717","-0.149065926","-0.102463432","-0.175623723","-0.063934396","-0.005619798"," 0.085612523"," 0.053488599","-0.017163281"," 9.278814e-02","-0.1677178295","-0.19097045"," 0.0761855908","-0.131461637","-0.213598050","-0.203505688"," 0.006716054"," 0.457438505","-0.07456704",7,6,"Colchine"
"PMSF_H1"," 0.013878793","-0.8655808065","-0.68370223"," 0.8409102365"," 0.1447745860"," 0.286440840"," 0.020346715"," 0.322907990"," 1.238583480","-1.468365438"," 0.346351105","-0.037918366","-1.316666834","-0.671586699"," 0.142741786","-0.5616809394"," 0.505998030"," 0.681018715","-0.676201132"," 0.52669198"," 0.423797476"," 1.042563122"," 0.2249391810","-1.967981e-01","-0.3853396094","-0.213857006"," 0.213268243","-0.540312562"," 0.102910840","-0.5792707293","-0.047314927"," 0.233900273","-0.397519460"," 0.627845984","-0.022159375"," 0.111671288"," 0.549787066","-0.220772196"," 0.849210327","-1.128535347","-6.813784e-01"," 0.4559578588"," 0.26615608"," 0.5297296592","-0.328247634","-0.781154877","-0.633311858","-0.567457243","-0.237854507","-0.31638053",8,7,"PMSF"
"PMSF_H2"," 0.055628060","-0.5273214005","-0.45443042"," 0.1443225284"," 0.3740133039"," 0.236612457"," 0.138812014"," 0.080785514"," 1.183216765","-2.171562075"," 1.168068416"," 0.074587484","-1.515529087","-0.905685405"," 0.126168345"," 0.0742949641"," 0.647614079"," 0.496598693","-0.585932285","-0.10724502","-0.079534401"," 0.874152887","-0.9226393325","-2.120510e-01","-0.3374310630","-0.466035331","-0.330167741"," 0.644419592"," 0.611443460"," 0.1617767610"," 1.125059466"," 0.517526678"," 0.434779144"," 0.789797744"," 0.106473046","-0.303479333"," 0.291365991","-0.182464897"," 1.278778446","-0.878902244","-9.508613e-01"," 0.1841113734"," 0.19613816"," 0.9048633670","-0.432690170","-0.461710281"," 0.338517793","-0.121149940","-0.478290220","-0.58087267",8,7,"PMSF"
"PMSF_H4"," 0.194715738","-0.4869777049","-0.02321564"," 0.9076468858"," 0.3531057816","-0.258359429"," 0.173249466","-0.251917863"," 1.288858803","-2.789447931"," 1.097288781"," 0.210712882","-1.174879046","-1.011182199"," 0.273905120"," 0.3451409858"," 0.742268086"," 0.482705140","-0.718913288"," 0.02910867","-0.323733170"," 1.044797156","-0.9108871143","-2.756711e-01","-0.2869777071","-0.669657889","-0.333752233"," 0.249809628"," 0.357433515"," 0.0492793828"," 1.222131837"," 0.265872499"," 0.141830135"," 0.969363820","-0.074536447","-0.692523272"," 0.231004049"," 0.030897743"," 1.283814924","-0.594384781","-6.837545e-01"," 0.3458411757","-0.18971303"," 1.2153349578","-0.456117629","-0.027607867","-0.129324679","-0.017591712","-0.980731772","-0.95044156",8,7,"PMSF"
"PMSF_H6","-0.149618302","-0.4834849047"," 0.36144176"," 0.6394142237"," 0.1747028812","-1.110344088"," 0.377813767","-0.160744062"," 1.407769836","-2.032925353"," 1.132796984"," 0.165659990","-1.126689570","-1.016796478","-0.026508760"," 0.7447600549"," 0.686568952"," 0.080226480","-0.471276742","-0.20150151","-0.442232803"," 1.024786936","-0.8888445346","-2.984704e-01","-0.1911741033","-0.436716843","-0.110369330"," 0.518036426"," 0.388392604","-0.4754485915"," 1.387706901"," 0.331242221"," 0.819085246"," 0.659723978","-0.226543278","-0.606506066"," 0.148631261","-0.148581924"," 1.258657327","-0.479191100","-5.717696e-01"," 0.3762585895","-1.00040539"," 0.3911061764","-0.503982056"," 0.506436592","-0.482136088","-0.093832314","-0.470367840","-0.42156529",8,7,"PMSF"
"PMSF_H8","-0.217755924","-0.8593286768"," 0.01537116"," 0.6255167060"," 0.5208012200","-1.290650719"," 0.121243926","-0.248640031"," 1.191626326","-1.749947951"," 1.581226832"," 0.242354532","-1.075552006","-0.885222561","-0.503457294"," 0.7823721550"," 0.015973697"," 0.069486822","-0.887603743"," 0.22409415","-0.403269429"," 0.928509579","-0.9571921312","-2.974434e-01"," 0.0007427409","-0.306027654"," 0.185427458"," 0.154235578","-0.058938429","-0.5530562006"," 1.014821499"," 0.215400599"," 0.209090511"," 0.685338591","-0.603658767","-1.153929902"," 0.194635420"," 0.002652758"," 1.543489819","-1.107823223","-5.023722e-01"," 0.5472598022","-1.32569911","-0.4517709310","-0.413146522"," 0.011263351","-1.400104925","-0.847076898"," 0.289388369","-0.66300778",8,7,"PMSF"
"Leupeptine_H1","-0.079025754"," 0.0604225251","-0.17476520"," 0.5744502123","-0.2810750026","-0.027123961"," 0.464936975"," 0.434130753"," 0.042106324","-0.288297953","-0.226010684"," 0.194999661"," 0.202312008","-0.075027190"," 0.078226103","-0.2159496298","-0.278426928"," 0.009560744"," 0.011763522","-0.17057303"," 0.184627249"," 0.196947220"," 0.1313128969","-6.269775e-02","-0.2985637969"," 0.094436020"," 0.150481798","-0.356007187","-0.311176505"," 0.1870051928","-0.182085412","-0.443460739"," 0.144826681","-0.113305122"," 0.257631370"," 0.209893880","-0.037557568","-0.083336374","-0.023316021"," 0.126307050","-9.668333e-02"," 0.1775277546","-0.23348954","-0.1253969795"," 0.058915626","-0.141001983","-0.006631821","-0.107660943","-0.508886079","-0.12965411",9,8,"Leupeptine"
"Leupeptine_H2"," 0.023931270"," 0.0798072013"," 0.27253556","-0.1665874613","-0.0470831098"," 0.076351760","-0.002496802"," 0.094592594","-0.111183823"," 0.405609251"," 0.113985880"," 0.033938744","-0.019201157","-0.056728311"," 0.073163407","-0.5354608582","-0.131651765","-0.040666615"," 0.089535301","-0.12223433"," 0.088431545"," 0.007995550","-0.3283886120"," 9.115196e-02"," 0.0742699020"," 0.064789342","-0.187128185"," 0.067320755","-0.231262333"," 0.1474840608"," 0.123916675"," 0.170908768","-0.575705301","-0.046461523"," 0.006241156"," 0.074103703","-0.134619079","-0.117749187"," 0.124985007","-0.208195801"," 1.138322e-01","-0.0248339096","-0.08541856","-0.1738713959"," 0.024196257"," 0.009207985"," 0.119386756","-0.067905674"," 0.115439701"," 0.22892063",9,8,"Leupeptine"
"Leupeptine_H4"," 0.100219197"," 0.1098522652","-0.05121864"," 0.4648729817"," 0.1501842861","-0.048883045","-0.037453219"," 0.068868902","-0.054242586","-0.293669141","-0.095506849"," 0.043142975"," 0.229610418","-0.114615944"," 0.066063265"," 0.1046713095"," 0.045566372","-0.049532552","-0.039923309","-0.06202353","-0.176151747","-0.129306597","-0.0014141807"," 1.802715e-02"," 0.0959318523","-0.268151269","-0.068776774","-0.057704724","-0.009328808"," 0.0664024264","-0.023859935","-0.358390374","-0.302374262"," 0.112393993"," 0.022896513","-0.505474079","-0.166425080"," 0.004063342","-0.374897333"," 0.280125142"," 2.043670e-01"," 0.1213873140"," 0.05261353"," 0.2371580502"," 0.015076165"," 0.283789027","-0.246638523"," 0.091015400","-0.049174246","-0.26532660",9,8,"Leupeptine"
"Leupeptine_H6","-0.168978494"," 0.2770947071"," 0.19712522","-0.1208444110","-0.1745421543","-0.114437687"," 0.113847364","-0.050500882"," 0.368045164"," 0.129108343"," 0.243379444","-0.169348358"," 0.023427255","-0.015578424","-0.083179374"," 0.2293748971","-0.165383742","-0.144924486","-0.111428992","-0.38552440"," 0.109050861","-0.142142558"," 0.1649988759","-3.413696e-02","-0.0038516928"," 0.077802019","-0.091035227"," 0.093700151","-0.104404150"," 0.1904089114"," 0.241644300","-0.087327106"," 0.375409104"," 0.007723352"," 0.092533088","-0.075754675"," 0.050982547","-0.097121445"," 0.103713924"," 0.297329747"," 1.902629e-01","-0.0031575090","-0.03851279"," 0.0385103025","-0.182565572"," 0.104247249"," 0.053084497"," 0.239761183","-0.003265196","-0.14318042",9,8,"Leupeptine"
"Leupeptine_H8"," 0.032937468"," 0.0706460299"," 0.12714112","-0.7502315264"," 0.2682663271"," 0.218587301","-0.163659941","-0.257912843"," 0.055631488","-0.227081896"," 0.648959874"," 0.025498669","-0.047157232","-0.013311341"," 0.197565817"," 0.4307607040","-0.147977413","-0.088112624"," 0.073115548"," 0.05211846","-0.108014845","-0.087725629","-0.0385529163"," 1.900207e-01"," 0.0990607982","-0.030471101"," 0.056235935"," 0.141698460"," 0.126338194"," 0.2458287316"," 0.106537645","-0.035508815"," 0.466169763"," 0.178023307","-0.169654088"," 0.001885840"," 0.044496629"," 0.122458863"," 0.041113346"," 0.017381346"," 1.617132e-02","-0.0579086225"," 0.38547365"," 0.0895779402"," 0.012597922"," 0.128860601"," 0.099630781"," 0.061560543"," 0.270753842"," 0.09696071",9,8,"Leupeptine"
"Apicidin_H1","-0.046033850","-0.0881573383"," 0.42361232","-0.3154575788","-0.1830691991"," 0.114728596","-0.507256508","-0.071498436"," 0.242785634"," 0.148722433","-0.131452895"," 0.076515254","-0.210016771"," 0.084178477"," 0.130117237"," 0.4674031756"," 0.015410802"," 0.104283317","-0.297297844","-0.05104866","-0.052550424","-0.017712779","-0.1052596231","-3.242945e-01"," 0.1464954804"," 0.228392167"," 0.053285970","-0.252879488","-0.117474977","-0.3622095485","-0.148528317"," 0.127530698","-0.060277341","-0.050693098","-0.066903068","-0.266035791"," 0.068526115"," 0.028910307"," 0.270619217","-0.700762306","-1.885653e-01","-0.0185754582"," 0.33743794","-0.4398151141","-0.133312539","-0.277841485","-0.405086355","-0.397939015"," 0.355110933","-0.18920616",10,9,"Apicidin"
"Apicidin_H2"," 0.215745718","-0.0195005799"," 0.20406740"," 0.2547604904"," 0.4626264928"," 0.047734118","-0.260759249","-0.114502437"," 0.236634669","-0.229015519"," 0.314804537"," 0.458126209","-0.249744911","-0.151742128"," 0.148910235","-0.0389088918","-0.104005323"," 0.091668301"," 0.080159086","-0.12206749","-0.156841857"," 0.073379660","-0.0550377222"," 3.430892e-01","-0.1457992080","-0.167280887"," 0.191614116"," 0.261053465"," 0.275333976","-0.0072568233"," 0.326849676","-0.089903050"," 0.075640394"," 0.173504492"," 0.037297439","-0.518243183"," 0.146867027","-0.044884748","-0.114568438","-0.448306384","-2.933373e-01","-0.0942510290"," 0.21271822"," 0.0284447905"," 0.186491911"," 0.155583447","-0.080492227","-0.181426958","-0.718619129","-0.18192323",10,9,"Apicidin"
"Apicidin_H4"," 0.005308789"," 0.0849241520","-0.13910695","-0.1828143805","-0.2087089921"," 0.130322138","-0.077536214"," 0.109702520"," 0.094283243","-0.180494530"," 0.250165992","-0.057676197","-0.029059499","-0.030424441","-0.416019753","-0.1391106407"," 0.100289782","-0.085182245","-0.130977237","-0.08977964","-0.201900729","-0.017546498"," 0.1215062233"," 1.301230e-02","-0.1129622555"," 0.165083977","-0.004785416"," 0.123936555","-0.040423117","-0.0822091910"," 0.110926756","-0.020240747"," 0.350524429","-0.183721735","-0.074621160","-0.082396778","-0.047230190","-0.168498746","-0.102194071","-0.059043307"," 1.604439e-01"," 0.0527930376"," 0.14803317"," 0.0645282394","-0.102629367"," 0.200066856","-0.276712990","-0.183404060","-0.001836344","-0.04527142",10,9,"Apicidin"
"Apicidin_H6","-0.105196653","-0.0525535891","-0.01944052","-0.0702033636","-0.0231290027"," 0.006989802","-0.029973865","-0.065671457"," 0.220233033"," 0.014706495"," 0.279001233","-0.001125017","-0.094047854","-0.125149066"," 1.131814675"," 0.1395551754","-0.150614554"," 0.135858721","-0.104605443","-0.18771464","-0.213882250"," 0.190832513","-0.0399032780"," 1.401918e-01","-0.1511904127"," 0.101604314","-0.134150437"," 0.142778478"," 0.182537076","-0.1289390302"," 0.107428843","-0.031295548"," 0.215284460"," 0.008527172"," 0.182729994"," 0.090229931"," 0.145619452","-0.001723909"," 0.135301087","-0.123570486","-7.020620e-02"," 0.1045997672"," 0.08162083","-0.1452639832","-0.037404738"," 0.094902201"," 0.272564577","-0.208241097"," 0.110957224","-0.15976894",10,9,"Apicidin"
"Apicidin_H8","-0.131313769","-0.1424497827"," 0.12274900","-0.0779911548","-0.1875190878","-0.125623344"," 0.159624803"," 0.184310716"," 0.319424441"," 0.181936556"," 0.230931288","-0.104200339","-0.006186513"," 0.012362449","-0.333593246"," 0.0786439916"," 0.119365472","-0.123432942","-0.092455228","-0.09292746","-0.238037988"," 0.072349229"," 0.1711529313","-5.598409e-02","-0.1815397412","-0.054461980","-0.032942726"," 0.271043085"," 0.074236539","-0.0490340083"," 0.058393614","-0.218918297"," 0.237866961","-0.154298466"," 0.103852354"," 0.089811497","-0.019410451","-0.090406174"," 0.087644066","-0.040370108","-2.362202e-05"," 0.0969549785","-0.10529933"," 0.0513564785","-0.072419726","-0.066848241"," 0.096196841","-0.160202600"," 0.341904636","-0.12274735",10,9,"Apicidin"
"Apicidin_H10"," 0.050572731"," 0.0359040521","-0.05410608"," 0.2314391797"," 0.1314587904","-0.012127554"," 0.008425785","-0.206093274"," 0.150645252"," 0.059671706"," 0.090051272"," 0.067657865"," 0.183518252","-0.193718903","-0.041265127"," 0.3566325947","-0.015198068","-0.065788933","-0.118111188","-0.15576070","-0.285106996","-0.089534244","-0.1981675448","-3.841074e-02","-0.1207184423","-0.024515086"," 0.111765351"," 0.426237327"," 0.142390911","-0.0457604799"," 0.081589717"," 0.062309463"," 0.570294749","-0.035432698"," 0.161880119","-0.177403534"," 0.011270195","-0.052848637"," 0.183088465"," 0.110033826","-1.080900e-01","-0.0142179182"," 0.08694159"," 0.0498941053","-0.105489467"," 0.147942886"," 0.003855741"," 0.092779064","-0.210787533","-0.03990977",10,9,"Apicidin"
"Trichostatin_H1","-0.113532479"," 0.8131066103"," 0.30952096"," 0.1196125217"," 1.9755346360"," 0.865147490"," 0.139475826","-0.039739374","-0.237501485","-0.288973583"," 0.360978267","-1.104612048","-1.262049862"," 0.561382375","-0.744807693"," 0.2202865822"," 0.450136760","-0.860415732","-0.166945442","-0.52252414","-0.416770464","-0.356016492","-0.0000849478"," 2.828524e-01"," 0.3948900805"," 0.543850093"," 0.341063698"," 0.381839680","-0.841884063","-0.6840301569"," 1.548535141"," 0.238246240"," 0.473590755"," 0.298571687","-0.158379350"," 0.631451768","-0.210933914","-0.475998453"," 0.949277098","-1.676235367"," 1.136699e-01"," 0.4418826427"," 0.71826027"," 0.0552648001","-1.244880386"," 0.323096289","-0.279065539","-0.116628978","-0.125900515"," 0.41754605",11,10,"Trichostatin"
"Trichostatin_H2"," 0.099077134"," 0.7689178886","-0.02132999","-0.3709153519"," 2.8368953993"," 0.698739963","-0.476537875","-0.263306821","-0.621181831"," 0.065360575"," 0.934568862","-0.091840857","-0.739966326","-0.270236277","-0.431039343","-0.5500367302"," 0.559728626","-0.263984959","-0.265563014","-0.51727144"," 0.131435559"," 0.117143138","-0.1822807584"," 7.280272e-01"," 0.0576586587","-0.808440612"," 0.526275690"," 0.902558842","-0.821939690"," 0.8738835437"," 0.785116875"," 0.009895266"," 0.109453787"," 0.278944485","-0.198136259"," 0.984914100"," 0.196031156","-0.973111035"," 0.718997043","-1.271546201","-3.359968e-01","-0.2059178775"," 0.23367988"," 0.4855152817","-0.996236575"," 0.629706344","-0.065911345","-0.661674786","-1.025849582","-0.10875262",11,10,"Trichostatin"
"Trichostatin_H4","-0.014667208"," 0.8350129829","-0.12384553","-0.5031203580"," 3.2622744856"," 0.310684404"," 0.306550073","-0.037812120","-0.449648696","-0.387151547"," 1.019903307"," 0.027474058","-0.821919329","-0.173776796","-0.200557906","-0.5150278992"," 0.318134576","-0.674251276","-0.123550803","-0.31653171"," 0.418104750","-0.016945039","-0.0965100922"," 5.582193e-01","-0.0332291874"," 0.014654459"," 0.561572012"," 0.100762306","-1.029940024"," 0.1374897969"," 1.272162698","-0.075236604"," 0.108947943"," 0.123100235"," 0.049064310"," 0.701617623"," 0.293330029","-0.699724835","-0.039397854","-1.503134132","-5.153276e-01"," 0.4366828980","-0.37609752"," 0.3578040337","-1.003904711"," 0.026875852","-0.420671846","-0.076000832","-0.664571863","-0.13714912",11,10,"Trichostatin"
"Trichostatin_H6"," 0.034241838"," 0.7007979449","-0.08534992","-0.5299229851"," 3.4089475408"," 0.083367489"," 0.201407145"," 0.008167519","-0.741608766"," 0.094708152"," 0.777790181","-0.239028510","-0.362284966","-0.160522581","-0.795756124","-0.2205337400","-0.169249787","-0.678581692"," 0.290270091","-0.09751882"," 0.365118795","-0.178185963"," 0.0372151960"," 8.263744e-01"," 0.3770091578","-0.812144177"," 0.481728376","-1.196104592","-1.114229124"," 0.5085987225"," 0.477280026","-0.581290864"," 0.110278056"," 0.091942557"," 0.265760788"," 0.703490254","-0.314834403","-0.579939396"," 0.847047780","-0.882059787","-1.501579e-01"," 0.5615352547","-0.07685575"," 0.3447272435","-0.553031684"," 0.366053336","-0.031639545"," 0.161785526","-0.051428495","-0.31231124",11,10,"Trichostatin"
"Trichostatin_H8","-0.049319287","-0.0374452382","-0.60144497","-0.0663582039"," 2.8402765304"," 0.462180548"," 0.496440468"," 0.094134767"," 0.085951843"," 0.132854474","-0.031519838","-0.614817804","-0.130844080"," 0.124291444","-0.097125887","-0.4915322729"," 0.012706995","-0.706994266"," 0.481153788","-0.03127859"," 0.128861671","-1.001509005"," 0.1133653414"," 2.324994e+00"," 0.3101213081"," 0.048806143"," 0.199558188","-0.928175995","-1.235349087","-0.0104187119"," 0.298905190","-0.474704772"," 0.067551250"," 0.156708375","-0.218697538","-0.001188659","-0.185173722","-0.078464195"," 0.290243963"," 0.024439764","-2.990982e-02"," 0.1029581264"," 0.10782081","-0.1833129435","-0.215923930"," 0.039254718","-0.336569545"," 0.434429540","-0.486887714"," 0.06652334",11,10,"Trichostatin"
"Trichostatin_H10"," 0.639604862","-1.3737206061","-0.78056625"," 0.3830591297"," 1.7669642275"," 1.895970326"," 0.762377600"," 0.799487201"," 0.438876276"," 0.036181696"," 0.388078205"," 1.067090056"," 0.753224674","-0.639935485"," 0.308202297","-1.8787281572","-0.558533956","-0.492624242"," 3.182363687"," 1.97743342"," 0.366010037","-1.516020475"," 0.4006575774"," 1.337264e+00","-1.5496973835"," 0.464307664"," 0.926256718","-1.210684383","-1.074609796","-1.2260848635","-0.769214409","-0.835150469","-0.542619894","-0.454369929"," 0.825891166","-0.174843494","-0.430579486"," 0.610167997"," 0.600373408"," 1.054381237","-3.679961e-01","-1.2729330890"," 0.68062499","-0.3640616424","-0.300819896"," 0.411313046"," 0.401446064"," 1.084514120","-1.026588426"," 0.26214029",11,10,"Trichostatin"
"Quinine_H1","-0.347293773","-0.0142800317","-0.23269274"," 0.0133844396"," 0.0442374048","-0.089348358","-0.499034053","-0.045090854","-0.153774253"," 0.132901067","-0.137941798","-0.231656320","-0.460746983"," 0.033088335"," 0.096605887","-0.1462260531"," 0.462261054","-0.075401068","-0.318790005","-0.16715262"," 0.179587427"," 0.119772949"," 0.2906764987","-3.344623e-01"," 0.2376289558","-0.319200691"," 0.033814241"," 0.072043432"," 0.180712236"," 0.0689115042"," 0.126694336"," 0.147437905","-0.246033400"," 0.328502772","-0.087165519"," 0.055531793"," 0.144811698","-0.227597112","-0.116668023","-0.314272858"," 5.037274e-01"," 0.0055817982","-0.49233648"," 0.0831835025","-0.017609746","-0.356289718","-0.248706648","-0.370335125"," 0.105213163"," 0.17337849",12,11,"Quinine"
"Quinine_H2","-0.463497395"," 0.0358945028"," 0.21817362","-0.0539925242"," 0.4510699013","-0.772437706","-1.096869689"," 0.029822974","-0.676209633"," 0.301494129","-0.015392012","-0.316252409","-0.668002755"," 0.291786674","-0.184105231","-0.1854820968"," 0.380006920"," 0.124265102","-0.450254721","-0.36398183"," 0.120857250"," 0.092545864","-0.0492860307","-9.117568e-01"," 0.4702672245","-0.944296396"," 0.381152960"," 0.280768513"," 0.262966235","-0.0300827384"," 0.599209778","-0.076765806","-0.221968313"," 0.406113918","-0.063984952","-0.393594708"," 0.013432896","-0.493715381"," 0.207078694","-0.422044542"," 4.734055e-01","-0.0022999747","-1.44327117","-0.2572850280"," 0.201445721","-0.638103709","-0.515773313","-0.984974696","-0.023588683"," 0.14221950",12,11,"Quinine"
"Quinine_H4","-0.293353325","-0.2464290383","-0.26135688"," 0.0637329587"," 0.6699233011"," 0.018684855","-0.752445775"," 0.048557716","-0.607618772"," 0.026030107","-0.002636156","-0.066072619","-0.543602757","-0.099016824"," 0.220259512","-0.1087085189"," 0.441766486"," 0.086201929","-0.413044462","-0.46163379","-0.003881334"," 0.641685558"," 0.4276653858","-1.109241e-01"," 0.2468804041","-1.102285540"," 0.194433717","-0.046038301"," 0.340085129","-0.0353187069","-0.010543251"," 0.211466634","-0.415872245"," 0.424304810"," 0.099684003","-0.033019516"," 0.299430057","-0.217384958"," 0.004525794","-0.415208128","-1.663728e-01"," 0.0925606420","-0.81235758"," 0.0357057013"," 0.302821910","-0.772466399","-0.255100703","-1.002702519","-0.152664046"," 0.11139773",12,11,"Quinine"
"Quinine_H6","-0.397897513","-0.2154585216"," 0.11503011"," 0.0397741929"," 0.3929776171","-0.360102419","-0.555407128"," 0.074528105","-0.243181173"," 0.566463637","-0.077838635","-0.192208800","-0.230806894"," 0.115138214","-0.136010303","-0.1556156363"," 0.203186220","-0.018598546","-0.340101008","-0.38502086","-0.132068822"," 0.176245874","-0.0396049958","-3.352182e-01"," 0.2093874387","-0.285497898"," 0.197603148"," 0.134992776"," 0.353345743"," 0.0554896535"," 0.093996432","-0.278584785","-0.868162012"," 0.233075312"," 0.142404881","-0.329042317","-0.048437604","-0.270634694"," 0.114373301","-0.135451942"," 1.060535e-01"," 0.1715058710","-1.02498966","-0.0289865081"," 0.232444938","-0.246963009","-0.338127778","-0.567615747","-0.070775796"," 0.04419889",12,11,"Quinine"
"Quinine_H8","-0.197379372","-0.3960764700","-0.60082857","-0.2021020717"," 0.8510088617","-0.323229003","-0.100688023","-0.166158989","-0.377714083"," 0.351086622","-0.468798443"," 0.175048699"," 0.270184902","-0.215676873"," 0.180112525"," 0.1592679278"," 0.535139140","-0.204772267"," 0.136022056"," 0.40867148"," 0.068369713","-0.024411996"," 0.0438744307"," 3.914150e-01","-0.0457443178","-1.341288308"," 0.398765786","-0.038955653"," 0.014773070","-0.0053686879","-0.553947660","-0.330000886","-0.258857527"," 0.045640948"," 0.319660981"," 0.126736329"," 0.029894502"," 0.214811975"," 0.351258182"," 0.393068336","-2.036014e-01","-0.3189761133","-1.47273840"," 0.1655059004"," 0.132874499","-0.279423420","-0.158117759"," 0.040889607","-0.128902357","-0.01620245",12,11,"Quinine"
"Quinine_H10","-0.333951259"," 0.2384894444","-0.28455360"," 0.1572476488"," 0.0820014521","-1.391107981","-0.752356664","-0.181076565","-0.059107094"," 0.188325231"," 0.215703717","-0.258798035","-0.284253477","-0.183889664"," 0.237273521"," 0.1486341892"," 0.086285802"," 0.224547376","-0.574201240","-0.58541119"," 0.239066730"," 0.246834056"," 0.1069449513","-2.787826e-01","-0.2542133561","-0.671861728"," 0.410467362"," 1.031939255"," 0.512531299","-0.0007090302"," 0.478653439"," 0.044443974"," 0.101486749"," 0.170737106"," 0.134814614","-0.104377952","-0.128207426","-0.296515507"," 0.378810681","-0.520793884"," 5.344642e-01"," 0.4057463911"," 0.06542312","-0.0749559919"," 0.684173565","-0.205791018","-0.659679750","-0.813588604","-0.319105177"," 0.22488556",12,11,"Quinine"
"Chloroquine_H1"," 0.288754930","-0.1697539857","-0.18322988","-0.0111172319","-0.2381900784"," 0.777687675","-0.240315259","-0.176145459","-0.126431195","-0.053361471"," 0.187668054","-0.453048740"," 0.734714411","-0.170155688","-0.067846602","-0.5972850902"," 0.189446505"," 0.480365450"," 0.654910047"," 0.76720879"," 0.703257165","-0.072557031"," 0.1348756798"," 6.308491e-02","-0.4348475130"," 0.190127308","-0.304937713","-0.710381079"," 0.203862442"," 0.3529831985","-0.644997499"," 0.511916645","-0.760683083","-0.324498625","-0.485316447"," 0.717647841","-0.115211334"," 0.090024809","-0.514428693"," 0.128217608"," 2.169104e-01"," 0.1545755256"," 1.00526409"," 0.1611252069"," 0.099776835"," 0.273244895"," 0.383292923","-0.070365390","-0.449508596"," 0.87772667",13,12,"Chloroquine"
"Chloroquine_H2"," 0.395957475","-0.3230574355"," 0.10547006"," 0.0357116336","-0.1913200797"," 1.119489479","-0.231439872","-0.134879393"," 0.401297782","-0.208504502"," 0.219886835","-0.267404169"," 0.267856886","-0.260387423"," 0.102871969","-0.1071739001","-0.070097624"," 0.617999070"," 0.519065164"," 0.32966956"," 0.370724307","-0.180751502","-0.1011866187"," 2.417057e-01","-0.2642888835"," 0.061486197","-0.109416383","-0.334089629"," 0.156214753","-0.0476547809","-0.514548373"," 0.447222527"," 0.001155219","-0.047553379","-0.151568042"," 0.320916599"," 0.197082612"," 0.263228370","-0.515076003","-0.015703887","-2.233294e-01"," 0.0249465913"," 0.98981705"," 0.2093479741","-0.098204775"," 0.012744005"," 0.532544790"," 0.114587586"," 0.084039668"," 0.47212814",13,12,"Chloroquine"
"Chloroquine_H4"," 0.358884026"," 0.2018160379"," 0.08956271","-0.1139334132","-0.1766752474"," 1.357247595","-0.151934392","-0.100201318","-0.690508790","-0.458871156"," 0.298303662","-0.308139953"," 0.593241177","-0.107559530","-0.013945208","-0.2971669109"," 0.047591193"," 0.323459169"," 0.549924046"," 0.52152987"," 0.499996469","-0.287714163","-0.0948614708"," 3.311742e-01","-0.2200703892","-0.014678145","-0.040373858","-0.345595483","-0.253971366"," 0.1569719994","-0.140232541"," 0.304711013","-0.334723259","-0.096423896","-0.219743268"," 0.135506218","-0.025059667","-0.015819111","-0.344138745"," 0.179074153"," 1.720606e-01","-0.0143102368"," 0.91641789"," 0.1954239751"," 0.136795293"," 0.213480098"," 0.357096558"," 0.054068026","-0.299286314"," 0.29164741",13,12,"Chloroquine"
"Chloroquine_H6"," 0.146772658","-0.0566514263"," 0.17122444"," 0.1357950299"," 0.0954157177"," 1.358667290","-0.144166340","-0.036109357","-0.441142495"," 0.151524642"," 0.062064179"," 0.009868786"," 0.108182716"," 0.007946545","-0.020619790"," 0.0999699204"," 0.322555762"," 0.234457745"," 0.271740252"," 0.09446799"," 0.065534804","-0.129246202","-0.0318762105"," 1.182832e-01","-0.1924627773","-0.100540311"," 0.194551600","-0.038474928","-0.003711092"," 0.0074280907","-0.149250943"," 0.011197007"," 0.133584399","-0.062271793"," 0.043128816","-0.285631387"," 0.089385633"," 0.094731421","-0.154894887"," 0.177728298","-2.071806e-01"," 0.1119444638"," 0.95017370"," 0.0378174546"," 0.067009647","-0.037853934"," 0.285498115"," 0.109752016"," 0.049681545"," 0.17265287",13,12,"Chloroquine"
"Chloroquine_H8"," 0.227341775","-0.1395145240"," 0.18164758"," 0.1896992920"," 0.2149275613"," 1.492036982","-0.315832651","-0.009893447","-0.162027358","-0.004076937","-0.079454738","-0.136752490"," 0.322094629"," 0.041874841"," 0.123749252"," 0.1090401214"," 0.304496140"," 0.179744132"," 0.272709031","-0.03036061"," 0.067295706","-0.071630024","-0.0259037630"," 2.473457e-01"," 0.0521791514"," 0.002506124","-0.292125348"," 0.208512945"," 0.058266146"," 0.0088036121","-0.096249697"," 0.033979602"," 0.187594528"," 0.095331253","-0.071107026","-0.250869430"," 0.101966365"," 0.124254879","-0.553663761"," 0.202515308","-1.433779e-01"," 0.0809811854"," 1.89735797"," 0.0934133779"," 0.033659557"," 0.287704888"," 0.258009200"," 0.244020289","-0.068039258"," 0.37313660",13,12,"Chloroquine"
"Chloroquine_H10"," 0.205346905","-0.1563373931"," 0.34863806","-0.0147619026","-0.0907299970"," 0.697143473"," 0.068141255"," 0.156746585","-0.366690222"," 0.012736456"," 0.384171927","-0.650558142"," 0.189829068"," 0.148942874","-0.037189999","-0.4635605370"," 0.429549170"," 0.244613577"," 0.012915350"," 0.05723312"," 0.060547377"," 0.096469963"," 0.1796893447","-1.043975e-02","-0.0197851053"," 0.057974008"," 0.210908281","-0.150848531"," 0.239322652"," 0.1067816693","-0.202744673"," 0.034576551","-0.386618002"," 0.070667349"," 0.166408116","-0.391163085"," 0.130365510"," 0.156873718","-0.239689221","-0.064325170","-8.226045e-02"," 0.2966200547"," 0.42101415"," 0.1221991506","-0.244627171","-0.193849125"," 0.031926563"," 0.005396161","-0.197441604"," 0.26095008",13,12,"Chloroquine"
"Febrifugine_H1","-0.154227847","-0.0338404548","-0.05389102","-0.2061137781"," 0.0709284782"," 0.093566507","-0.355197200","-0.146605262","-0.340060539"," 0.194840070"," 0.131183663"," 0.086002960","-0.172586509","-0.058018758"," 0.167329734"," 0.0335826790"," 0.442063478","-0.114303666","-0.142148724","-0.63402797","-0.271581926","-0.058449615"," 0.1234260928","-4.442714e-01"," 0.0877344696","-0.094082911"," 0.042242297"," 0.107329793"," 0.203495911","-0.1448587096"," 0.065292547","-0.125861848","-0.231874782"," 0.212495508","-0.084200666","-0.214272723","-0.053340118","-0.275492314"," 0.127478898","-0.019887156"," 3.982737e-01"," 0.1197820922","-0.26439742"," 0.1461495235","-0.176116717","-0.058031079","-0.418208664","-0.095834428","-0.026558968"," 0.17177450",14,13,"Febrifugine"
"Febrifugine_H2","-0.087032220","-0.1059665872"," 0.20424109"," 0.1628687739"," 0.4144312984","-0.311861240","-0.292832812"," 0.151080981","-0.146622948","-0.070689673","-0.028257792","-0.089384593","-0.158593777"," 0.159709872"," 0.147987475"," 0.3202076167"," 0.182007010"," 0.115639799","-0.006042703","-0.34009012"," 0.029762785","-0.033560746","-0.1243179019","-7.091445e-01","-0.1002592146"," 1.003471602"," 0.377259179","-0.250112981"," 0.366788965","-0.0310412193","-0.029608896","-0.055113210"," 0.047179393"," 0.184527093"," 0.190392312","-0.380345394"," 0.199331789","-0.376907917","-0.218977110","-0.153039013"," 1.492965e-01"," 0.3782255631","-0.39117865","-0.1702583486","-0.307437937"," 0.660792482","-0.490538201","-0.449445799","-0.082270844"," 0.55065856",14,13,"Febrifugine"
"Febrifugine_H4","-0.262465839"," 0.0055933236","-0.12920775"," 0.2656768806"," 0.4245736125","-0.414699871","-0.302969160"," 0.187957667","-0.242424508","-0.050566431","-0.174391043"," 0.002538815"," 0.063293908"," 0.048265504"," 0.256980541"," 0.2544308986"," 0.164610223"," 0.091529352","-0.179629515","-0.45978674"," 0.033747255"," 0.108684478","-0.0259779572","-4.432571e-01","-0.1283303838"," 0.488533297"," 0.075529836"," 0.105766234"," 0.444471914"," 0.1133966268"," 0.008027705","-0.109489147","-0.366360396"," 0.122038477"," 0.109137728","-0.284255577"," 0.016415674","-0.685318825"," 0.106698826","-0.261827909"," 7.111641e-02"," 0.2438693891","-0.93839457","-0.0780591023","-0.011548767"," 0.299908575","-0.785513996","-0.316280531","-0.049801079"," 0.31967249",14,13,"Febrifugine"
"Febrifugine_H6","-0.053061393","-0.0197313255","-0.03460419"," 0.3577656469"," 0.4763958720","-0.076534472","-0.596842398","-0.073329827"," 0.047311052","-0.278868060"," 0.238239261","-0.012279639","-0.064208675","-0.103201023"," 0.407436631"," 0.4058808840"," 0.066688081"," 0.195040364","-0.270672648","-0.51302325","-0.160154713","-0.109771762","-0.2892427080","-5.130240e-01","-0.3778867558"," 0.808114417"," 0.260142158"," 0.196729791"," 0.483980984"," 0.1668138263","-0.049870676","-0.208964293","-0.356080503"," 0.079736836"," 0.257442461","-0.391862209","-0.090641764","-0.502228208","-0.053340257"," 0.057015902","-9.417225e-02"," 0.3705471699","-0.15772626"," 0.1645789272","-0.153374072"," 0.666059410","-0.588814834","-0.186800616","-0.436213378"," 0.31292887",14,13,"Febrifugine"
"Febrifugine_H8","-0.247752681"," 0.0463614085","-0.37564735"," 0.3315119206"," 0.1023396940","-0.048076738","-0.694126333","-0.127595309"," 0.101836396","-0.525103068"," 0.202367185"," 0.066318186","-0.092222595","-0.303935197"," 0.356980913"," 0.3304955449"," 0.594845127"," 0.123876118","-0.198268077","-0.68196381","-0.007603276"," 0.041879346"," 0.1525495532","-5.155273e-01","-0.6327598414"," 0.865264372"," 0.416810647","-0.007691923"," 0.320517744"," 0.2699914914","-0.089060411"," 0.017894351"," 0.102482312"," 0.130263782"," 0.243463062","-0.544008240"," 0.075397053","-0.754003910"," 0.529468168","-0.075634279"," 6.896983e-02"," 0.2996138004","-0.65066373"," 0.4440169829","-0.240805601"," 0.602948030","-0.162743605","-0.341034878","-0.258570933"," 0.40052083",14,13,"Febrifugine"
"Febrifugine_H10","-0.111138673"," 0.3688180266","-0.04725068"," 0.0636667160"," 0.1161211605","-0.442669278","-0.934165458","-0.311471419"," 0.222557149","-0.561948836","-0.233674748","-0.010836445","-0.458287013","-0.327957197"," 0.433808289","-0.0240063457"," 0.415293996"," 0.481648770","-0.669578881","-0.93675561"," 0.072542956"," 0.508586655","-0.1207932560","-3.017632e-01","-0.6411391400"," 0.985522776"," 0.355377974"," 0.729710179"," 0.385775938"," 0.2589309200"," 0.421753425"," 0.019908087","-0.088129322"," 0.031049628"," 0.184275190","-0.708130503"," 0.026596398","-1.072508244"," 0.743147792","-0.620407048"," 9.366911e-02"," 0.4990921058"," 0.13389155"," 0.0193193089"," 0.238400908"," 0.532911878","-0.528119373","-0.508496075","-0.621784303"," 0.04651024",14,13,"Febrifugine"
"Artemisinin_H1","-0.261879583"," 0.0260922021","-0.17967479"," 0.2944298406"," 0.0658445628","-0.122440451","-0.635071591","-0.038808723","-0.334093527","-0.357950038"," 0.231292669","-0.067877926"," 0.105790457"," 0.038115400"," 0.113899779"," 0.1108140305"," 0.553123060","-0.143447957","-0.030609212","-0.30346367","-0.115775772","-0.270060677"," 0.0246109017","-3.079818e-01","-0.0351588534","-0.618891241"," 0.116474514"," 0.081546188"," 0.261571477"," 0.0118818465"," 0.384574294"," 0.135357659","-0.832939158"," 0.200864738","-0.055052207"," 0.095528226","-0.135940816","-0.527311412"," 0.020876950"," 0.057518395"," 5.538190e-01"," 0.1146333138","-0.75007664"," 0.2031403749","-0.148525451"," 0.231607231","-0.336758331","-0.201834824","-0.232484319"," 0.17844457",15,14,"Artemisinin"
"Artemisinin_H2","-0.118565197"," 0.0734313730","-0.16817839","-0.0195481154"," 0.3949746014","-0.781886023","-0.480457564"," 0.351797449"," 0.124005001","-0.113161146"," 0.390871328"," 0.174450672","-0.182591532"," 0.239757074"," 0.220315574","-0.2357193151"," 0.430553646"," 0.393558713","-0.012514767","-0.38819309","-0.121342993"," 0.011790700"," 0.1985511534","-8.126798e-01","-0.0319639257","-0.220782504"," 0.440574503","-0.096989892"," 0.057879539","-0.0561068634"," 0.288398660"," 0.181397586","-1.066011243"," 0.232511902"," 0.110570944","-0.210542882"," 0.203381421","-0.489650285","-0.201857073","-0.401538208"," 1.904062e-01"," 0.4028936238","-1.05567989","-0.1312697080","-0.399399980"," 0.238806357","-0.550099210","-0.835340035","-0.436302166"," 0.49731966",15,14,"Artemisinin"
"Artemisinin_H4","-0.120136730"," 0.0874340492"," 0.10826411"," 0.4219577397"," 0.6557640047","-0.268262755","-0.379932023"," 0.127609883","-0.113968280","-0.155164176","-0.089358955","-0.045628295","-0.161254272"," 0.080816927"," 0.108135723"," 0.3341096625"," 0.131296925"," 0.072375980","-0.171816054","-0.41793514","-0.613530453","-0.252994403","-0.2386564898","-5.694946e-01","-0.0510035312","-0.277224145"," 0.309741364"," 0.516455614"," 0.370451427","-0.0056612948"," 0.368357081","-0.371790859"," 0.444851099"," 0.237562142"," 0.264493042","-0.217208758"," 0.022491275","-0.531148034","-0.066972046","-0.000583257","-1.757324e-01"," 0.2730561030","-0.72030139"," 0.2646493187","-0.262839564"," 0.410455909","-0.449416999","-0.070503301","-0.609467944","-0.05715017",15,14,"Artemisinin"
"Artemisinin_H6","-0.289244681","-0.3419060997"," 0.54281300"," 0.2342518616"," 0.7872061002","-0.895470472","-0.336169653"," 0.204709686","-0.213627140","-0.005440901"," 0.141480842","-0.205869695","-0.067206636"," 0.270430626"," 0.264100433"," 0.2170052046","-0.013490997"," 0.042464489","-0.116368845","-0.35562516","-0.125275524"," 0.296516596","-0.2655940581"," 1.691683e-01"," 0.1646572958","-0.120926890"," 0.108265157"," 0.200918209"," 0.511605520"," 0.3196050005"," 0.146786604"," 0.069373787","-0.220541605","-0.051798625"," 0.524811058","-0.355416106","-0.036598571"," 0.533793374"," 0.032117277"," 0.092340771"," 5.912435e-02"," 0.2560384625","-0.95867736","-0.1515749724"," 0.314759007"," 0.306290211","-0.738003156","-0.302740417","-0.527077671"," 0.52187040",15,14,"Artemisinin"
"Artemisinin_H8","-0.328692222","-0.1947133604"," 0.13404691"," 0.6747100547"," 0.3206546240","-1.486057258"," 0.074849442"," 0.269790429"," 0.635052979","-0.451454422"," 0.295793394","-0.009807052","-0.047783748","-0.158229574"," 0.362444998"," 0.3277057576"," 0.178178703","-0.174687232","-0.221183078","-0.54443588"," 0.233309640"," 0.376687328","-0.0173695893"," 2.018674e-01","-0.1021743381","-0.746741582"," 0.279985989"," 0.457671075"," 0.585007094"," 0.2897806876"," 0.230850737","-0.138472595","-0.321488759"," 0.122020648"," 0.585661875","-0.282047673"," 0.248216426"," 0.642114291"," 0.400330836"," 0.120062185","-7.964494e-03"," 0.5626104197","-1.35831642"," 0.1451912653"," 0.039203530"," 0.105253128","-0.116843086","-0.131160973","-0.510508982"," 0.19139239",15,14,"Artemisinin"
"Artemisinin_H10","-0.055087376"," 0.0311418252"," 0.29999329"," 0.6868169497","-0.1583954294","-1.011145423","-0.710284654"," 0.429947593"," 1.656505703","-0.746690832"," 0.560048922","-0.183431902"," 0.008141589","-0.267447423"," 0.650122195"," 0.5072194621"," 0.066545560"," 0.306263113","-0.507660168","-0.64890774"," 0.244054139"," 0.084532500","-0.0024464106"," 8.149687e-02","-0.5681439534","-0.177377579"," 0.358056247"," 0.420165552"," 0.011101964"," 0.1687289822"," 0.166170741","-0.728081661","-0.379962947"," 0.021723160","-0.169148896","-0.392055266","-0.008710034"," 0.169648740"," 0.019035389","-0.900628862","-1.565380e-03"," 0.1220376288","-1.20452025"," 0.0526798522"," 0.889346881","-0.027632947","-0.060951237","-1.084096741","-1.623964955"," 0.18170327",15,14,"Artemisinin"
"MMV43TP1","-0.275157072"," 0.1625214926"," 1.69046452"," 0.2435913510"," 2.2523520403","-1.452641489","-1.765816460","-0.734707814"," 0.047810611"," 0.443278405","-0.216690353","-0.197223611"," 0.595018643","-0.139706324","-0.255337761"," 0.4154293582"," 0.600785037"," 0.395148550","-1.996235327","-1.32560479"," 0.203334995"," 1.254031063","-0.0533904791","-9.997306e-01"," 0.1445662530","-0.031704732"," 0.532516448"," 1.793529151"," 0.968530685"," 0.2851725380"," 1.170161451","-2.677411896"," 0.976733329"," 0.120507436","-0.111644664","-2.018483648","-0.027499611","-0.697088836"," 1.563564367","-1.823447229"," 1.078349e+00"," 1.5576767199","-2.45684398","-0.2046203049","-0.122923564"," 0.561640893","-1.819288493","-1.258128805"," 0.643042479"," 0.55586829",16,15,"MMV43"
"MMV43TP2"," 0.389011985"," 0.1186841805"," 0.40882794"," 0.0879613473"," 0.2061511544"," 0.368515126","-0.773107056"," 0.016163000"," 0.078009449","-0.563937672"," 0.508783542"," 0.748171546","-0.236576519"," 0.211666742"," 0.052163500"," 0.1402604019"," 0.561748952"," 0.401863526","-0.945004587","-0.33383061"," 0.385782865"," 1.076983481","-0.3507312530","-2.893180e-01","-0.3420367928"," 0.319404700","-0.061203338"," 0.643773985"," 0.881933594"," 0.6189263318"," 0.482905287","-0.293848721"," 0.603589488"," 0.670591594","-0.592280970","-0.879987341"," 0.385907740","-0.076247173"," 0.428932938","-1.045746832","-2.124208e-01"," 0.4926348932"," 1.00415380","-0.2442782702","-0.064031513","-0.467914934"," 0.242124350","-0.202434926","-0.263768602","-0.34033097",16,15,"MMV43"
"MMV48TP1","-0.203625718"," 0.0681404219"," 0.69731787","-0.0951679264"," 1.2453495501","-0.403875153","-0.113270107","-0.790445402","-0.577422675"," 0.176876685","-0.528890153","-0.422717144"," 0.670982199"," 0.117190118","-0.320962581","-0.3843709507","-0.888057422"," 0.149915044"," 0.156137939"," 0.01787364"," 0.459741796"," 0.122655249"," 0.4339998958","-2.427428e-01"," 0.1788976151"," 0.203435000"," 0.450154331"," 0.789242769"," 0.060949331","-0.0812756296"," 0.052439855","-2.945437123","-0.309459379","-0.145232768","-0.161396695","-0.316914767","-0.192378423","-0.180678051"," 0.140385160"," 0.218222843"," 7.080128e-01","-0.0005181268","-0.49000247","-0.1714370771","-0.243014365"," 0.121312987","-0.592743387"," 0.054829853"," 0.572232255"," 0.14545066",17,15,"MMV48"
"MMV48TP2"," 0.350709662"," 0.1106589329"," 0.67998710"," 0.0115338926"," 0.2023230195"," 0.485069648","-0.325516024","-0.202464833","-0.076454238","-0.480976849"," 0.074536715"," 0.390246290","-0.136882411"," 0.025646947"," 0.187503074","-0.3968974596"," 0.286702467"," 0.022626976","-0.781503165","-0.06557708"," 0.384511735"," 0.628131651","-0.4110369651","-1.736365e-01","-0.1360117238"," 0.228125548","-0.149640150"," 0.523488541"," 0.472316268"," 0.4951444724"," 0.406865870","-0.568859238"," 0.115992165"," 0.462780806","-0.354471865","-0.649922719"," 0.081549825","-0.354238736"," 0.368958546","-0.856429578"," 1.401634e-01"," 0.2601287718"," 0.76910511"," 0.0438430198"," 0.028056656","-0.391869578"," 0.140822911","-0.108210778","-0.863441471","-0.32174989",17,15,"MMV48"
"DFMO_TP19"," 0.174430658"," 0.0239099543"," 0.17868972"," 0.1469677987"," 0.2328611831"," 1.633967356","-1.976330291"," 0.778083943"," 0.388862554"," 1.179576401"," 0.361795953","-1.471456328","-1.191648115"," 0.045277320","-1.017971762"," 1.0497888544"," 1.126130567"," 0.116718403","-0.353577237","-1.86563928"," 0.014175281"," 0.732361477"," 0.2848862594","-2.043019e+00","-0.1441684374","-0.831360522","-0.071358125","-0.323992131"," 0.019564583"," 0.2416624439"," 0.972571445","-0.023981974"," 1.125165922"," 0.511585960","-1.445888223","-0.512883976"," 0.342164139","-1.451284204"," 0.908110207","-0.394195919"," 2.915346e-01"," 0.6198802668"," 0.23638261","-0.5649608797","-0.193527390"," 0.045121127","-1.036930862","-1.365298808"," 0.891731979","-0.22953144",18,16,"DFMO"
"DFMO_TP27","-0.096675517"," 0.6860368831"," 0.46560877"," 0.1431955876"," 0.3877086541","-0.930395856","-1.734444464"," 0.427801791","-0.357733528"," 3.177751578"," 0.185306402","-0.070648968","-2.682734115"," 0.266612146","-0.396794382"," 1.2331944942"," 1.214635264","-0.197244001","-2.620045503","-2.43196180","-0.060673107"," 0.642829574"," 0.4042682930","-2.445285e+00","-0.1993989378","-0.109346114"," 0.390553634"," 0.134114217"," 0.469267455"," 0.3021529696"," 1.530588883"," 0.254904711"," 1.125552548"," 0.759304597","-4.505518165","-1.466461350"," 0.221111608","-2.584673184"," 0.891228682","-1.306294682"," 3.879044e-01"," 0.7210307502","-0.26107566"," 0.2482913963","-0.026760735","-0.070612109","-1.479569019","-2.192381772"," 0.975111233"," 0.17395878",18,16,"DFMO"
"DFMO_TP34","-0.283709648"," 0.4579177250"," 0.39924445"," 0.2880162764"," 0.7302214197","-3.704243432","-1.709161931"," 0.379439066","-0.566557764"," 0.913119383"," 0.407953669"," 0.006316758","-1.982098265","-0.027879155","-0.535825871"," 1.3628151274"," 1.208540769","-0.586168972","-2.000442328","-2.06214761","-0.046940061"," 0.744439354"," 0.3247240028","-2.057562e+00","-0.0486165477"," 0.167438426"," 0.554517791","-0.045359013"," 0.580795656"," 0.3550427226"," 1.799747194"," 0.212593905"," 1.180166493"," 0.348332760","-2.681380708","-1.162902455"," 0.406236866","-2.344358628"," 1.027919782","-0.988849155"," 2.624496e-01"," 0.5333229018","-3.15623619","-0.0621104799","-0.069499281","-0.020038484","-2.048915720","-2.214968432"," 1.102042390"," 0.40985699",18,16,"DFMO"
"IonoTP1"," 0.377163633"," 0.0111968845"," 0.02186441"," 0.2241584998"," 0.0097418197"," 0.921571428"," 0.198399580","-0.199306982","-0.216786587","-0.162436361","-0.991562164","-0.034512981"," 0.083937400","-0.042178124","-0.029661431","-0.0008665297","-0.236017162","-0.096308134"," 0.465538786","-0.47283748"," 0.043836860"," 0.065354860","-0.2792063359"," 3.084893e-01"," 0.0562253109","-0.047057766"," 0.004175686"," 0.070382372","-0.003562173","-0.1852181550","-0.039893291","-0.025936595","-0.023658936"," 0.194989781","-0.010766066"," 0.070496008","-0.008244235"," 0.819876686","-0.038205217","-0.132386860"," 7.499587e-02","-0.1096855750"," 1.11991925","-0.5098163713"," 0.191686829","-0.043140940"," 0.006529633"," 0.177674911"," 0.040465933"," 0.03240576",19,17,"Iono"
"IonoTP2"," 0.098505433","-0.0115394482"," 0.09183034"," 0.1702104536","-0.0011760972"," 0.373186958"," 0.070144691"," 0.076878131","-0.000185653","-0.281276720","-2.537759995","-0.076771400"," 0.135476076"," 0.117596869","-0.053928502"," 0.0328935788","-0.202803561"," 0.193590799"," 0.385732163","-0.14334597"," 0.003995433","-0.017939960"," 0.0299374458"," 7.906789e-02"," 0.0147014711","-0.112303929"," 0.100399410"," 0.033169517"," 0.058613982","-0.1054190427","-0.069015647","-0.019419145"," 0.067837657"," 0.059911449"," 0.247260522"," 0.102816011","-0.009178910"," 0.336543313","-0.106756807","-0.056671884"," 2.909166e-02","-0.0927352929"," 0.67667185","-0.9313517054","-0.002376034","-0.058883992"," 0.112994092"," 0.159825220"," 0.058187886"," 0.02686898",19,17,"Iono"
"IonoTP3"," 0.093464461"," 0.0416743221","-0.31250065"," 0.0637752828"," 0.0004801794"," 0.445834589","-0.039396185","-0.193175383"," 0.072473136","-0.740008296","-1.257439076","-0.083675433","-0.093479745","-0.038637610"," 0.160165687","-0.0495156815","-0.042722762"," 0.291462868","-0.237027941","-0.14861647","-0.099508754","-0.016070006"," 0.0370580002","-1.080767e-01","-0.1162479404"," 0.051602988","-0.055729560"," 0.003848578","-0.055716125","-0.1540255130"," 0.048690655","-0.223581631","-0.166600996"," 0.162823996"," 0.002017212","-0.341894335","-0.027091497"," 0.324184870","-0.157927696"," 0.007903450","-4.371061e-03","-0.0915628778"," 1.66070809","-0.8848491813","-0.075583343","-0.407654530"," 0.143994632","-0.240987716"," 0.071466465","-0.02942151",19,17,"Iono"
"IonoTP4"," 0.631064984"," 0.1063799661"," 0.02761350"," 0.0394900811"," 0.0136669960"," 1.241414244"," 0.087003914","-0.100355758","-0.113684882"," 0.218154389","-1.781208933","-0.028061217","-0.088535243","-0.020184561","-0.067646715","-0.0721615005","-0.279454501"," 0.094588077"," 0.269508834"," 0.25685826"," 0.068899589","-0.054522043"," 0.0389502980","-1.503257e-02","-0.0498316381","-0.338370249","-0.005795300"," 0.033458053","-0.094646583","-0.1431476585","-0.058593769","-0.174656965","-0.114481393"," 0.185675920"," 0.099509031","-0.244205099"," 0.018398107"," 0.170270524","-0.182153044"," 0.008291304","-1.001362e-01","-0.2161347601"," 2.18954478","-1.6547790884","-0.016805679","-0.539042865"," 0.386833059"," 0.406819899"," 0.085936198","-0.03893425",19,17,"Iono"
"IonoTP5"," 0.662901303","-0.0684146873","-0.39768760","-0.0291621003"," 0.0703536689"," 0.799382734","-0.012280390","-0.086456047"," 0.018567766"," 0.041588702","-1.728970663","-0.031889173"," 0.003720381","-0.287962772","-0.048945695","-0.2279705776","-0.979840106"," 0.195021796"," 0.137545455"," 0.17645833"," 0.183865972","-0.083448088","-0.0871811115","-4.351399e-02","-0.0783876404","-0.440275096","-0.256945941"," 0.033949030","-0.212327696"," 0.0386369126","-0.064230570","-0.168858813","-0.184616457"," 0.221405267"," 0.413792418","-0.616720969"," 0.131805078"," 0.342424650","-0.171806792","-0.019440294","-9.733447e-02","-0.2443699472"," 2.06431252","-1.1615081338","-0.128285099","-0.208239500"," 0.701080955"," 0.286740139"," 0.033689961"," 0.11290492",19,17,"Iono"
